policy_count,dfc_f1,dfc_avg_runtime_ms,dfc_total_cost_usd,gpt_52_query_only_f1,gpt_52_query_only_avg_runtime_ms,gpt_52_query_only_total_cost_usd,gpt_52_query_results_f1,gpt_52_query_results_avg_runtime_ms,gpt_52_query_results_total_cost_usd,opus_46_query_only_f1,opus_46_query_only_avg_runtime_ms,opus_46_query_only_total_cost_usd,opus_46_query_results_f1,opus_46_query_results_avg_runtime_ms,opus_46_query_results_total_cost_usd
1,1.000000,48.385744,0.00027774,0.357143,853.290405,0.02875443,0.400000,825.947888,0.07449052,0.320000,2642.436083,0.14456817,0.400000,2168.044213,0.23726506
2,1.000000,36.435843,0.00020915,0.277778,833.998171,0.02962753,0.410256,834.261249,0.07548569,0.181818,2118.136562,0.11132357,0.378378,3207.185301,0.31386996
4,1.000000,42.298298,0.00024280,0.358974,814.323382,0.03171295,0.285714,796.548008,0.07749276,0.333333,3220.545223,0.20603165,0.536585,4231.138874,0.38432768
8,1.000000,47.951615,0.00027525,0.243243,803.514586,0.03529370,0.142857,752.651941,0.08089479,0.030303,1882.957928,0.11372360,0.266667,4557.402966,0.42659551
16,1.000000,116.944766,0.00067129,0.266667,784.979283,0.04330906,0.243243,807.628135,0.08930691,0.142857,2385.118510,0.16939111,0.333333,6120.447294,0.54963773
32,1.000000,275.070352,0.00157896,0.266667,789.035705,0.06037209,0.452381,826.050813,0.10643002,0.266667,2221.799174,0.20400362,0.522727,6337.038469,0.59762601
