policy_count,dfc_f1,dfc_avg_runtime_ms,dfc_avg_cost_usd,gpt_52_query_only_f1,gpt_52_query_only_avg_runtime_ms,gpt_52_query_only_avg_cost_usd,gpt_52_query_results_f1,gpt_52_query_results_avg_runtime_ms,gpt_52_query_results_avg_cost_usd,opus_46_query_only_f1,opus_46_query_only_avg_runtime_ms,opus_46_query_only_avg_cost_usd,opus_46_query_results_f1,opus_46_query_results_avg_runtime_ms,opus_46_query_results_avg_cost_usd
1,1.000000,48.385744,0.00000427,0.357143,853.290405,0.00044238,0.400000,825.947888,0.00114601,0.320000,2642.436083,0.00222413,0.400000,2168.044213,0.00365023
2,1.000000,36.435843,0.00000322,0.277778,833.998171,0.00045581,0.410256,834.261249,0.00116132,0.181818,2118.136562,0.00171267,0.378378,3207.185301,0.00482877
4,1.000000,42.298298,0.00000374,0.358974,814.323382,0.00048789,0.285714,796.548008,0.00119220,0.333333,3220.545223,0.00316972,0.536585,4231.138874,0.00591273
8,1.000000,47.951615,0.00000423,0.243243,803.514586,0.00054298,0.142857,752.651941,0.00124454,0.030303,1882.957928,0.00174959,0.266667,4557.402966,0.00656301
16,1.000000,116.944766,0.00001033,0.266667,784.979283,0.00066629,0.243243,807.628135,0.00137395,0.142857,2385.118510,0.00260602,0.333333,6120.447294,0.00845597
32,1.000000,275.070352,0.00002429,0.266667,789.035705,0.00092880,0.452381,826.050813,0.00163738,0.266667,2221.799174,0.00313852,0.522727,6337.038469,0.00919425
