source_section,status,link_occurrences,target_count,fetched_utc,url,error
1,ok,33,20,2026-08-08T23:45:28.248481+00:00,https://www.law.cornell.edu/uscode/text/26/1,
2,ok,6,5,2026-08-08T23:47:02.021763+00:00,https://www.law.cornell.edu/uscode/text/26/2,
3,ok,1,1,2026-08-08T23:47:12.145564+00:00,https://www.law.cornell.edu/uscode/text/26/3,
4,ok,0,0,2026-08-08T23:47:22.670205+00:00,https://www.law.cornell.edu/uscode/text/26/4,
5,ok,0,0,2026-08-08T23:47:33.098474+00:00,https://www.law.cornell.edu/uscode/text/26/5,
11,ok,1,1,2026-08-08T23:47:43.633329+00:00,https://www.law.cornell.edu/uscode/text/26/11,
12,ok,0,0,2026-08-08T23:47:54.242369+00:00,https://www.law.cornell.edu/uscode/text/26/12,
15,ok,0,0,2026-08-08T23:48:05.233091+00:00,https://www.law.cornell.edu/uscode/text/26/15,
21,ok,4,2,2026-08-08T23:48:17.062081+00:00,https://www.law.cornell.edu/uscode/text/26/21,
22,ok,2,2,2026-08-08T23:48:26.185075+00:00,https://www.law.cornell.edu/uscode/text/26/22,
23,ok,3,2,2026-08-08T23:48:36.172506+00:00,https://www.law.cornell.edu/uscode/text/26/23,
24,ok,15,10,2026-08-08T23:48:46.713761+00:00,https://www.law.cornell.edu/uscode/text/26/24,
25,ok,8,3,2026-08-08T23:48:57.275692+00:00,https://www.law.cornell.edu/uscode/text/26/25,
25A,ok,3,3,2026-08-08T23:49:07.824262+00:00,https://www.law.cornell.edu/uscode/text/26/25A,
25B,ok,5,5,2026-08-08T23:49:18.207379+00:00,https://www.law.cornell.edu/uscode/text/26/25B,
25C,ok,7,6,2026-08-08T23:49:29.752949+00:00,https://www.law.cornell.edu/uscode/text/26/25C,
25D,ok,4,3,2026-08-08T23:49:39.234161+00:00,https://www.law.cornell.edu/uscode/text/26/25D,
25E,ok,3,1,2026-08-08T23:49:49.707460+00:00,https://www.law.cornell.edu/uscode/text/26/25E,
25F,ok,2,2,2026-08-08T23:50:00.126918+00:00,https://www.law.cornell.edu/uscode/text/26/25F,
26,ok,1,1,2026-08-08T23:50:10.669389+00:00,https://www.law.cornell.edu/uscode/text/26/26,
27,ok,1,1,2026-08-08T23:50:21.216314+00:00,https://www.law.cornell.edu/uscode/text/26/27,
28,ok,0,0,2026-08-08T23:50:31.599730+00:00,https://www.law.cornell.edu/uscode/text/26/28,
29,ok,0,0,2026-08-08T23:50:42.090296+00:00,https://www.law.cornell.edu/uscode/text/26/29,
30,ok,0,0,2026-08-08T23:50:52.599041+00:00,https://www.law.cornell.edu/uscode/text/26/30,
30A,ok,0,0,2026-08-08T23:51:03.134416+00:00,https://www.law.cornell.edu/uscode/text/26/30A,
30B,ok,4,3,2026-08-08T23:51:13.636402+00:00,https://www.law.cornell.edu/uscode/text/26/30B,
30C,ok,8,5,2026-08-08T23:51:37.847037+00:00,https://www.law.cornell.edu/uscode/text/26/30C,
30D,ok,4,4,2026-08-08T23:51:41.623391+00:00,https://www.law.cornell.edu/uscode/text/26/30D,
31,ok,1,1,2026-08-08T23:51:54.375289+00:00,https://www.law.cornell.edu/uscode/text/26/31,
32,ok,7,5,2026-08-08T23:52:00.508192+00:00,https://www.law.cornell.edu/uscode/text/26/32,
33,ok,0,0,2026-08-08T23:52:10.261747+00:00,https://www.law.cornell.edu/uscode/text/26/33,
34,ok,4,3,2026-08-08T23:52:20.623871+00:00,https://www.law.cornell.edu/uscode/text/26/34,
35,ok,20,13,2026-08-08T23:52:31.070420+00:00,https://www.law.cornell.edu/uscode/text/26/35,
36,ok,7,6,2026-08-08T23:52:41.727491+00:00,https://www.law.cornell.edu/uscode/text/26/36,
36A,ok,0,0,2026-08-08T23:52:52.136454+00:00,https://www.law.cornell.edu/uscode/text/26/36A,
36B,ok,7,5,2026-08-08T23:53:02.560060+00:00,https://www.law.cornell.edu/uscode/text/26/36B,
36C,ok,0,0,2026-08-08T23:53:13.204601+00:00,https://www.law.cornell.edu/uscode/text/26/36C,
37,ok,0,0,2026-08-08T23:53:23.540215+00:00,https://www.law.cornell.edu/uscode/text/26/37,
38,ok,17,15,2026-08-08T23:53:38.623556+00:00,https://www.law.cornell.edu/uscode/text/26/38,
39,ok,5,2,2026-08-08T23:53:52.777293+00:00,https://www.law.cornell.edu/uscode/text/26/39,
40,ok,3,3,2026-08-08T23:54:05.721176+00:00,https://www.law.cornell.edu/uscode/text/26/40,
40A,ok,6,5,2026-08-08T23:54:22.733891+00:00,https://www.law.cornell.edu/uscode/text/26/40A,
40B,ok,1,1,2026-08-08T23:54:24.496349+00:00,https://www.law.cornell.edu/uscode/text/26/40B,
41,ok,15,11,2026-08-08T23:54:33.976870+00:00,https://www.law.cornell.edu/uscode/text/26/41,
42,ok,13,11,2026-08-08T23:54:44.688372+00:00,https://www.law.cornell.edu/uscode/text/26/42,
43,ok,9,5,2026-08-08T23:54:55.519406+00:00,https://www.law.cornell.edu/uscode/text/26/43,
44,ok,0,0,2026-08-08T23:55:05.492649+00:00,https://www.law.cornell.edu/uscode/text/26/44,
44A,ok,0,0,2026-08-08T23:55:16.057566+00:00,https://www.law.cornell.edu/uscode/text/26/44A,
44B,ok,0,0,2026-08-08T23:55:26.448434+00:00,https://www.law.cornell.edu/uscode/text/26/44B,
44C,ok,0,0,2026-08-08T23:55:36.958260+00:00,https://www.law.cornell.edu/uscode/text/26/44C,
44D,ok,0,0,2026-08-08T23:55:47.408446+00:00,https://www.law.cornell.edu/uscode/text/26/44D,
44E,ok,0,0,2026-08-08T23:55:57.923042+00:00,https://www.law.cornell.edu/uscode/text/26/44E,
44F,ok,0,0,2026-08-08T23:56:08.417485+00:00,https://www.law.cornell.edu/uscode/text/26/44F,
44G,ok,0,0,2026-08-08T23:56:18.971813+00:00,https://www.law.cornell.edu/uscode/text/26/44G,
44H,ok,0,0,2026-08-08T23:56:29.406282+00:00,https://www.law.cornell.edu/uscode/text/26/44H,
45,ok,15,11,2026-08-08T23:56:39.926922+00:00,https://www.law.cornell.edu/uscode/text/26/45,
45A,ok,6,6,2026-08-08T23:56:50.672087+00:00,https://www.law.cornell.edu/uscode/text/26/45A,
45AA,ok,3,2,2026-08-09T00:01:23.700719+00:00,https://www.law.cornell.edu/uscode/text/26/45AA,
45B,ok,2,2,2026-08-08T23:57:00.995477+00:00,https://www.law.cornell.edu/uscode/text/26/45B,
45C,ok,6,2,2026-08-08T23:57:11.457814+00:00,https://www.law.cornell.edu/uscode/text/26/45C,
45D,ok,10,10,2026-08-08T23:57:22.408202+00:00,https://www.law.cornell.edu/uscode/text/26/45D,
45E,ok,2,2,2026-08-08T23:57:32.875060+00:00,https://www.law.cornell.edu/uscode/text/26/45E,
45F,ok,5,3,2026-08-08T23:57:46.779744+00:00,https://www.law.cornell.edu/uscode/text/26/45F,
45G,ok,1,1,2026-08-08T23:57:59.096759+00:00,https://www.law.cornell.edu/uscode/text/26/45G,
45H,ok,1,1,2026-08-08T23:58:13.143746+00:00,https://www.law.cornell.edu/uscode/text/26/45H,
45I,ok,3,2,2026-08-08T23:58:18.245699+00:00,https://www.law.cornell.edu/uscode/text/26/45I,
45J,ok,4,2,2026-08-08T23:58:29.216733+00:00,https://www.law.cornell.edu/uscode/text/26/45J,
45K,ok,9,7,2026-08-08T23:58:35.482527+00:00,https://www.law.cornell.edu/uscode/text/26/45K,
45L,ok,3,3,2026-08-08T23:58:46.088274+00:00,https://www.law.cornell.edu/uscode/text/26/45L,
45M,ok,0,0,2026-08-08T23:58:56.539082+00:00,https://www.law.cornell.edu/uscode/text/26/45M,
45N,ok,1,1,2026-08-08T23:59:06.928315+00:00,https://www.law.cornell.edu/uscode/text/26/45N,
45O,ok,1,1,2026-08-08T23:59:17.528755+00:00,https://www.law.cornell.edu/uscode/text/26/45O,
45P,ok,3,3,2026-08-08T23:59:27.960232+00:00,https://www.law.cornell.edu/uscode/text/26/45P,
45Q,ok,9,5,2026-08-08T23:59:38.555639+00:00,https://www.law.cornell.edu/uscode/text/26/45Q,
45R,ok,6,6,2026-08-08T23:59:49.097489+00:00,https://www.law.cornell.edu/uscode/text/26/45R,
45S,ok,4,4,2026-08-08T23:59:59.520851+00:00,https://www.law.cornell.edu/uscode/text/26/45S,
45T,ok,1,1,2026-08-09T00:00:10.010099+00:00,https://www.law.cornell.edu/uscode/text/26/45T,
45U,ok,3,2,2026-08-09T00:00:21.451137+00:00,https://www.law.cornell.edu/uscode/text/26/45U,
45V,ok,5,2,2026-08-09T00:00:34.897451+00:00,https://www.law.cornell.edu/uscode/text/26/45V,
45W,ok,2,2,2026-08-09T00:00:50.089956+00:00,https://www.law.cornell.edu/uscode/text/26/45W,
45X,ok,5,3,2026-08-09T00:00:55.081823+00:00,https://www.law.cornell.edu/uscode/text/26/45X,
45Y,ok,21,13,2026-08-09T00:01:05.298702+00:00,https://www.law.cornell.edu/uscode/text/26/45Y,
45Z,ok,10,7,2026-08-09T00:01:13.075601+00:00,https://www.law.cornell.edu/uscode/text/26/45Z,
46,ok,0,0,2026-08-09T00:01:33.951759+00:00,https://www.law.cornell.edu/uscode/text/26/46,
47,ok,2,2,2026-08-09T00:01:44.670597+00:00,https://www.law.cornell.edu/uscode/text/26/47,
48,ok,19,7,2026-08-09T00:01:55.079818+00:00,https://www.law.cornell.edu/uscode/text/26/48,
48A,ok,2,2,2026-08-09T00:02:05.757813+00:00,https://www.law.cornell.edu/uscode/text/26/48A,
48B,ok,2,2,2026-08-09T00:02:16.039599+00:00,https://www.law.cornell.edu/uscode/text/26/48B,
48C,ok,3,2,2026-08-09T00:02:26.495913+00:00,https://www.law.cornell.edu/uscode/text/26/48C,
48D,ok,5,3,2026-08-09T00:02:37.040093+00:00,https://www.law.cornell.edu/uscode/text/26/48D,
48E,ok,21,10,2026-08-09T00:02:47.519716+00:00,https://www.law.cornell.edu/uscode/text/26/48E,
49,ok,2,2,2026-08-09T00:02:58.098206+00:00,https://www.law.cornell.edu/uscode/text/26/49,
50,ok,17,10,2026-08-09T00:03:08.563682+00:00,https://www.law.cornell.edu/uscode/text/26/50,
51,ok,6,3,2026-08-09T00:03:19.058163+00:00,https://www.law.cornell.edu/uscode/text/26/51,
51A,ok,0,0,2026-08-09T00:03:29.773442+00:00,https://www.law.cornell.edu/uscode/text/26/51A,
52,ok,2,1,2026-08-09T00:03:40.214921+00:00,https://www.law.cornell.edu/uscode/text/26/52,
53,ok,1,1,2026-08-09T00:03:50.490027+00:00,https://www.law.cornell.edu/uscode/text/26/53,
54,ok,0,0,2026-08-09T00:04:01.106038+00:00,https://www.law.cornell.edu/uscode/text/26/54,
54A...54F,http_404,0,0,2026-08-09T00:04:11.442909+00:00,https://www.law.cornell.edu/uscode/text/26/54A...54F,
54AA,ok,0,0,2026-08-09T00:04:21.894834+00:00,https://www.law.cornell.edu/uscode/text/26/54AA,
55,ok,7,7,2026-08-09T00:04:32.548071+00:00,https://www.law.cornell.edu/uscode/text/26/55,
56,ok,31,22,2026-08-09T00:04:43.174114+00:00,https://www.law.cornell.edu/uscode/text/26/56,
56A,ok,9,8,2026-08-09T00:04:53.662223+00:00,https://www.law.cornell.edu/uscode/text/26/56A,
57,ok,13,8,2026-08-09T00:05:04.090275+00:00,https://www.law.cornell.edu/uscode/text/26/57,
58,ok,7,3,2026-08-09T00:05:16.046439+00:00,https://www.law.cornell.edu/uscode/text/26/58,
59,ok,15,11,2026-08-09T00:05:25.882182+00:00,https://www.law.cornell.edu/uscode/text/26/59,
59A,ok,24,17,2026-08-09T00:05:35.647234+00:00,https://www.law.cornell.edu/uscode/text/26/59A,
59B,ok,0,0,2026-08-09T00:05:46.067649+00:00,https://www.law.cornell.edu/uscode/text/26/59B,
61,ok,0,0,2026-08-09T00:05:57.069815+00:00,https://www.law.cornell.edu/uscode/text/26/61,
62,ok,8,5,2026-08-09T00:06:07.114351+00:00,https://www.law.cornell.edu/uscode/text/26/62,
63,ok,3,3,2026-08-09T00:06:17.677795+00:00,https://www.law.cornell.edu/uscode/text/26/63,
64,ok,1,1,2026-08-09T00:06:28.052782+00:00,https://www.law.cornell.edu/uscode/text/26/64,
65,ok,0,0,2026-08-09T00:06:38.540982+00:00,https://www.law.cornell.edu/uscode/text/26/65,
66,ok,1,1,2026-08-09T00:06:48.935257+00:00,https://www.law.cornell.edu/uscode/text/26/66,
67,ok,6,4,2026-08-09T00:06:59.514516+00:00,https://www.law.cornell.edu/uscode/text/26/67,
68,ok,0,0,2026-08-09T00:07:10.013389+00:00,https://www.law.cornell.edu/uscode/text/26/68,
71,ok,0,0,2026-08-09T00:07:20.481612+00:00,https://www.law.cornell.edu/uscode/text/26/71,
72,ok,41,20,2026-08-09T00:07:30.956958+00:00,https://www.law.cornell.edu/uscode/text/26/72,
73,ok,0,0,2026-08-09T00:07:41.878313+00:00,https://www.law.cornell.edu/uscode/text/26/73,
74,ok,1,1,2026-08-09T00:07:51.942445+00:00,https://www.law.cornell.edu/uscode/text/26/74,
75,ok,1,1,2026-08-09T00:08:02.590161+00:00,https://www.law.cornell.edu/uscode/text/26/75,
76,ok,0,0,2026-08-09T00:08:12.991966+00:00,https://www.law.cornell.edu/uscode/text/26/76,
77,ok,0,0,2026-08-09T00:08:23.481973+00:00,https://www.law.cornell.edu/uscode/text/26/77,
78,ok,1,1,2026-08-09T00:08:33.991612+00:00,https://www.law.cornell.edu/uscode/text/26/78,
79,ok,9,6,2026-08-09T00:08:44.950838+00:00,https://www.law.cornell.edu/uscode/text/26/79,
80,ok,2,2,2026-08-09T00:08:57.163649+00:00,https://www.law.cornell.edu/uscode/text/26/80,
81,ok,0,0,2026-08-09T00:09:09.774895+00:00,https://www.law.cornell.edu/uscode/text/26/81,
82,ok,0,0,2026-08-09T00:09:23.151736+00:00,https://www.law.cornell.edu/uscode/text/26/82,
83,ok,14,14,2026-08-09T00:09:35.792362+00:00,https://www.law.cornell.edu/uscode/text/26/83,
84,ok,0,0,2026-08-09T00:09:40.290925+00:00,https://www.law.cornell.edu/uscode/text/26/84,
85,ok,0,0,2026-08-09T00:09:47.459824+00:00,https://www.law.cornell.edu/uscode/text/26/85,
86,ok,4,4,2026-08-09T00:09:58.417171+00:00,https://www.law.cornell.edu/uscode/text/26/86,
87,ok,0,0,2026-08-09T00:10:08.553648+00:00,https://www.law.cornell.edu/uscode/text/26/87,
88,ok,0,0,2026-08-09T00:10:19.073861+00:00,https://www.law.cornell.edu/uscode/text/26/88,
89,ok,0,0,2026-08-09T00:10:29.492629+00:00,https://www.law.cornell.edu/uscode/text/26/89,
90,ok,0,0,2026-08-09T00:10:40.071102+00:00,https://www.law.cornell.edu/uscode/text/26/90,
91,ok,1,1,2026-08-09T00:10:50.459437+00:00,https://www.law.cornell.edu/uscode/text/26/91,
101,ok,9,8,2026-08-09T00:11:00.992091+00:00,https://www.law.cornell.edu/uscode/text/26/101,
102,ok,0,0,2026-08-09T00:11:12.850971+00:00,https://www.law.cornell.edu/uscode/text/26/102,
103,ok,2,2,2026-08-09T00:11:21.992252+00:00,https://www.law.cornell.edu/uscode/text/26/103,
103A,ok,0,0,2026-08-09T00:11:46.232757+00:00,https://www.law.cornell.edu/uscode/text/26/103A,
104,ok,1,1,2026-08-09T00:11:54.039788+00:00,https://www.law.cornell.edu/uscode/text/26/104,
105,ok,4,4,2026-08-09T00:12:02.879770+00:00,https://www.law.cornell.edu/uscode/text/26/105,
106,ok,9,7,2026-08-09T00:12:08.026300+00:00,https://www.law.cornell.edu/uscode/text/26/106,
107,ok,0,0,2026-08-09T00:12:18.556426+00:00,https://www.law.cornell.edu/uscode/text/26/107,
108,ok,12,9,2026-08-09T00:12:28.931888+00:00,https://www.law.cornell.edu/uscode/text/26/108,
109,ok,0,0,2026-08-09T00:12:39.614245+00:00,https://www.law.cornell.edu/uscode/text/26/109,
110,ok,2,1,2026-08-09T00:12:49.893814+00:00,https://www.law.cornell.edu/uscode/text/26/110,
111,ok,0,0,2026-08-09T00:13:00.435655+00:00,https://www.law.cornell.edu/uscode/text/26/111,
112,ok,0,0,2026-08-09T00:13:10.946213+00:00,https://www.law.cornell.edu/uscode/text/26/112,
113,ok,0,0,2026-08-09T00:13:23.861755+00:00,https://www.law.cornell.edu/uscode/text/26/113,
114,ok,0,0,2026-08-09T00:13:38.795874+00:00,https://www.law.cornell.edu/uscode/text/26/114,
115,ok,0,0,2026-08-09T00:13:53.129271+00:00,https://www.law.cornell.edu/uscode/text/26/115,
116,ok,0,0,2026-08-09T00:14:02.230434+00:00,https://www.law.cornell.edu/uscode/text/26/116,
117,ok,2,2,2026-08-09T00:14:06.881463+00:00,https://www.law.cornell.edu/uscode/text/26/117,
118,ok,1,1,2026-08-09T00:14:16.076225+00:00,https://www.law.cornell.edu/uscode/text/26/118,
119,ok,1,1,2026-08-09T00:14:25.377154+00:00,https://www.law.cornell.edu/uscode/text/26/119,
120,ok,0,0,2026-08-09T00:14:36.047966+00:00,https://www.law.cornell.edu/uscode/text/26/120,
121,ok,6,6,2026-08-09T00:14:46.341008+00:00,https://www.law.cornell.edu/uscode/text/26/121,
122,ok,0,0,2026-08-09T00:14:58.176201+00:00,https://www.law.cornell.edu/uscode/text/26/122,
123,ok,0,0,2026-08-09T00:15:07.355560+00:00,https://www.law.cornell.edu/uscode/text/26/123,
124,ok,0,0,2026-08-09T00:15:17.863788+00:00,https://www.law.cornell.edu/uscode/text/26/124,
125,ok,6,6,2026-08-09T00:15:28.310972+00:00,https://www.law.cornell.edu/uscode/text/26/125,
126,ok,2,2,2026-08-09T00:15:38.973655+00:00,https://www.law.cornell.edu/uscode/text/26/126,
127,ok,4,4,2026-08-09T00:15:49.531945+00:00,https://www.law.cornell.edu/uscode/text/26/127,
128,ok,0,0,2026-08-09T00:16:00.973792+00:00,https://www.law.cornell.edu/uscode/text/26/128,
129,ok,5,5,2026-08-09T00:16:14.695717+00:00,https://www.law.cornell.edu/uscode/text/26/129,
130,ok,0,0,2026-08-09T00:16:28.201417+00:00,https://www.law.cornell.edu/uscode/text/26/130,
131,ok,0,0,2026-08-09T00:16:38.940995+00:00,https://www.law.cornell.edu/uscode/text/26/131,
132,ok,4,4,2026-08-09T00:16:45.879444+00:00,https://www.law.cornell.edu/uscode/text/26/132,
133,ok,0,0,2026-08-09T00:16:57.616310+00:00,https://www.law.cornell.edu/uscode/text/26/133,
134,ok,0,0,2026-08-09T00:17:02.883661+00:00,https://www.law.cornell.edu/uscode/text/26/134,
135,ok,5,4,2026-08-09T00:17:13.369678+00:00,https://www.law.cornell.edu/uscode/text/26/135,
136,ok,0,0,2026-08-09T00:17:23.925533+00:00,https://www.law.cornell.edu/uscode/text/26/136,
137,ok,3,2,2026-08-09T00:17:34.331207+00:00,https://www.law.cornell.edu/uscode/text/26/137,
138,ok,6,1,2026-08-09T00:17:44.905266+00:00,https://www.law.cornell.edu/uscode/text/26/138,
139,ok,2,2,2026-08-09T00:17:55.359077+00:00,https://www.law.cornell.edu/uscode/text/26/139,
139A,ok,0,0,2026-08-09T00:18:05.862971+00:00,https://www.law.cornell.edu/uscode/text/26/139A,
139B,ok,2,2,2026-08-09T00:18:16.338354+00:00,https://www.law.cornell.edu/uscode/text/26/139B,
139C,ok,0,0,2026-08-09T00:18:26.839327+00:00,https://www.law.cornell.edu/uscode/text/26/139C,
139D,ok,0,0,2026-08-09T00:18:37.363549+00:00,https://www.law.cornell.edu/uscode/text/26/139D,
139E,ok,0,0,2026-08-09T00:18:47.864640+00:00,https://www.law.cornell.edu/uscode/text/26/139E,
139F,ok,0,0,2026-08-09T00:18:58.348336+00:00,https://www.law.cornell.edu/uscode/text/26/139F,
139G,ok,0,0,2026-08-09T00:19:08.843666+00:00,https://www.law.cornell.edu/uscode/text/26/139G,
139H,ok,0,0,2026-08-09T00:19:19.356472+00:00,https://www.law.cornell.edu/uscode/text/26/139H,
139I,ok,0,0,2026-08-09T00:19:29.805714+00:00,https://www.law.cornell.edu/uscode/text/26/139I,
139J,ok,1,1,2026-08-09T00:19:40.385361+00:00,https://www.law.cornell.edu/uscode/text/26/139J,
139K,ok,0,0,2026-08-09T00:19:50.876636+00:00,https://www.law.cornell.edu/uscode/text/26/139K,
139L,ok,2,2,2026-08-09T00:20:01.352862+00:00,https://www.law.cornell.edu/uscode/text/26/139L,
140,ok,0,0,2026-08-09T00:20:11.875402+00:00,https://www.law.cornell.edu/uscode/text/26/140,
141,ok,5,3,2026-08-09T00:20:22.393929+00:00,https://www.law.cornell.edu/uscode/text/26/141,
142,ok,12,8,2026-08-09T00:20:34.003273+00:00,https://www.law.cornell.edu/uscode/text/26/142,
143,ok,9,7,2026-08-09T00:20:43.588317+00:00,https://www.law.cornell.edu/uscode/text/26/143,
144,ok,7,6,2026-08-09T00:20:56.634703+00:00,https://www.law.cornell.edu/uscode/text/26/144,
145,ok,7,6,2026-08-09T00:21:05.676631+00:00,https://www.law.cornell.edu/uscode/text/26/145,
146,ok,6,4,2026-08-09T00:21:15.072538+00:00,https://www.law.cornell.edu/uscode/text/26/146,
147,ok,6,5,2026-08-09T00:21:25.511265+00:00,https://www.law.cornell.edu/uscode/text/26/147,
148,ok,7,7,2026-08-09T00:21:36.217387+00:00,https://www.law.cornell.edu/uscode/text/26/148,
149,ok,11,5,2026-08-09T00:21:46.544709+00:00,https://www.law.cornell.edu/uscode/text/26/149,
150,ok,5,3,2026-08-09T00:21:56.982750+00:00,https://www.law.cornell.edu/uscode/text/26/150,
151,ok,1,1,2026-08-09T00:22:09.200845+00:00,https://www.law.cornell.edu/uscode/text/26/151,
152,ok,7,4,2026-08-09T00:22:18.096832+00:00,https://www.law.cornell.edu/uscode/text/26/152,
153,ok,0,0,2026-08-09T00:22:28.513364+00:00,https://www.law.cornell.edu/uscode/text/26/153,
161,ok,0,0,2026-08-09T00:22:38.834797+00:00,https://www.law.cornell.edu/uscode/text/26/161,
162,ok,18,13,2026-08-09T00:22:49.387264+00:00,https://www.law.cornell.edu/uscode/text/26/162,
163,ok,25,20,2026-08-09T00:23:00.158431+00:00,https://www.law.cornell.edu/uscode/text/26/163,
164,ok,5,5,2026-08-09T00:23:10.613242+00:00,https://www.law.cornell.edu/uscode/text/26/164,
165,ok,6,6,2026-08-09T00:23:21.054822+00:00,https://www.law.cornell.edu/uscode/text/26/165,
166,ok,1,1,2026-08-09T00:23:31.546988+00:00,https://www.law.cornell.edu/uscode/text/26/166,
167,ok,18,13,2026-08-09T00:23:41.888769+00:00,https://www.law.cornell.edu/uscode/text/26/167,
168,ok,46,18,2026-08-09T00:23:52.538107+00:00,https://www.law.cornell.edu/uscode/text/26/168,
169,ok,1,1,2026-08-09T00:24:03.339260+00:00,https://www.law.cornell.edu/uscode/text/26/169,
170,ok,50,32,2026-08-09T00:24:13.403516+00:00,https://www.law.cornell.edu/uscode/text/26/170,
171,ok,1,1,2026-08-09T00:24:24.880772+00:00,https://www.law.cornell.edu/uscode/text/26/171,
172,ok,15,10,2026-08-09T00:25:01.094491+00:00,https://www.law.cornell.edu/uscode/text/26/172,
173,ok,0,0,2026-08-09T00:25:16.236940+00:00,https://www.law.cornell.edu/uscode/text/26/173,
174,ok,1,1,2026-08-09T00:25:20.406362+00:00,https://www.law.cornell.edu/uscode/text/26/174,
174A,ok,1,1,2026-08-09T00:25:30.945608+00:00,https://www.law.cornell.edu/uscode/text/26/174A,
175,ok,0,0,2026-08-09T00:25:41.723484+00:00,https://www.law.cornell.edu/uscode/text/26/175,
176,ok,1,1,2026-08-09T00:25:51.949814+00:00,https://www.law.cornell.edu/uscode/text/26/176,
177,ok,0,0,2026-08-09T00:26:02.524772+00:00,https://www.law.cornell.edu/uscode/text/26/177,
178,ok,0,0,2026-08-09T00:26:12.938775+00:00,https://www.law.cornell.edu/uscode/text/26/178,
179,ok,7,7,2026-08-09T00:26:23.428029+00:00,https://www.law.cornell.edu/uscode/text/26/179,
179A,ok,0,0,2026-08-09T00:26:34.044483+00:00,https://www.law.cornell.edu/uscode/text/26/179A,
179B,ok,3,3,2026-08-09T00:26:44.470756+00:00,https://www.law.cornell.edu/uscode/text/26/179B,
179C,ok,2,2,2026-08-09T00:26:54.942516+00:00,https://www.law.cornell.edu/uscode/text/26/179C,
179D,ok,2,1,2026-08-09T00:27:05.453282+00:00,https://www.law.cornell.edu/uscode/text/26/179D,
179E,ok,0,0,2026-08-09T00:27:16.033055+00:00,https://www.law.cornell.edu/uscode/text/26/179E,
180,ok,0,0,2026-08-09T00:27:26.450499+00:00,https://www.law.cornell.edu/uscode/text/26/180,
181,ok,2,2,2026-08-09T00:27:37.007353+00:00,https://www.law.cornell.edu/uscode/text/26/181,
182,ok,0,0,2026-08-09T00:27:47.499638+00:00,https://www.law.cornell.edu/uscode/text/26/182,
183,ok,1,1,2026-08-09T00:27:58.008100+00:00,https://www.law.cornell.edu/uscode/text/26/183,
184,ok,0,0,2026-08-09T00:28:08.459758+00:00,https://www.law.cornell.edu/uscode/text/26/184,
185,ok,0,0,2026-08-09T00:28:18.926602+00:00,https://www.law.cornell.edu/uscode/text/26/185,
186,ok,4,1,2026-08-09T00:28:29.413466+00:00,https://www.law.cornell.edu/uscode/text/26/186,
187,ok,0,0,2026-08-09T00:28:40.041244+00:00,https://www.law.cornell.edu/uscode/text/26/187,
188,ok,0,0,2026-08-09T00:28:51.576102+00:00,https://www.law.cornell.edu/uscode/text/26/188,
189,ok,0,0,2026-08-09T00:29:01.497908+00:00,https://www.law.cornell.edu/uscode/text/26/189,
190,ok,0,0,2026-08-09T00:29:20.562005+00:00,https://www.law.cornell.edu/uscode/text/26/190,
191,ok,0,0,2026-08-09T00:29:36.630011+00:00,https://www.law.cornell.edu/uscode/text/26/191,
192,ok,3,2,2026-08-09T00:29:45.813542+00:00,https://www.law.cornell.edu/uscode/text/26/192,
193,ok,0,0,2026-08-09T00:29:57.211299+00:00,https://www.law.cornell.edu/uscode/text/26/193,
194,ok,1,1,2026-08-09T00:29:59.519942+00:00,https://www.law.cornell.edu/uscode/text/26/194,
194A,ok,0,0,2026-08-09T00:30:08.849251+00:00,https://www.law.cornell.edu/uscode/text/26/194A,
195,ok,0,0,2026-08-09T00:30:19.308763+00:00,https://www.law.cornell.edu/uscode/text/26/195,
196,ok,4,3,2026-08-09T00:30:29.851258+00:00,https://www.law.cornell.edu/uscode/text/26/196,
197,ok,6,4,2026-08-09T00:30:40.366638+00:00,https://www.law.cornell.edu/uscode/text/26/197,
198,ok,5,5,2026-08-09T00:30:51.020299+00:00,https://www.law.cornell.edu/uscode/text/26/198,
198A,ok,0,0,2026-08-09T00:31:01.447105+00:00,https://www.law.cornell.edu/uscode/text/26/198A,
199,ok,0,0,2026-08-09T00:31:12.740169+00:00,https://www.law.cornell.edu/uscode/text/26/199,
199A,ok,20,16,2026-08-09T00:31:22.504616+00:00,https://www.law.cornell.edu/uscode/text/26/199A,
211,ok,0,0,2026-08-09T00:31:33.764346+00:00,https://www.law.cornell.edu/uscode/text/26/211,
212,ok,0,0,2026-08-09T00:31:53.615743+00:00,https://www.law.cornell.edu/uscode/text/26/212,
213,ok,10,5,2026-08-09T00:32:07.692997+00:00,https://www.law.cornell.edu/uscode/text/26/213,
214,ok,0,0,2026-08-09T00:32:18.994827+00:00,https://www.law.cornell.edu/uscode/text/26/214,
215,ok,0,0,2026-08-09T00:32:27.588726+00:00,https://www.law.cornell.edu/uscode/text/26/215,
216,ok,5,4,2026-08-09T00:32:32.237336+00:00,https://www.law.cornell.edu/uscode/text/26/216,
217,ok,0,0,2026-08-09T00:32:41.375867+00:00,https://www.law.cornell.edu/uscode/text/26/217,
218,ok,0,0,2026-08-09T00:32:51.253655+00:00,https://www.law.cornell.edu/uscode/text/26/218,
219,ok,17,12,2026-08-09T00:33:01.688850+00:00,https://www.law.cornell.edu/uscode/text/26/219,
220,ok,16,12,2026-08-09T00:33:12.392880+00:00,https://www.law.cornell.edu/uscode/text/26/220,
221,ok,9,9,2026-08-09T00:33:22.885889+00:00,https://www.law.cornell.edu/uscode/text/26/221,
222,ok,0,0,2026-08-09T00:33:33.260049+00:00,https://www.law.cornell.edu/uscode/text/26/222,
223,ok,11,9,2026-08-09T00:33:43.682204+00:00,https://www.law.cornell.edu/uscode/text/26/223,
224,ok,2,2,2026-08-09T00:33:54.348426+00:00,https://www.law.cornell.edu/uscode/text/26/224,
225,ok,3,3,2026-08-09T00:34:04.712652+00:00,https://www.law.cornell.edu/uscode/text/26/225,
226,ok,0,0,2026-08-09T00:34:15.227439+00:00,https://www.law.cornell.edu/uscode/text/26/226,
241,ok,0,0,2026-08-09T00:34:25.735816+00:00,https://www.law.cornell.edu/uscode/text/26/241,
242,ok,0,0,2026-08-09T00:34:36.217273+00:00,https://www.law.cornell.edu/uscode/text/26/242,
243,ok,4,2,2026-08-09T00:34:46.703613+00:00,https://www.law.cornell.edu/uscode/text/26/243,
244,ok,0,0,2026-08-09T00:34:57.540260+00:00,https://www.law.cornell.edu/uscode/text/26/244,
245,ok,8,7,2026-08-09T00:35:07.735622+00:00,https://www.law.cornell.edu/uscode/text/26/245,
245A,ok,7,6,2026-08-09T00:35:18.382991+00:00,https://www.law.cornell.edu/uscode/text/26/245A,
246,ok,8,5,2026-08-09T00:35:28.758484+00:00,https://www.law.cornell.edu/uscode/text/26/246,
246A,ok,7,3,2026-08-09T00:35:39.280868+00:00,https://www.law.cornell.edu/uscode/text/26/246A,
247,ok,1,1,2026-08-09T00:35:49.751221+00:00,https://www.law.cornell.edu/uscode/text/26/247,
248,ok,0,0,2026-08-09T00:36:00.262506+00:00,https://www.law.cornell.edu/uscode/text/26/248,
249,ok,2,2,2026-08-09T00:36:10.709332+00:00,https://www.law.cornell.edu/uscode/text/26/249,
250,ok,5,4,2026-08-09T00:36:21.241091+00:00,https://www.law.cornell.edu/uscode/text/26/250,
261,ok,0,0,2026-08-09T00:36:31.778763+00:00,https://www.law.cornell.edu/uscode/text/26/261,
262,ok,0,0,2026-08-09T00:36:42.190240+00:00,https://www.law.cornell.edu/uscode/text/26/262,
263,ok,14,13,2026-08-09T00:36:52.715306+00:00,https://www.law.cornell.edu/uscode/text/26/263,
263A,ok,14,12,2026-08-09T00:37:05.529678+00:00,https://www.law.cornell.edu/uscode/text/26/263A,
264,ok,6,4,2026-08-09T00:37:16.990610+00:00,https://www.law.cornell.edu/uscode/text/26/264,
265,ok,6,4,2026-08-09T00:37:26.875872+00:00,https://www.law.cornell.edu/uscode/text/26/265,
266,ok,0,0,2026-08-09T00:37:36.713713+00:00,https://www.law.cornell.edu/uscode/text/26/266,
267,ok,8,5,2026-08-09T00:37:46.000992+00:00,https://www.law.cornell.edu/uscode/text/26/267,
267A,ok,0,0,2026-08-09T00:37:55.855250+00:00,https://www.law.cornell.edu/uscode/text/26/267A,
268,ok,0,0,2026-08-09T00:38:06.283724+00:00,https://www.law.cornell.edu/uscode/text/26/268,
269,ok,1,1,2026-08-09T00:38:16.677692+00:00,https://www.law.cornell.edu/uscode/text/26/269,
269A,ok,2,2,2026-08-09T00:38:27.215694+00:00,https://www.law.cornell.edu/uscode/text/26/269A,
269B,ok,0,0,2026-08-09T00:38:38.322907+00:00,https://www.law.cornell.edu/uscode/text/26/269B,
270,ok,0,0,2026-08-09T00:38:49.973507+00:00,https://www.law.cornell.edu/uscode/text/26/270,
271,ok,0,0,2026-08-09T00:38:58.717507+00:00,https://www.law.cornell.edu/uscode/text/26/271,
272,ok,1,1,2026-08-09T00:39:09.201513+00:00,https://www.law.cornell.edu/uscode/text/26/272,
273,ok,0,0,2026-08-09T00:39:19.735642+00:00,https://www.law.cornell.edu/uscode/text/26/273,
274,ok,15,7,2026-08-08T23:45:31.120851+00:00,https://www.law.cornell.edu/uscode/text/26/274,
275,ok,1,1,2026-08-09T00:39:30.213406+00:00,https://www.law.cornell.edu/uscode/text/26/275,
276,ok,1,1,2026-08-09T00:39:40.741437+00:00,https://www.law.cornell.edu/uscode/text/26/276,
277,ok,1,1,2026-08-09T00:39:53.617953+00:00,https://www.law.cornell.edu/uscode/text/26/277,
278,ok,0,0,2026-08-09T00:40:07.135594+00:00,https://www.law.cornell.edu/uscode/text/26/278,
279,ok,3,3,2026-08-09T00:40:19.243151+00:00,https://www.law.cornell.edu/uscode/text/26/279,
280,ok,0,0,2026-08-09T00:40:27.248494+00:00,https://www.law.cornell.edu/uscode/text/26/280,
280A,ok,1,1,2026-08-09T00:40:36.166417+00:00,https://www.law.cornell.edu/uscode/text/26/280A,
280B,ok,0,0,2026-08-09T00:40:44.385017+00:00,https://www.law.cornell.edu/uscode/text/26/280B,
280C,ok,7,3,2026-08-09T00:40:54.226814+00:00,https://www.law.cornell.edu/uscode/text/26/280C,
280D,ok,0,0,2026-08-09T00:41:04.797702+00:00,https://www.law.cornell.edu/uscode/text/26/280D,
280E,ok,0,0,2026-08-09T00:41:15.237799+00:00,https://www.law.cornell.edu/uscode/text/26/280E,
280F,ok,5,4,2026-08-09T00:41:25.717639+00:00,https://www.law.cornell.edu/uscode/text/26/280F,
280G,ok,8,7,2026-08-09T00:41:36.345340+00:00,https://www.law.cornell.edu/uscode/text/26/280G,
280H,ok,3,2,2026-08-09T00:41:46.899804+00:00,https://www.law.cornell.edu/uscode/text/26/280H,
281,ok,1,1,2026-08-09T00:41:57.273636+00:00,https://www.law.cornell.edu/uscode/text/26/281,
291,ok,24,11,2026-08-09T00:42:07.753809+00:00,https://www.law.cornell.edu/uscode/text/26/291,
301,ok,8,6,2026-08-09T00:42:18.311546+00:00,https://www.law.cornell.edu/uscode/text/26/301,
302,ok,10,6,2026-08-09T00:42:28.810920+00:00,https://www.law.cornell.edu/uscode/text/26/302,
303,ok,2,2,2026-08-09T00:42:39.558010+00:00,https://www.law.cornell.edu/uscode/text/26/303,
304,ok,8,6,2026-08-09T00:42:49.744673+00:00,https://www.law.cornell.edu/uscode/text/26/304,
305,ok,1,1,2026-08-09T00:43:00.323021+00:00,https://www.law.cornell.edu/uscode/text/26/305,
306,ok,8,6,2026-08-09T00:43:10.832370+00:00,https://www.law.cornell.edu/uscode/text/26/306,
307,ok,1,1,2026-08-09T00:43:21.378073+00:00,https://www.law.cornell.edu/uscode/text/26/307,
311,ok,1,1,2026-08-09T00:43:31.712760+00:00,https://www.law.cornell.edu/uscode/text/26/311,
312,ok,15,13,2026-08-09T00:43:42.309878+00:00,https://www.law.cornell.edu/uscode/text/26/312,
316,ok,3,3,2026-08-09T00:43:52.857333+00:00,https://www.law.cornell.edu/uscode/text/26/316,
317,ok,0,0,2026-08-09T00:44:03.254011+00:00,https://www.law.cornell.edu/uscode/text/26/317,
318,ok,2,2,2026-08-09T00:44:13.718856+00:00,https://www.law.cornell.edu/uscode/text/26/318,
331,ok,0,0,2026-08-09T00:44:24.242427+00:00,https://www.law.cornell.edu/uscode/text/26/331,
332,ok,4,4,2026-08-09T00:44:35.400846+00:00,https://www.law.cornell.edu/uscode/text/26/332,
333,ok,0,0,2026-08-09T00:44:49.313983+00:00,https://www.law.cornell.edu/uscode/text/26/333,
334,ok,0,0,2026-08-09T00:44:59.057250+00:00,https://www.law.cornell.edu/uscode/text/26/334,
336,ok,4,3,2026-08-09T00:45:14.185471+00:00,https://www.law.cornell.edu/uscode/text/26/336,
337,ok,5,3,2026-08-09T00:45:23.145576+00:00,https://www.law.cornell.edu/uscode/text/26/337,
338,ok,7,3,2026-08-09T00:45:30.962122+00:00,https://www.law.cornell.edu/uscode/text/26/338,
341,ok,0,0,2026-08-09T00:45:37.884854+00:00,https://www.law.cornell.edu/uscode/text/26/341,
342,ok,0,0,2026-08-09T00:45:48.256348+00:00,https://www.law.cornell.edu/uscode/text/26/342,
346,ok,0,0,2026-08-09T00:45:58.719949+00:00,https://www.law.cornell.edu/uscode/text/26/346,
351,ok,7,7,2026-08-09T00:46:09.236316+00:00,https://www.law.cornell.edu/uscode/text/26/351,
354,ok,3,3,2026-08-09T00:46:19.804930+00:00,https://www.law.cornell.edu/uscode/text/26/354,
355,ok,29,13,2026-08-09T00:46:30.262984+00:00,https://www.law.cornell.edu/uscode/text/26/355,
356,ok,18,5,2026-08-09T00:46:40.896345+00:00,https://www.law.cornell.edu/uscode/text/26/356,
357,ok,9,4,2026-08-09T00:46:51.268465+00:00,https://www.law.cornell.edu/uscode/text/26/357,
358,ok,9,5,2026-08-09T00:47:01.802529+00:00,https://www.law.cornell.edu/uscode/text/26/358,
361,ok,0,0,2026-08-09T00:47:47.142040+00:00,https://www.law.cornell.edu/uscode/text/26/361,
362,ok,1,1,2026-08-09T00:47:52.391065+00:00,https://www.law.cornell.edu/uscode/text/26/362,
363,ok,0,0,2026-08-09T00:48:00.248359+00:00,https://www.law.cornell.edu/uscode/text/26/363,
367,ok,14,6,2026-08-09T00:48:10.045206+00:00,https://www.law.cornell.edu/uscode/text/26/367,
368,ok,4,4,2026-08-09T00:48:20.651318+00:00,https://www.law.cornell.edu/uscode/text/26/368,
370...372,http_404,0,0,2026-08-09T00:48:31.220197+00:00,https://www.law.cornell.edu/uscode/text/26/370...372,
373,ok,0,0,2026-08-09T00:48:41.466125+00:00,https://www.law.cornell.edu/uscode/text/26/373,
374,ok,0,0,2026-08-09T00:48:52.076992+00:00,https://www.law.cornell.edu/uscode/text/26/374,
381,ok,9,8,2026-08-09T00:49:02.573853+00:00,https://www.law.cornell.edu/uscode/text/26/381,
382,ok,21,12,2026-08-09T00:49:13.218131+00:00,https://www.law.cornell.edu/uscode/text/26/382,
383,ok,4,3,2026-08-09T00:49:23.774405+00:00,https://www.law.cornell.edu/uscode/text/26/383,
384,ok,4,3,2026-08-09T00:49:34.114165+00:00,https://www.law.cornell.edu/uscode/text/26/384,
385,ok,0,0,2026-08-09T00:49:44.672488+00:00,https://www.law.cornell.edu/uscode/text/26/385,
386,ok,0,0,2026-08-09T00:49:55.046493+00:00,https://www.law.cornell.edu/uscode/text/26/386,
391...395,http_404,0,0,2026-08-09T00:50:05.569437+00:00,https://www.law.cornell.edu/uscode/text/26/391...395,
401,ok,93,26,2026-08-09T00:50:18.889667+00:00,https://www.law.cornell.edu/uscode/text/26/401,
402,ok,34,10,2026-08-09T00:50:27.115160+00:00,https://www.law.cornell.edu/uscode/text/26/402,
402A,ok,11,6,2026-08-09T00:50:40.194088+00:00,https://www.law.cornell.edu/uscode/text/26/402A,
403,ok,34,11,2026-08-09T00:50:47.712738+00:00,https://www.law.cornell.edu/uscode/text/26/403,
404,ok,29,11,2026-08-09T00:50:58.264812+00:00,https://www.law.cornell.edu/uscode/text/26/404,
404A,ok,7,5,2026-08-09T00:51:08.825643+00:00,https://www.law.cornell.edu/uscode/text/26/404A,
405,ok,0,0,2026-08-09T00:51:19.128770+00:00,https://www.law.cornell.edu/uscode/text/26/405,
406,ok,7,5,2026-08-09T00:51:29.576994+00:00,https://www.law.cornell.edu/uscode/text/26/406,
407,ok,5,4,2026-08-09T00:51:40.247099+00:00,https://www.law.cornell.edu/uscode/text/26/407,
408,ok,50,18,2026-08-09T00:51:50.640989+00:00,https://www.law.cornell.edu/uscode/text/26/408,
408A,ok,20,6,2026-08-09T00:52:14.699704+00:00,https://www.law.cornell.edu/uscode/text/26/408A,
409,ok,28,11,2026-08-09T00:52:48.087437+00:00,https://www.law.cornell.edu/uscode/text/26/409,
409A,ok,7,6,2026-08-09T00:52:51.538671+00:00,https://www.law.cornell.edu/uscode/text/26/409A,
410,ok,14,5,2026-08-09T00:53:01.041208+00:00,https://www.law.cornell.edu/uscode/text/26/410,
411,ok,18,7,2026-08-09T00:53:11.609082+00:00,https://www.law.cornell.edu/uscode/text/26/411,
412,ok,8,5,2026-08-09T00:53:22.295616+00:00,https://www.law.cornell.edu/uscode/text/26/412,
413,ok,18,6,2026-08-09T00:53:32.607820+00:00,https://www.law.cornell.edu/uscode/text/26/413,
414,ok,71,21,2026-08-09T00:53:43.409948+00:00,https://www.law.cornell.edu/uscode/text/26/414,
414A,ok,7,3,2026-08-09T00:53:53.793796+00:00,https://www.law.cornell.edu/uscode/text/26/414A,
415,ok,44,14,2026-08-09T00:54:04.015260+00:00,https://www.law.cornell.edu/uscode/text/26/415,
416,ok,15,6,2026-08-09T00:54:14.691647+00:00,https://www.law.cornell.edu/uscode/text/26/416,
417,ok,10,3,2026-08-09T00:54:25.071508+00:00,https://www.law.cornell.edu/uscode/text/26/417,
418...418D,http_404,0,0,2026-08-09T00:54:35.775212+00:00,https://www.law.cornell.edu/uscode/text/26/418...418D,
418E,ok,0,0,2026-08-09T00:54:46.010678+00:00,https://www.law.cornell.edu/uscode/text/26/418E,
419,ok,3,3,2026-08-09T00:54:56.532291+00:00,https://www.law.cornell.edu/uscode/text/26/419,
419A,ok,10,7,2026-08-09T00:55:08.725206+00:00,https://www.law.cornell.edu/uscode/text/26/419A,
420,ok,15,6,2026-08-09T00:55:22.115917+00:00,https://www.law.cornell.edu/uscode/text/26/420,
421,ok,8,3,2026-08-09T00:55:42.673767+00:00,https://www.law.cornell.edu/uscode/text/26/421,
422,ok,5,4,2026-08-09T00:55:48.456395+00:00,https://www.law.cornell.edu/uscode/text/26/422,
422A,ok,0,0,2026-08-09T00:55:55.792134+00:00,https://www.law.cornell.edu/uscode/text/26/422A,
423,ok,7,5,2026-08-09T00:56:04.346203+00:00,https://www.law.cornell.edu/uscode/text/26/423,
424,ok,10,7,2026-08-09T00:56:14.900073+00:00,https://www.law.cornell.edu/uscode/text/26/424,
425,ok,0,0,2026-08-09T00:56:25.417680+00:00,https://www.law.cornell.edu/uscode/text/26/425,
430,ok,9,6,2026-08-09T00:56:36.173594+00:00,https://www.law.cornell.edu/uscode/text/26/430,
431,ok,5,3,2026-08-09T00:56:46.637060+00:00,https://www.law.cornell.edu/uscode/text/26/431,
432,ok,11,6,2026-08-09T00:57:00.404711+00:00,https://www.law.cornell.edu/uscode/text/26/432,
433,ok,8,3,2026-08-09T00:57:07.621173+00:00,https://www.law.cornell.edu/uscode/text/26/433,
436,ok,12,3,2026-08-09T00:57:18.055746+00:00,https://www.law.cornell.edu/uscode/text/26/436,
441,ok,2,2,2026-08-09T00:57:28.571023+00:00,https://www.law.cornell.edu/uscode/text/26/441,
442,ok,1,1,2026-08-09T00:57:38.925419+00:00,https://www.law.cornell.edu/uscode/text/26/442,
443,ok,2,2,2026-08-09T00:57:49.359571+00:00,https://www.law.cornell.edu/uscode/text/26/443,
444,ok,0,0,2026-08-09T00:57:59.947686+00:00,https://www.law.cornell.edu/uscode/text/26/444,
446,ok,0,0,2026-08-09T00:58:10.411074+00:00,https://www.law.cornell.edu/uscode/text/26/446,
447,ok,3,3,2026-08-09T00:58:20.947796+00:00,https://www.law.cornell.edu/uscode/text/26/447,
448,ok,6,5,2026-08-09T00:58:31.472187+00:00,https://www.law.cornell.edu/uscode/text/26/448,
451,ok,7,7,2026-08-09T00:58:41.969306+00:00,https://www.law.cornell.edu/uscode/text/26/451,
452,ok,0,0,2026-08-09T00:58:52.534739+00:00,https://www.law.cornell.edu/uscode/text/26/452,
453,ok,4,4,2026-08-09T00:59:02.872138+00:00,https://www.law.cornell.edu/uscode/text/26/453,
453A,ok,5,5,2026-08-09T00:59:13.554629+00:00,https://www.law.cornell.edu/uscode/text/26/453A,
453B,ok,3,2,2026-08-09T00:59:23.946027+00:00,https://www.law.cornell.edu/uscode/text/26/453B,
453C,ok,0,0,2026-08-09T00:59:34.408481+00:00,https://www.law.cornell.edu/uscode/text/26/453C,
454,ok,0,0,2026-08-09T00:59:44.913186+00:00,https://www.law.cornell.edu/uscode/text/26/454,
455,ok,1,1,2026-08-09T00:59:56.548746+00:00,https://www.law.cornell.edu/uscode/text/26/455,
456,ok,1,1,2026-08-09T01:00:05.955457+00:00,https://www.law.cornell.edu/uscode/text/26/456,
457,ok,19,9,2026-08-09T01:00:17.309620+00:00,https://www.law.cornell.edu/uscode/text/26/457,
457A,ok,2,2,2026-08-09T01:00:43.543189+00:00,https://www.law.cornell.edu/uscode/text/26/457A,
458,ok,1,1,2026-08-09T01:00:49.356454+00:00,https://www.law.cornell.edu/uscode/text/26/458,
460,ok,12,5,2026-08-09T01:01:06.810887+00:00,https://www.law.cornell.edu/uscode/text/26/460,
461,ok,8,7,2026-08-09T01:01:08.395140+00:00,https://www.law.cornell.edu/uscode/text/26/461,
462,ok,0,0,2026-08-09T01:01:18.170258+00:00,https://www.law.cornell.edu/uscode/text/26/462,
463,ok,0,0,2026-08-09T01:01:28.481498+00:00,https://www.law.cornell.edu/uscode/text/26/463,
464,ok,1,1,2026-08-09T01:01:38.996331+00:00,https://www.law.cornell.edu/uscode/text/26/464,
465,ok,26,16,2026-08-09T01:01:49.570048+00:00,https://www.law.cornell.edu/uscode/text/26/465,
466,ok,0,0,2026-08-09T01:02:00.137456+00:00,https://www.law.cornell.edu/uscode/text/26/466,
467,ok,6,6,2026-08-09T01:02:10.538556+00:00,https://www.law.cornell.edu/uscode/text/26/467,
468,ok,1,1,2026-08-09T01:02:21.076981+00:00,https://www.law.cornell.edu/uscode/text/26/468,
468A,ok,2,2,2026-08-09T01:02:31.615241+00:00,https://www.law.cornell.edu/uscode/text/26/468A,
468B,ok,0,0,2026-08-09T01:02:44.914489+00:00,https://www.law.cornell.edu/uscode/text/26/468B,
469,ok,12,12,2026-08-09T01:03:06.113803+00:00,https://www.law.cornell.edu/uscode/text/26/469,
470,ok,10,6,2026-08-09T01:03:16.763630+00:00,https://www.law.cornell.edu/uscode/text/26/470,
471,ok,2,1,2026-08-09T01:03:21.585981+00:00,https://www.law.cornell.edu/uscode/text/26/471,
472,ok,2,2,2026-08-09T01:03:28.630845+00:00,https://www.law.cornell.edu/uscode/text/26/472,
473,ok,0,0,2026-08-09T01:03:38.471133+00:00,https://www.law.cornell.edu/uscode/text/26/473,
474,ok,1,1,2026-08-09T01:03:49.009737+00:00,https://www.law.cornell.edu/uscode/text/26/474,
475,ok,11,8,2026-08-09T01:03:59.486831+00:00,https://www.law.cornell.edu/uscode/text/26/475,
481,ok,2,2,2026-08-09T01:04:10.031617+00:00,https://www.law.cornell.edu/uscode/text/26/481,
482,ok,0,0,2026-08-09T01:04:20.496413+00:00,https://www.law.cornell.edu/uscode/text/26/482,
483,ok,4,4,2026-08-09T01:04:30.956451+00:00,https://www.law.cornell.edu/uscode/text/26/483,
501,ok,30,19,2026-08-09T01:04:41.512651+00:00,https://www.law.cornell.edu/uscode/text/26/501,
502,ok,2,2,2026-08-09T01:04:52.246920+00:00,https://www.law.cornell.edu/uscode/text/26/502,
503,ok,2,2,2026-08-09T01:05:02.462904+00:00,https://www.law.cornell.edu/uscode/text/26/503,
504,ok,2,1,2026-08-09T01:05:12.997336+00:00,https://www.law.cornell.edu/uscode/text/26/504,
505,ok,5,4,2026-08-09T01:05:23.449722+00:00,https://www.law.cornell.edu/uscode/text/26/505,
506,ok,2,2,2026-08-09T01:05:34.056243+00:00,https://www.law.cornell.edu/uscode/text/26/506,
507,ok,9,7,2026-08-09T01:05:44.460821+00:00,https://www.law.cornell.edu/uscode/text/26/507,
508,ok,12,5,2026-08-09T01:05:55.025332+00:00,https://www.law.cornell.edu/uscode/text/26/508,
509,ok,9,7,2026-08-09T01:06:05.483036+00:00,https://www.law.cornell.edu/uscode/text/26/509,
511,ok,3,1,2026-08-09T01:06:16.019044+00:00,https://www.law.cornell.edu/uscode/text/26/511,
512,ok,23,15,2026-08-09T01:06:26.506300+00:00,https://www.law.cornell.edu/uscode/text/26/512,
513,ok,9,3,2026-08-09T01:06:37.244586+00:00,https://www.law.cornell.edu/uscode/text/26/513,
514,ok,14,8,2026-08-09T01:06:47.558456+00:00,https://www.law.cornell.edu/uscode/text/26/514,
515,ok,0,0,2026-08-09T01:06:58.367955+00:00,https://www.law.cornell.edu/uscode/text/26/515,
521,ok,0,0,2026-08-09T01:07:08.444952+00:00,https://www.law.cornell.edu/uscode/text/26/521,
522,ok,0,0,2026-08-09T01:07:18.970853+00:00,https://www.law.cornell.edu/uscode/text/26/522,
526,ok,0,0,2026-08-09T01:07:29.482064+00:00,https://www.law.cornell.edu/uscode/text/26/526,
527,ok,5,5,2026-08-09T01:07:39.953614+00:00,https://www.law.cornell.edu/uscode/text/26/527,
528,ok,0,0,2026-08-09T01:07:50.605762+00:00,https://www.law.cornell.edu/uscode/text/26/528,
529,ok,16,8,2026-08-09T01:08:01.126096+00:00,https://www.law.cornell.edu/uscode/text/26/529,
529A,ok,13,9,2026-08-09T01:08:11.660066+00:00,https://www.law.cornell.edu/uscode/text/26/529A,
530,ok,8,5,2026-08-09T01:08:22.389407+00:00,https://www.law.cornell.edu/uscode/text/26/530,
530A,ok,8,5,2026-08-09T01:08:32.551325+00:00,https://www.law.cornell.edu/uscode/text/26/530A,
531,ok,0,0,2026-08-09T01:08:43.058431+00:00,https://www.law.cornell.edu/uscode/text/26/531,
532,ok,4,3,2026-08-09T01:08:53.446662+00:00,https://www.law.cornell.edu/uscode/text/26/532,
533,ok,0,0,2026-08-09T01:09:03.965250+00:00,https://www.law.cornell.edu/uscode/text/26/533,
534,ok,0,0,2026-08-09T01:09:14.449269+00:00,https://www.law.cornell.edu/uscode/text/26/534,
535,ok,7,6,2026-08-09T01:09:24.962309+00:00,https://www.law.cornell.edu/uscode/text/26/535,
536,ok,0,0,2026-08-09T01:09:35.529830+00:00,https://www.law.cornell.edu/uscode/text/26/536,
537,ok,2,2,2026-08-09T01:09:45.968066+00:00,https://www.law.cornell.edu/uscode/text/26/537,
541,ok,0,0,2026-08-09T01:09:56.482614+00:00,https://www.law.cornell.edu/uscode/text/26/541,
542,ok,8,6,2026-08-09T01:10:06.994445+00:00,https://www.law.cornell.edu/uscode/text/26/542,
543,ok,10,6,2026-08-09T01:10:17.547540+00:00,https://www.law.cornell.edu/uscode/text/26/543,
544,ok,1,1,2026-08-09T01:10:28.116298+00:00,https://www.law.cornell.edu/uscode/text/26/544,
545,ok,1,1,2026-08-09T01:10:38.564844+00:00,https://www.law.cornell.edu/uscode/text/26/545,
546,ok,0,0,2026-08-09T01:10:59.449157+00:00,https://www.law.cornell.edu/uscode/text/26/546,
547,ok,3,2,2026-08-09T01:11:08.181591+00:00,https://www.law.cornell.edu/uscode/text/26/547,
551...558,http_404,0,0,2026-08-09T01:11:41.671804+00:00,https://www.law.cornell.edu/uscode/text/26/551...558,
561,ok,1,1,2026-08-09T01:11:51.152949+00:00,https://www.law.cornell.edu/uscode/text/26/561,
562,ok,4,4,2026-08-09T01:12:09.904226+00:00,https://www.law.cornell.edu/uscode/text/26/562,
563,ok,0,0,2026-08-09T01:12:16.167791+00:00,https://www.law.cornell.edu/uscode/text/26/563,
564,ok,1,1,2026-08-09T01:12:27.805998+00:00,https://www.law.cornell.edu/uscode/text/26/564,
565,ok,0,0,2026-08-09T01:12:36.816207+00:00,https://www.law.cornell.edu/uscode/text/26/565,
581,ok,0,0,2026-08-09T01:12:43.201893+00:00,https://www.law.cornell.edu/uscode/text/26/581,
582,ok,0,0,2026-08-09T01:12:52.611097+00:00,https://www.law.cornell.edu/uscode/text/26/582,
583,ok,0,0,2026-08-09T01:13:03.661027+00:00,https://www.law.cornell.edu/uscode/text/26/583,
584,ok,2,2,2026-08-09T01:13:13.614014+00:00,https://www.law.cornell.edu/uscode/text/26/584,
585,ok,2,2,2026-08-09T01:13:24.198365+00:00,https://www.law.cornell.edu/uscode/text/26/585,
586,ok,0,0,2026-08-09T01:13:34.675210+00:00,https://www.law.cornell.edu/uscode/text/26/586,
591,ok,0,0,2026-08-09T01:13:45.073596+00:00,https://www.law.cornell.edu/uscode/text/26/591,
592,ok,0,0,2026-08-09T01:13:55.595181+00:00,https://www.law.cornell.edu/uscode/text/26/592,
593,ok,15,10,2026-08-09T01:14:06.076711+00:00,https://www.law.cornell.edu/uscode/text/26/593,
594,ok,0,0,2026-08-09T01:14:16.721763+00:00,https://www.law.cornell.edu/uscode/text/26/594,
597,ok,2,2,2026-08-09T01:14:27.848879+00:00,https://www.law.cornell.edu/uscode/text/26/597,
601,ok,0,0,2026-08-09T01:14:37.783437+00:00,https://www.law.cornell.edu/uscode/text/26/601,
611,ok,1,1,2026-08-09T01:14:48.104783+00:00,https://www.law.cornell.edu/uscode/text/26/611,
612,ok,1,1,2026-08-09T01:14:58.862342+00:00,https://www.law.cornell.edu/uscode/text/26/612,
613,ok,0,0,2026-08-09T01:15:09.079853+00:00,https://www.law.cornell.edu/uscode/text/26/613,
613A,ok,11,4,2026-08-09T01:15:19.682412+00:00,https://www.law.cornell.edu/uscode/text/26/613A,
614,ok,0,0,2026-08-09T01:15:30.257594+00:00,https://www.law.cornell.edu/uscode/text/26/614,
615,ok,0,0,2026-08-09T01:15:40.730688+00:00,https://www.law.cornell.edu/uscode/text/26/615,
616,ok,1,1,2026-08-09T01:15:55.731114+00:00,https://www.law.cornell.edu/uscode/text/26/616,
617,ok,7,6,2026-08-09T01:16:20.106601+00:00,https://www.law.cornell.edu/uscode/text/26/617,
621,ok,0,0,2026-08-09T01:16:23.470169+00:00,https://www.law.cornell.edu/uscode/text/26/621,
631,ok,1,1,2026-08-09T01:16:34.149677+00:00,https://www.law.cornell.edu/uscode/text/26/631,
632,ok,0,0,2026-08-09T01:16:48.236786+00:00,https://www.law.cornell.edu/uscode/text/26/632,
636,ok,0,0,2026-08-09T01:16:52.326456+00:00,https://www.law.cornell.edu/uscode/text/26/636,
638,ok,0,0,2026-08-09T01:17:03.547087+00:00,https://www.law.cornell.edu/uscode/text/26/638,
641,ok,3,2,2026-08-09T01:17:13.291699+00:00,https://www.law.cornell.edu/uscode/text/26/641,
642,ok,7,6,2026-08-09T01:17:23.822218+00:00,https://www.law.cornell.edu/uscode/text/26/642,
643,ok,7,5,2026-08-09T01:17:34.396092+00:00,https://www.law.cornell.edu/uscode/text/26/643,
644,ok,1,1,2026-08-09T01:17:45.490324+00:00,https://www.law.cornell.edu/uscode/text/26/644,
645,ok,0,0,2026-08-09T01:17:55.317160+00:00,https://www.law.cornell.edu/uscode/text/26/645,
646,ok,1,1,2026-08-09T01:18:09.548905+00:00,https://www.law.cornell.edu/uscode/text/26/646,
651,ok,0,0,2026-08-09T01:18:18.853162+00:00,https://www.law.cornell.edu/uscode/text/26/651,
652,ok,0,0,2026-08-09T01:18:35.052138+00:00,https://www.law.cornell.edu/uscode/text/26/652,
661,ok,1,1,2026-08-09T01:18:50.090987+00:00,https://www.law.cornell.edu/uscode/text/26/661,
662,ok,0,0,2026-08-09T01:18:50.779816+00:00,https://www.law.cornell.edu/uscode/text/26/662,
663,ok,3,3,2026-08-09T01:19:01.305354+00:00,https://www.law.cornell.edu/uscode/text/26/663,
664,ok,9,8,2026-08-09T01:19:11.782004+00:00,https://www.law.cornell.edu/uscode/text/26/664,
665,ok,2,2,2026-08-09T01:19:22.452058+00:00,https://www.law.cornell.edu/uscode/text/26/665,
666,ok,1,1,2026-08-09T01:19:32.909147+00:00,https://www.law.cornell.edu/uscode/text/26/666,
667,ok,8,5,2026-08-09T01:19:43.343669+00:00,https://www.law.cornell.edu/uscode/text/26/667,
668,ok,3,2,2026-08-09T01:19:53.840585+00:00,https://www.law.cornell.edu/uscode/text/26/668,
669,ok,0,0,2026-08-09T01:20:04.309676+00:00,https://www.law.cornell.edu/uscode/text/26/669,
671,ok,0,0,2026-08-09T01:20:14.760133+00:00,https://www.law.cornell.edu/uscode/text/26/671,
672,ok,1,1,2026-08-09T01:20:25.292060+00:00,https://www.law.cornell.edu/uscode/text/26/672,
673,ok,0,0,2026-08-09T01:20:35.825595+00:00,https://www.law.cornell.edu/uscode/text/26/673,
674,ok,2,2,2026-08-09T01:20:46.302000+00:00,https://www.law.cornell.edu/uscode/text/26/674,
675,ok,1,1,2026-08-09T01:20:56.832768+00:00,https://www.law.cornell.edu/uscode/text/26/675,
676,ok,1,1,2026-08-09T01:21:07.273074+00:00,https://www.law.cornell.edu/uscode/text/26/676,
677,ok,0,0,2026-08-09T01:21:17.774337+00:00,https://www.law.cornell.edu/uscode/text/26/677,
678,ok,2,2,2026-08-09T01:21:28.329065+00:00,https://www.law.cornell.edu/uscode/text/26/678,
679,ok,4,2,2026-08-09T01:21:38.771672+00:00,https://www.law.cornell.edu/uscode/text/26/679,
681,ok,0,0,2026-08-09T01:21:49.384763+00:00,https://www.law.cornell.edu/uscode/text/26/681,
682,ok,0,0,2026-08-09T01:21:59.776405+00:00,https://www.law.cornell.edu/uscode/text/26/682,
683,ok,2,2,2026-08-09T01:22:10.287418+00:00,https://www.law.cornell.edu/uscode/text/26/683,
684,ok,0,0,2026-08-09T01:22:20.789705+00:00,https://www.law.cornell.edu/uscode/text/26/684,
685,ok,0,0,2026-08-09T01:22:31.665247+00:00,https://www.law.cornell.edu/uscode/text/26/685,
691,ok,4,3,2026-08-09T01:22:41.848233+00:00,https://www.law.cornell.edu/uscode/text/26/691,
692,ok,1,1,2026-08-09T01:22:53.137381+00:00,https://www.law.cornell.edu/uscode/text/26/692,
701,ok,0,0,2026-08-09T01:23:02.865608+00:00,https://www.law.cornell.edu/uscode/text/26/701,
702,ok,2,2,2026-08-09T01:23:13.373056+00:00,https://www.law.cornell.edu/uscode/text/26/702,
703,ok,2,2,2026-08-09T01:23:23.946773+00:00,https://www.law.cornell.edu/uscode/text/26/703,
704,ok,1,1,2026-08-09T01:23:34.355150+00:00,https://www.law.cornell.edu/uscode/text/26/704,
705,ok,0,0,2026-08-09T01:23:44.824107+00:00,https://www.law.cornell.edu/uscode/text/26/705,
706,ok,1,1,2026-08-09T01:23:55.276803+00:00,https://www.law.cornell.edu/uscode/text/26/706,
707,ok,3,2,2026-08-09T01:24:05.845920+00:00,https://www.law.cornell.edu/uscode/text/26/707,
708,ok,0,0,2026-08-09T01:24:16.337151+00:00,https://www.law.cornell.edu/uscode/text/26/708,
709,ok,0,0,2026-08-09T01:24:26.813743+00:00,https://www.law.cornell.edu/uscode/text/26/709,
721,ok,1,1,2026-08-09T01:24:37.375207+00:00,https://www.law.cornell.edu/uscode/text/26/721,
722,ok,1,1,2026-08-09T01:24:48.019656+00:00,https://www.law.cornell.edu/uscode/text/26/722,
723,ok,1,1,2026-08-09T01:24:58.294931+00:00,https://www.law.cornell.edu/uscode/text/26/723,
724,ok,2,1,2026-08-09T01:25:08.779629+00:00,https://www.law.cornell.edu/uscode/text/26/724,
731,ok,6,5,2026-08-09T01:25:19.317357+00:00,https://www.law.cornell.edu/uscode/text/26/731,
732,ok,0,0,2026-08-09T01:25:29.877766+00:00,https://www.law.cornell.edu/uscode/text/26/732,
733,ok,0,0,2026-08-09T01:25:40.365336+00:00,https://www.law.cornell.edu/uscode/text/26/733,
734,ok,3,2,2026-08-09T01:25:50.763042+00:00,https://www.law.cornell.edu/uscode/text/26/734,
735,ok,2,1,2026-08-09T01:26:01.307309+00:00,https://www.law.cornell.edu/uscode/text/26/735,
736,ok,1,1,2026-08-09T01:26:11.879996+00:00,https://www.law.cornell.edu/uscode/text/26/736,
737,ok,2,2,2026-08-09T01:26:52.897614+00:00,https://www.law.cornell.edu/uscode/text/26/737,
741,ok,0,0,2026-08-09T01:26:57.541732+00:00,https://www.law.cornell.edu/uscode/text/26/741,
742,ok,0,0,2026-08-09T01:27:07.991155+00:00,https://www.law.cornell.edu/uscode/text/26/742,
743,ok,1,1,2026-08-09T01:27:18.505018+00:00,https://www.law.cornell.edu/uscode/text/26/743,
751,ok,1,1,2026-08-09T01:27:29.032958+00:00,https://www.law.cornell.edu/uscode/text/26/751,
752,ok,0,0,2026-08-09T01:27:39.573530+00:00,https://www.law.cornell.edu/uscode/text/26/752,
753,ok,1,1,2026-08-09T01:27:50.039411+00:00,https://www.law.cornell.edu/uscode/text/26/753,
754,ok,0,0,2026-08-09T01:28:00.496140+00:00,https://www.law.cornell.edu/uscode/text/26/754,
755,ok,3,3,2026-08-09T01:28:10.987281+00:00,https://www.law.cornell.edu/uscode/text/26/755,
761,ok,1,1,2026-08-09T01:28:21.510566+00:00,https://www.law.cornell.edu/uscode/text/26/761,
771...777,http_404,0,0,2026-08-09T01:28:32.395018+00:00,https://www.law.cornell.edu/uscode/text/26/771...777,
801,ok,1,1,2026-08-09T01:28:43.593787+00:00,https://www.law.cornell.edu/uscode/text/26/801,
803,ok,1,1,2026-08-09T01:28:53.114829+00:00,https://www.law.cornell.edu/uscode/text/26/803,
804,ok,0,0,2026-08-09T01:29:03.514592+00:00,https://www.law.cornell.edu/uscode/text/26/804,
805,ok,19,10,2026-08-09T01:29:14.042391+00:00,https://www.law.cornell.edu/uscode/text/26/805,
806,ok,0,0,2026-08-09T01:29:24.597055+00:00,https://www.law.cornell.edu/uscode/text/26/806,
807,ok,1,1,2026-08-09T01:29:34.998056+00:00,https://www.law.cornell.edu/uscode/text/26/807,
808,ok,1,1,2026-08-09T01:29:57.984229+00:00,https://www.law.cornell.edu/uscode/text/26/808,
809,ok,0,0,2026-08-09T01:29:58.753673+00:00,https://www.law.cornell.edu/uscode/text/26/809,
810,ok,0,0,2026-08-09T01:30:09.327810+00:00,https://www.law.cornell.edu/uscode/text/26/810,
811,ok,6,5,2026-08-09T01:30:19.715077+00:00,https://www.law.cornell.edu/uscode/text/26/811,
812,ok,0,0,2026-08-09T01:30:30.240740+00:00,https://www.law.cornell.edu/uscode/text/26/812,
813,ok,0,0,2026-08-09T01:30:40.703871+00:00,https://www.law.cornell.edu/uscode/text/26/813,
814,ok,0,0,2026-08-09T01:30:51.534567+00:00,https://www.law.cornell.edu/uscode/text/26/814,
815,ok,0,0,2026-08-09T01:31:01.714085+00:00,https://www.law.cornell.edu/uscode/text/26/815,
816,ok,0,0,2026-08-09T01:31:13.198860+00:00,https://www.law.cornell.edu/uscode/text/26/816,
817,ok,1,1,2026-08-09T01:31:27.881674+00:00,https://www.law.cornell.edu/uscode/text/26/817,
817A,ok,6,3,2026-08-09T01:31:40.307583+00:00,https://www.law.cornell.edu/uscode/text/26/817A,
818,ok,9,8,2026-08-09T01:31:56.053204+00:00,https://www.law.cornell.edu/uscode/text/26/818,
831,ok,4,3,2026-08-09T01:32:07.686341+00:00,https://www.law.cornell.edu/uscode/text/26/831,
832,ok,19,10,2026-08-09T01:32:15.725933+00:00,https://www.law.cornell.edu/uscode/text/26/832,
833,ok,2,1,2026-08-09T01:32:27.164967+00:00,https://www.law.cornell.edu/uscode/text/26/833,
834,ok,5,5,2026-08-09T01:32:31.892164+00:00,https://www.law.cornell.edu/uscode/text/26/834,
835,ok,0,0,2026-08-09T01:32:42.755865+00:00,https://www.law.cornell.edu/uscode/text/26/835,
841,ok,2,2,2026-08-09T01:32:52.406479+00:00,https://www.law.cornell.edu/uscode/text/26/841,
842,ok,5,3,2026-08-09T01:33:00.898772+00:00,https://www.law.cornell.edu/uscode/text/26/842,
843,ok,0,0,2026-08-09T01:33:12.070591+00:00,https://www.law.cornell.edu/uscode/text/26/843,
844,ok,0,0,2026-08-09T01:33:21.878093+00:00,https://www.law.cornell.edu/uscode/text/26/844,
845,ok,0,0,2026-08-09T01:33:34.079208+00:00,https://www.law.cornell.edu/uscode/text/26/845,
846,ok,1,1,2026-08-09T01:33:51.147315+00:00,https://www.law.cornell.edu/uscode/text/26/846,
847,ok,0,0,2026-08-09T01:34:02.482452+00:00,https://www.law.cornell.edu/uscode/text/26/847,
848,ok,8,8,2026-08-09T01:34:08.256182+00:00,https://www.law.cornell.edu/uscode/text/26/848,
851,ok,1,1,2026-08-09T01:34:36.642043+00:00,https://www.law.cornell.edu/uscode/text/26/851,
852,ok,22,14,2026-08-09T01:34:47.193647+00:00,https://www.law.cornell.edu/uscode/text/26/852,
853,ok,3,3,2026-08-09T01:34:57.800306+00:00,https://www.law.cornell.edu/uscode/text/26/853,
853A,ok,11,6,2026-08-09T01:35:08.781628+00:00,https://www.law.cornell.edu/uscode/text/26/853A,
854,ok,5,3,2026-08-09T01:35:18.624133+00:00,https://www.law.cornell.edu/uscode/text/26/854,
855,ok,1,1,2026-08-09T01:35:29.255207+00:00,https://www.law.cornell.edu/uscode/text/26/855,
856,ok,23,13,2026-08-09T01:35:39.611997+00:00,https://www.law.cornell.edu/uscode/text/26/856,
857,ok,30,14,2026-08-09T01:35:50.354322+00:00,https://www.law.cornell.edu/uscode/text/26/857,
858,ok,0,0,2026-08-09T01:36:00.815702+00:00,https://www.law.cornell.edu/uscode/text/26/858,
859,ok,0,0,2026-08-09T01:36:11.144568+00:00,https://www.law.cornell.edu/uscode/text/26/859,
860,ok,8,4,2026-08-09T01:36:21.557503+00:00,https://www.law.cornell.edu/uscode/text/26/860,
860A,ok,0,0,2026-08-09T01:36:32.178118+00:00,https://www.law.cornell.edu/uscode/text/26/860A,
860B,ok,0,0,2026-08-09T01:36:42.602840+00:00,https://www.law.cornell.edu/uscode/text/26/860B,
860C,ok,2,2,2026-08-09T01:36:53.059987+00:00,https://www.law.cornell.edu/uscode/text/26/860C,
860D,ok,3,2,2026-08-09T01:37:03.604220+00:00,https://www.law.cornell.edu/uscode/text/26/860D,
860E,ok,5,5,2026-08-09T01:37:14.102149+00:00,https://www.law.cornell.edu/uscode/text/26/860E,
860F,ok,4,4,2026-08-09T01:37:26.756175+00:00,https://www.law.cornell.edu/uscode/text/26/860F,
860G,ok,7,7,2026-08-09T01:37:35.187624+00:00,https://www.law.cornell.edu/uscode/text/26/860G,
860H...860L,http_404,0,0,2026-08-09T01:37:45.747894+00:00,https://www.law.cornell.edu/uscode/text/26/860H...860L,
861,ok,9,9,2026-08-09T01:37:56.008186+00:00,https://www.law.cornell.edu/uscode/text/26/861,
862,ok,2,2,2026-08-09T01:38:06.736171+00:00,https://www.law.cornell.edu/uscode/text/26/862,
863,ok,2,2,2026-08-09T01:38:17.096140+00:00,https://www.law.cornell.edu/uscode/text/26/863,
864,ok,17,12,2026-08-09T01:38:27.656011+00:00,https://www.law.cornell.edu/uscode/text/26/864,
865,ok,6,6,2026-08-09T01:38:38.305326+00:00,https://www.law.cornell.edu/uscode/text/26/865,
871,ok,25,18,2026-08-09T01:38:48.688603+00:00,https://www.law.cornell.edu/uscode/text/26/871,
872,ok,0,0,2026-08-09T01:38:59.389973+00:00,https://www.law.cornell.edu/uscode/text/26/872,
873,ok,1,1,2026-08-09T01:39:09.714944+00:00,https://www.law.cornell.edu/uscode/text/26/873,
874,ok,0,0,2026-08-09T01:39:20.106346+00:00,https://www.law.cornell.edu/uscode/text/26/874,
875,ok,0,0,2026-08-09T01:39:30.575343+00:00,https://www.law.cornell.edu/uscode/text/26/875,
876,ok,0,0,2026-08-09T01:39:41.195429+00:00,https://www.law.cornell.edu/uscode/text/26/876,
877,ok,7,6,2026-08-09T01:39:51.595723+00:00,https://www.law.cornell.edu/uscode/text/26/877,
877A,ok,8,4,2026-08-09T01:40:02.195258+00:00,https://www.law.cornell.edu/uscode/text/26/877A,
878,ok,0,0,2026-08-09T01:40:12.661509+00:00,https://www.law.cornell.edu/uscode/text/26/878,
879,ok,1,1,2026-08-09T01:40:23.196882+00:00,https://www.law.cornell.edu/uscode/text/26/879,
881,ok,9,6,2026-08-09T01:40:34.107151+00:00,https://www.law.cornell.edu/uscode/text/26/881,
882,ok,5,5,2026-08-09T01:40:44.212324+00:00,https://www.law.cornell.edu/uscode/text/26/882,
883,ok,2,2,2026-08-09T01:40:54.661068+00:00,https://www.law.cornell.edu/uscode/text/26/883,
884,ok,10,9,2026-08-09T01:41:05.127409+00:00,https://www.law.cornell.edu/uscode/text/26/884,
885,ok,0,0,2026-08-09T01:41:15.668868+00:00,https://www.law.cornell.edu/uscode/text/26/885,
887,ok,2,2,2026-08-09T01:41:26.089579+00:00,https://www.law.cornell.edu/uscode/text/26/887,
891,ok,0,0,2026-08-09T01:41:37.244139+00:00,https://www.law.cornell.edu/uscode/text/26/891,
892,ok,0,0,2026-08-09T01:41:54.837436+00:00,https://www.law.cornell.edu/uscode/text/26/892,
893,ok,1,1,2026-08-09T01:42:00.619273+00:00,https://www.law.cornell.edu/uscode/text/26/893,
894,ok,0,0,2026-08-09T01:42:15.786054+00:00,https://www.law.cornell.edu/uscode/text/26/894,
895,ok,0,0,2026-08-09T01:42:20.485978+00:00,https://www.law.cornell.edu/uscode/text/26/895,
896,ok,0,0,2026-08-09T01:42:29.116956+00:00,https://www.law.cornell.edu/uscode/text/26/896,
897,ok,13,12,2026-08-09T01:42:39.614652+00:00,https://www.law.cornell.edu/uscode/text/26/897,
898,ok,2,2,2026-08-09T01:42:50.289584+00:00,https://www.law.cornell.edu/uscode/text/26/898,
901,ok,18,11,2026-08-09T01:43:00.671934+00:00,https://www.law.cornell.edu/uscode/text/26/901,
902,ok,0,0,2026-08-09T01:43:11.256813+00:00,https://www.law.cornell.edu/uscode/text/26/902,
903,ok,0,0,2026-08-09T01:43:21.582947+00:00,https://www.law.cornell.edu/uscode/text/26/903,
904,ok,42,26,2026-08-09T01:43:32.093900+00:00,https://www.law.cornell.edu/uscode/text/26/904,
905,ok,1,1,2026-08-09T01:43:42.882353+00:00,https://www.law.cornell.edu/uscode/text/26/905,
906,ok,0,0,2026-08-09T01:43:53.114485+00:00,https://www.law.cornell.edu/uscode/text/26/906,
907,ok,8,4,2026-08-09T01:44:03.598973+00:00,https://www.law.cornell.edu/uscode/text/26/907,
908,ok,2,2,2026-08-09T01:44:14.235299+00:00,https://www.law.cornell.edu/uscode/text/26/908,
909,ok,3,3,2026-08-09T01:44:24.591143+00:00,https://www.law.cornell.edu/uscode/text/26/909,
911,ok,10,5,2026-08-09T01:44:35.129930+00:00,https://www.law.cornell.edu/uscode/text/26/911,
912,ok,0,0,2026-08-09T01:44:45.738746+00:00,https://www.law.cornell.edu/uscode/text/26/912,
913,ok,0,0,2026-08-09T01:44:56.153455+00:00,https://www.law.cornell.edu/uscode/text/26/913,
921...927,http_404,0,0,2026-08-09T01:45:06.822366+00:00,https://www.law.cornell.edu/uscode/text/26/921...927,
931,ok,0,0,2026-08-09T01:45:16.989253+00:00,https://www.law.cornell.edu/uscode/text/26/931,
932,ok,3,2,2026-08-09T01:45:27.783557+00:00,https://www.law.cornell.edu/uscode/text/26/932,
933,ok,1,1,2026-08-09T01:45:38.233440+00:00,https://www.law.cornell.edu/uscode/text/26/933,
934,ok,1,1,2026-08-09T01:45:48.607413+00:00,https://www.law.cornell.edu/uscode/text/26/934,
934A,ok,0,0,2026-08-09T01:45:59.121438+00:00,https://www.law.cornell.edu/uscode/text/26/934A,
935,ok,0,0,2026-08-09T01:46:09.624887+00:00,https://www.law.cornell.edu/uscode/text/26/935,
936,ok,0,0,2026-08-09T01:46:20.072832+00:00,https://www.law.cornell.edu/uscode/text/26/936,
937,ok,1,1,2026-08-09T01:46:30.622813+00:00,https://www.law.cornell.edu/uscode/text/26/937,
941...943,http_404,0,0,2026-08-09T01:46:41.178166+00:00,https://www.law.cornell.edu/uscode/text/26/941...943,
951,ok,4,1,2026-08-09T01:46:51.604958+00:00,https://www.law.cornell.edu/uscode/text/26/951,
951A,ok,4,3,2026-08-09T01:47:02.480001+00:00,https://www.law.cornell.edu/uscode/text/26/951A,
951B,ok,9,5,2026-08-09T01:47:23.003623+00:00,https://www.law.cornell.edu/uscode/text/26/951B,
952,ok,9,7,2026-08-09T01:47:29.588342+00:00,https://www.law.cornell.edu/uscode/text/26/952,
953,ok,23,12,2026-08-09T01:47:45.122496+00:00,https://www.law.cornell.edu/uscode/text/26/953,
954,ok,13,11,2026-08-09T01:47:52.373662+00:00,https://www.law.cornell.edu/uscode/text/26/954,
955,ok,0,0,2026-08-09T01:48:04.356258+00:00,https://www.law.cornell.edu/uscode/text/26/955,
956,ok,4,4,2026-08-09T01:48:07.311490+00:00,https://www.law.cornell.edu/uscode/text/26/956,
956A,ok,0,0,2026-08-09T01:48:17.416760+00:00,https://www.law.cornell.edu/uscode/text/26/956A,
957,ok,2,2,2026-08-09T01:48:27.809195+00:00,https://www.law.cornell.edu/uscode/text/26/957,
958,ok,3,3,2026-08-09T01:48:38.345236+00:00,https://www.law.cornell.edu/uscode/text/26/958,
959,ok,7,2,2026-08-09T01:48:48.850668+00:00,https://www.law.cornell.edu/uscode/text/26/959,
960,ok,10,5,2026-08-09T01:48:59.421017+00:00,https://www.law.cornell.edu/uscode/text/26/960,
961,ok,5,3,2026-08-09T01:49:12.505165+00:00,https://www.law.cornell.edu/uscode/text/26/961,
962,ok,2,2,2026-08-09T01:49:32.123163+00:00,https://www.law.cornell.edu/uscode/text/26/962,
963,ok,0,0,2026-08-09T01:49:56.252890+00:00,https://www.law.cornell.edu/uscode/text/26/963,
964,ok,5,5,2026-08-09T01:50:05.529077+00:00,https://www.law.cornell.edu/uscode/text/26/964,
965,ok,18,9,2026-08-09T01:50:16.094777+00:00,https://www.law.cornell.edu/uscode/text/26/965,
970,ok,0,0,2026-08-09T01:50:26.796702+00:00,https://www.law.cornell.edu/uscode/text/26/970,
971,ok,1,1,2026-08-09T01:50:37.071349+00:00,https://www.law.cornell.edu/uscode/text/26/971,
972,ok,0,0,2026-08-09T01:50:47.884777+00:00,https://www.law.cornell.edu/uscode/text/26/972,
981,ok,0,0,2026-08-09T01:50:58.012743+00:00,https://www.law.cornell.edu/uscode/text/26/981,
982,ok,0,0,2026-08-09T01:51:10.260995+00:00,https://www.law.cornell.edu/uscode/text/26/982,
985,ok,1,1,2026-08-09T01:51:19.048120+00:00,https://www.law.cornell.edu/uscode/text/26/985,
986,ok,2,2,2026-08-09T01:51:29.539181+00:00,https://www.law.cornell.edu/uscode/text/26/986,
987,ok,0,0,2026-08-09T01:51:40.101832+00:00,https://www.law.cornell.edu/uscode/text/26/987,
988,ok,12,10,2026-08-09T01:51:57.863844+00:00,https://www.law.cornell.edu/uscode/text/26/988,
989,ok,0,0,2026-08-09T01:52:03.664194+00:00,https://www.law.cornell.edu/uscode/text/26/989,
991,ok,1,1,2026-08-09T01:52:14.948719+00:00,https://www.law.cornell.edu/uscode/text/26/991,
992,ok,3,3,2026-08-09T01:52:23.982960+00:00,https://www.law.cornell.edu/uscode/text/26/992,
993,ok,6,4,2026-08-09T01:52:32.591893+00:00,https://www.law.cornell.edu/uscode/text/26/993,
994,ok,1,1,2026-08-09T01:52:43.149637+00:00,https://www.law.cornell.edu/uscode/text/26/994,
995,ok,9,8,2026-08-09T01:52:53.551530+00:00,https://www.law.cornell.edu/uscode/text/26/995,
996,ok,7,3,2026-08-09T01:53:05.619351+00:00,https://www.law.cornell.edu/uscode/text/26/996,
997,ok,0,0,2026-08-09T01:53:14.590266+00:00,https://www.law.cornell.edu/uscode/text/26/997,
999,ok,6,5,2026-08-09T01:53:25.032872+00:00,https://www.law.cornell.edu/uscode/text/26/999,
1000,ok,0,0,2026-08-09T01:53:35.572345+00:00,https://www.law.cornell.edu/uscode/text/26/1000,
1001,ok,2,1,2026-08-09T01:53:46.539454+00:00,https://www.law.cornell.edu/uscode/text/26/1001,
1002,ok,0,0,2026-08-09T01:53:56.687837+00:00,https://www.law.cornell.edu/uscode/text/26/1002,
1011,ok,0,0,2026-08-09T01:54:07.029826+00:00,https://www.law.cornell.edu/uscode/text/26/1011,
1012,ok,1,1,2026-08-09T01:54:17.525768+00:00,https://www.law.cornell.edu/uscode/text/26/1012,
1013,ok,0,0,2026-08-09T01:54:28.051732+00:00,https://www.law.cornell.edu/uscode/text/26/1013,
1014,ok,4,2,2026-08-09T01:54:38.532433+00:00,https://www.law.cornell.edu/uscode/text/26/1014,
1015,ok,0,0,2026-08-09T01:54:49.117484+00:00,https://www.law.cornell.edu/uscode/text/26/1015,
1016,ok,7,4,2026-08-09T01:54:59.564557+00:00,https://www.law.cornell.edu/uscode/text/26/1016,
1017,ok,8,4,2026-08-09T01:55:10.315145+00:00,https://www.law.cornell.edu/uscode/text/26/1017,
1018,ok,0,0,2026-08-09T01:55:20.612715+00:00,https://www.law.cornell.edu/uscode/text/26/1018,
1019,ok,0,0,2026-08-09T01:55:31.077695+00:00,https://www.law.cornell.edu/uscode/text/26/1019,
1020,ok,0,0,2026-08-09T01:55:44.242319+00:00,https://www.law.cornell.edu/uscode/text/26/1020,
1021,ok,0,0,2026-08-09T01:55:52.232329+00:00,https://www.law.cornell.edu/uscode/text/26/1021,
1022,ok,0,0,2026-08-09T01:56:02.530315+00:00,https://www.law.cornell.edu/uscode/text/26/1022,
1023,ok,0,0,2026-08-09T01:56:13.068053+00:00,https://www.law.cornell.edu/uscode/text/26/1023,
1024,ok,0,0,2026-08-09T01:56:23.553679+00:00,https://www.law.cornell.edu/uscode/text/26/1024,
1031,ok,2,2,2026-08-09T01:56:34.170051+00:00,https://www.law.cornell.edu/uscode/text/26/1031,
1032,ok,1,1,2026-08-09T01:56:44.646850+00:00,https://www.law.cornell.edu/uscode/text/26/1032,
1033,ok,3,3,2026-08-09T01:56:55.364286+00:00,https://www.law.cornell.edu/uscode/text/26/1033,
1034,ok,0,0,2026-08-09T01:57:07.201614+00:00,https://www.law.cornell.edu/uscode/text/26/1034,
1035,ok,0,0,2026-08-09T01:57:24.971043+00:00,https://www.law.cornell.edu/uscode/text/26/1035,
1036,ok,1,1,2026-08-09T01:57:34.592118+00:00,https://www.law.cornell.edu/uscode/text/26/1036,
1037,ok,2,2,2026-08-09T01:57:50.453302+00:00,https://www.law.cornell.edu/uscode/text/26/1037,
1038,ok,1,1,2026-08-09T01:57:54.146516+00:00,https://www.law.cornell.edu/uscode/text/26/1038,
1039,ok,0,0,2026-08-09T01:58:01.684207+00:00,https://www.law.cornell.edu/uscode/text/26/1039,
1040,ok,1,1,2026-08-09T01:58:12.140565+00:00,https://www.law.cornell.edu/uscode/text/26/1040,
1041,ok,0,0,2026-08-09T01:58:22.653957+00:00,https://www.law.cornell.edu/uscode/text/26/1041,
1042,ok,8,7,2026-08-09T01:58:33.147435+00:00,https://www.law.cornell.edu/uscode/text/26/1042,
1043,ok,0,0,2026-08-09T01:58:43.737938+00:00,https://www.law.cornell.edu/uscode/text/26/1043,
1044,ok,0,0,2026-08-09T01:58:54.192309+00:00,https://www.law.cornell.edu/uscode/text/26/1044,
1045,ok,2,2,2026-08-09T01:59:04.812981+00:00,https://www.law.cornell.edu/uscode/text/26/1045,
1051,ok,0,0,2026-08-09T01:59:15.178917+00:00,https://www.law.cornell.edu/uscode/text/26/1051,
1052,ok,0,0,2026-08-09T01:59:25.686223+00:00,https://www.law.cornell.edu/uscode/text/26/1052,
1053,ok,0,0,2026-08-09T01:59:36.173826+00:00,https://www.law.cornell.edu/uscode/text/26/1053,
1054,ok,0,0,2026-08-09T01:59:46.665639+00:00,https://www.law.cornell.edu/uscode/text/26/1054,
1055,ok,0,0,2026-08-09T01:59:57.191427+00:00,https://www.law.cornell.edu/uscode/text/26/1055,
1056,ok,0,0,2026-08-09T02:00:07.666155+00:00,https://www.law.cornell.edu/uscode/text/26/1056,
1057,ok,0,0,2026-08-09T02:00:18.209511+00:00,https://www.law.cornell.edu/uscode/text/26/1057,
1058,ok,1,1,2026-08-09T02:00:28.629970+00:00,https://www.law.cornell.edu/uscode/text/26/1058,
1059,ok,5,4,2026-08-09T02:00:39.151797+00:00,https://www.law.cornell.edu/uscode/text/26/1059,
1059A,ok,1,1,2026-08-09T02:00:49.756182+00:00,https://www.law.cornell.edu/uscode/text/26/1059A,
1060,ok,6,5,2026-08-09T02:01:00.143357+00:00,https://www.law.cornell.edu/uscode/text/26/1060,
1061,ok,2,1,2026-08-09T02:01:10.680166+00:00,https://www.law.cornell.edu/uscode/text/26/1061,
1062,ok,0,0,2026-08-09T02:01:21.355417+00:00,https://www.law.cornell.edu/uscode/text/26/1062,
1063,ok,0,0,2026-08-09T02:01:31.682020+00:00,https://www.law.cornell.edu/uscode/text/26/1063,
1071,ok,0,0,2026-08-09T02:01:42.160384+00:00,https://www.law.cornell.edu/uscode/text/26/1071,
1081...1083,http_404,0,0,2026-08-09T02:01:52.642627+00:00,https://www.law.cornell.edu/uscode/text/26/1081...1083,
1091,ok,1,1,2026-08-09T02:02:03.040866+00:00,https://www.law.cornell.edu/uscode/text/26/1091,
1092,ok,14,7,2026-08-09T02:02:13.965786+00:00,https://www.law.cornell.edu/uscode/text/26/1092,
1101...1103,http_404,0,0,2026-08-09T02:02:24.325259+00:00,https://www.law.cornell.edu/uscode/text/26/1101...1103,
1111,ok,0,0,2026-08-09T02:02:34.804399+00:00,https://www.law.cornell.edu/uscode/text/26/1111,
1201,ok,0,0,2026-08-09T02:02:47.357759+00:00,https://www.law.cornell.edu/uscode/text/26/1201,
1202,ok,10,8,2026-08-09T02:02:59.631759+00:00,https://www.law.cornell.edu/uscode/text/26/1202,
1211,ok,0,0,2026-08-09T02:03:08.413850+00:00,https://www.law.cornell.edu/uscode/text/26/1211,
1212,ok,23,6,2026-08-09T02:03:16.718328+00:00,https://www.law.cornell.edu/uscode/text/26/1212,
1221,ok,1,1,2026-08-09T02:03:27.249253+00:00,https://www.law.cornell.edu/uscode/text/26/1221,
1222,ok,1,1,2026-08-09T02:03:37.706920+00:00,https://www.law.cornell.edu/uscode/text/26/1222,
1223,ok,6,6,2026-08-09T02:03:48.333619+00:00,https://www.law.cornell.edu/uscode/text/26/1223,
1231,ok,1,1,2026-08-09T02:03:58.720923+00:00,https://www.law.cornell.edu/uscode/text/26/1231,
1232...1232B,http_404,0,0,2026-08-09T02:04:09.237595+00:00,https://www.law.cornell.edu/uscode/text/26/1232...1232B,
1233,ok,4,4,2026-08-09T02:04:19.573973+00:00,https://www.law.cornell.edu/uscode/text/26/1233,
1234,ok,3,1,2026-08-09T02:04:30.251401+00:00,https://www.law.cornell.edu/uscode/text/26/1234,
1234A,ok,0,0,2026-08-09T02:04:42.024565+00:00,https://www.law.cornell.edu/uscode/text/26/1234A,
1234B,ok,2,2,2026-08-09T02:04:54.831549+00:00,https://www.law.cornell.edu/uscode/text/26/1234B,
1235,ok,3,1,2026-08-09T02:05:10.873565+00:00,https://www.law.cornell.edu/uscode/text/26/1235,
1236,ok,0,0,2026-08-09T02:05:15.813327+00:00,https://www.law.cornell.edu/uscode/text/26/1236,
1237,ok,1,1,2026-08-09T02:05:25.874136+00:00,https://www.law.cornell.edu/uscode/text/26/1237,
1238,ok,0,0,2026-08-09T02:05:33.417257+00:00,https://www.law.cornell.edu/uscode/text/26/1238,
1239,ok,3,3,2026-08-09T02:05:43.985353+00:00,https://www.law.cornell.edu/uscode/text/26/1239,
1240,ok,0,0,2026-08-09T02:05:54.212650+00:00,https://www.law.cornell.edu/uscode/text/26/1240,
1241,ok,0,0,2026-08-09T02:06:04.668021+00:00,https://www.law.cornell.edu/uscode/text/26/1241,
1242,ok,0,0,2026-08-09T02:06:15.173574+00:00,https://www.law.cornell.edu/uscode/text/26/1242,
1243,ok,0,0,2026-08-09T02:06:25.652752+00:00,https://www.law.cornell.edu/uscode/text/26/1243,
1244,ok,4,4,2026-08-09T02:06:36.167161+00:00,https://www.law.cornell.edu/uscode/text/26/1244,
1245,ok,25,16,2026-08-09T02:06:46.715032+00:00,https://www.law.cornell.edu/uscode/text/26/1245,
1248,ok,11,8,2026-08-09T02:06:57.313279+00:00,https://www.law.cornell.edu/uscode/text/26/1248,
1249,ok,2,2,2026-08-09T02:07:07.878760+00:00,https://www.law.cornell.edu/uscode/text/26/1249,
1250,ok,6,5,2026-08-09T02:07:18.171630+00:00,https://www.law.cornell.edu/uscode/text/26/1250,
1251,ok,0,0,2026-08-09T02:07:28.836492+00:00,https://www.law.cornell.edu/uscode/text/26/1251,
1252,ok,1,1,2026-08-09T02:07:39.150580+00:00,https://www.law.cornell.edu/uscode/text/26/1252,
1253,ok,0,0,2026-08-09T02:07:49.685737+00:00,https://www.law.cornell.edu/uscode/text/26/1253,
1254,ok,4,4,2026-08-09T02:08:00.557286+00:00,https://www.law.cornell.edu/uscode/text/26/1254,
1255,ok,5,2,2026-08-09T02:08:11.017039+00:00,https://www.law.cornell.edu/uscode/text/26/1255,
1256,ok,4,2,2026-08-09T02:08:21.206892+00:00,https://www.law.cornell.edu/uscode/text/26/1256,
1257,ok,1,1,2026-08-09T02:08:31.832720+00:00,https://www.law.cornell.edu/uscode/text/26/1257,
1258,ok,4,4,2026-08-09T02:08:42.197801+00:00,https://www.law.cornell.edu/uscode/text/26/1258,
1259,ok,3,3,2026-08-09T02:08:52.955703+00:00,https://www.law.cornell.edu/uscode/text/26/1259,
1260,ok,3,3,2026-08-09T02:09:03.280285+00:00,https://www.law.cornell.edu/uscode/text/26/1260,
1271,ok,4,2,2026-08-09T02:09:13.694113+00:00,https://www.law.cornell.edu/uscode/text/26/1271,
1272,ok,1,1,2026-08-09T02:09:24.293997+00:00,https://www.law.cornell.edu/uscode/text/26/1272,
1273,ok,1,1,2026-08-09T02:09:34.738320+00:00,https://www.law.cornell.edu/uscode/text/26/1273,
1274,ok,7,7,2026-08-09T02:09:45.231741+00:00,https://www.law.cornell.edu/uscode/text/26/1274,
1274A,ok,5,2,2026-08-09T02:09:55.745305+00:00,https://www.law.cornell.edu/uscode/text/26/1274A,
1275,ok,7,5,2026-08-09T02:10:06.222967+00:00,https://www.law.cornell.edu/uscode/text/26/1275,
1276,ok,13,11,2026-08-09T02:10:16.942494+00:00,https://www.law.cornell.edu/uscode/text/26/1276,
1277,ok,2,2,2026-08-09T02:10:27.319509+00:00,https://www.law.cornell.edu/uscode/text/26/1277,
1278,ok,13,11,2026-08-09T02:10:37.713342+00:00,https://www.law.cornell.edu/uscode/text/26/1278,
1281,ok,2,2,2026-08-09T02:10:48.393839+00:00,https://www.law.cornell.edu/uscode/text/26/1281,
1282,ok,4,2,2026-08-09T02:10:58.708441+00:00,https://www.law.cornell.edu/uscode/text/26/1282,
1283,ok,6,5,2026-08-09T02:11:09.189454+00:00,https://www.law.cornell.edu/uscode/text/26/1283,
1286,ok,1,1,2026-08-09T02:11:19.745109+00:00,https://www.law.cornell.edu/uscode/text/26/1286,
1287,ok,1,1,2026-08-09T02:11:30.277717+00:00,https://www.law.cornell.edu/uscode/text/26/1287,
1288,ok,4,3,2026-08-09T02:11:44.041348+00:00,https://www.law.cornell.edu/uscode/text/26/1288,
1291,ok,8,8,2026-08-09T02:11:56.846107+00:00,https://www.law.cornell.edu/uscode/text/26/1291,
1293,ok,6,4,2026-08-09T02:12:07.415159+00:00,https://www.law.cornell.edu/uscode/text/26/1293,
1294,ok,3,2,2026-08-09T02:12:18.373242+00:00,https://www.law.cornell.edu/uscode/text/26/1294,
1295,ok,0,0,2026-08-09T02:12:26.685842+00:00,https://www.law.cornell.edu/uscode/text/26/1295,
1296,ok,5,2,2026-08-09T02:12:44.103495+00:00,https://www.law.cornell.edu/uscode/text/26/1296,
1297,ok,4,3,2026-08-09T02:12:55.524058+00:00,https://www.law.cornell.edu/uscode/text/26/1297,
1298,ok,11,9,2026-08-09T02:13:06.246890+00:00,https://www.law.cornell.edu/uscode/text/26/1298,
1301,ok,0,0,2026-08-09T02:13:09.252805+00:00,https://www.law.cornell.edu/uscode/text/26/1301,
1311,ok,0,0,2026-08-09T02:13:17.666148+00:00,https://www.law.cornell.edu/uscode/text/26/1311,
1312,ok,1,1,2026-08-09T02:13:27.924058+00:00,https://www.law.cornell.edu/uscode/text/26/1312,
1313,ok,1,1,2026-08-09T02:13:38.471045+00:00,https://www.law.cornell.edu/uscode/text/26/1313,
1314,ok,0,0,2026-08-09T02:13:49.029867+00:00,https://www.law.cornell.edu/uscode/text/26/1314,
1315,ok,0,0,2026-08-09T02:14:01.104465+00:00,https://www.law.cornell.edu/uscode/text/26/1315,
1321,ok,0,0,2026-08-09T02:14:11.765551+00:00,https://www.law.cornell.edu/uscode/text/26/1321,
1331...1337,http_404,0,0,2026-08-09T02:14:20.419381+00:00,https://www.law.cornell.edu/uscode/text/26/1331...1337,
1341,ok,3,3,2026-08-09T02:14:31.996820+00:00,https://www.law.cornell.edu/uscode/text/26/1341,
1342,ok,0,0,2026-08-09T02:14:41.478955+00:00,https://www.law.cornell.edu/uscode/text/26/1342,
1346,ok,0,0,2026-08-09T02:14:51.946746+00:00,https://www.law.cornell.edu/uscode/text/26/1346,
1347,ok,0,0,2026-08-09T02:15:02.437512+00:00,https://www.law.cornell.edu/uscode/text/26/1347,
1348,ok,0,0,2026-08-09T02:15:12.928934+00:00,https://www.law.cornell.edu/uscode/text/26/1348,
1351,ok,2,1,2026-08-09T02:15:23.447802+00:00,https://www.law.cornell.edu/uscode/text/26/1351,
1352,ok,2,1,2026-08-09T02:15:33.984537+00:00,https://www.law.cornell.edu/uscode/text/26/1352,
1353,ok,1,1,2026-08-09T02:15:44.429154+00:00,https://www.law.cornell.edu/uscode/text/26/1353,
1354,ok,0,0,2026-08-09T02:15:54.962699+00:00,https://www.law.cornell.edu/uscode/text/26/1354,
1355,ok,2,2,2026-08-09T02:16:05.439927+00:00,https://www.law.cornell.edu/uscode/text/26/1355,
1356,ok,0,0,2026-08-09T02:16:16.043326+00:00,https://www.law.cornell.edu/uscode/text/26/1356,
1357,ok,0,0,2026-08-09T02:16:26.469425+00:00,https://www.law.cornell.edu/uscode/text/26/1357,
1358,ok,1,1,2026-08-09T02:16:36.956464+00:00,https://www.law.cornell.edu/uscode/text/26/1358,
1359,ok,1,1,2026-08-09T02:16:47.461467+00:00,https://www.law.cornell.edu/uscode/text/26/1359,
1361,ok,13,11,2026-08-09T02:16:57.947940+00:00,https://www.law.cornell.edu/uscode/text/26/1361,
1362,ok,5,3,2026-08-09T02:17:08.613405+00:00,https://www.law.cornell.edu/uscode/text/26/1362,
1363,ok,7,7,2026-08-09T02:17:19.067519+00:00,https://www.law.cornell.edu/uscode/text/26/1363,
1366,ok,4,3,2026-08-09T02:17:29.486991+00:00,https://www.law.cornell.edu/uscode/text/26/1366,
1367,ok,0,0,2026-08-09T02:17:39.981299+00:00,https://www.law.cornell.edu/uscode/text/26/1367,
1368,ok,5,4,2026-08-09T02:17:50.466447+00:00,https://www.law.cornell.edu/uscode/text/26/1368,
1371,ok,6,4,2026-08-09T02:18:02.298566+00:00,https://www.law.cornell.edu/uscode/text/26/1371,
1372,ok,0,0,2026-08-09T02:18:15.423610+00:00,https://www.law.cornell.edu/uscode/text/26/1372,
1373,ok,0,0,2026-08-09T02:18:34.362552+00:00,https://www.law.cornell.edu/uscode/text/26/1373,
1374,ok,4,4,2026-08-09T02:18:40.506352+00:00,https://www.law.cornell.edu/uscode/text/26/1374,
1375,ok,2,2,2026-08-09T02:18:51.681816+00:00,https://www.law.cornell.edu/uscode/text/26/1375,
1377,ok,2,2,2026-08-09T02:18:57.248355+00:00,https://www.law.cornell.edu/uscode/text/26/1377,
1378,ok,0,0,2026-08-09T02:19:06.579821+00:00,https://www.law.cornell.edu/uscode/text/26/1378,
1379,ok,0,0,2026-08-09T02:19:17.178185+00:00,https://www.law.cornell.edu/uscode/text/26/1379,
1381,ok,0,0,2026-08-09T02:19:27.577845+00:00,https://www.law.cornell.edu/uscode/text/26/1381,
1382,ok,4,2,2026-08-09T02:19:38.127836+00:00,https://www.law.cornell.edu/uscode/text/26/1382,
1383,ok,1,1,2026-08-09T02:19:48.587190+00:00,https://www.law.cornell.edu/uscode/text/26/1383,
1385,ok,1,1,2026-08-09T02:19:59.067547+00:00,https://www.law.cornell.edu/uscode/text/26/1385,
1388,ok,3,2,2026-08-09T02:20:11.285907+00:00,https://www.law.cornell.edu/uscode/text/26/1388,
1391,ok,4,2,2026-08-09T02:20:26.235961+00:00,https://www.law.cornell.edu/uscode/text/26/1391,
1392,ok,3,2,2026-08-09T02:20:47.368917+00:00,https://www.law.cornell.edu/uscode/text/26/1392,
1393,ok,1,1,2026-08-09T02:20:52.362894+00:00,https://www.law.cornell.edu/uscode/text/26/1393,
1394,ok,6,3,2026-08-09T02:20:59.825428+00:00,https://www.law.cornell.edu/uscode/text/26/1394,
1396,ok,2,2,2026-08-09T02:21:09.154389+00:00,https://www.law.cornell.edu/uscode/text/26/1396,
1397,ok,1,1,2026-08-09T02:21:19.587358+00:00,https://www.law.cornell.edu/uscode/text/26/1397,
1397A,ok,4,1,2026-08-09T02:21:34.309855+00:00,https://www.law.cornell.edu/uscode/text/26/1397A,
1397B,ok,3,3,2026-08-09T02:21:42.244460+00:00,https://www.law.cornell.edu/uscode/text/26/1397B,
1397C,ok,4,3,2026-08-09T02:21:51.070317+00:00,https://www.law.cornell.edu/uscode/text/26/1397C,
1397D,ok,1,1,2026-08-09T02:22:01.630767+00:00,https://www.law.cornell.edu/uscode/text/26/1397D,
1397E,ok,0,0,2026-08-09T02:22:12.069124+00:00,https://www.law.cornell.edu/uscode/text/26/1397E,
1397F,ok,0,0,2026-08-09T02:22:22.691368+00:00,https://www.law.cornell.edu/uscode/text/26/1397F,
1398,ok,3,2,2026-08-09T02:22:33.079104+00:00,https://www.law.cornell.edu/uscode/text/26/1398,
1399,ok,0,0,2026-08-09T02:22:43.639210+00:00,https://www.law.cornell.edu/uscode/text/26/1399,
1400...1400C,http_404,0,0,2026-08-09T02:22:54.245634+00:00,https://www.law.cornell.edu/uscode/text/26/1400...1400C,
1400E...1400J,http_404,0,0,2026-08-09T02:23:04.481369+00:00,https://www.law.cornell.edu/uscode/text/26/1400E...1400J,
1400L...1400U–3,http_404,0,0,2026-08-09T02:23:14.958583+00:00,https://www.law.cornell.edu/uscode/text/26/1400L...1400U%E2%80%933,
1400Z–1,http_404,0,0,2026-08-09T02:23:25.458994+00:00,https://www.law.cornell.edu/uscode/text/26/1400Z%E2%80%931,
1400Z–2,http_404,0,0,2026-08-09T02:23:35.963374+00:00,https://www.law.cornell.edu/uscode/text/26/1400Z%E2%80%932,
1401,ok,1,1,2026-08-09T02:23:46.445092+00:00,https://www.law.cornell.edu/uscode/text/26/1401,
1402,ok,20,12,2026-08-09T02:23:57.223750+00:00,https://www.law.cornell.edu/uscode/text/26/1402,
1403,ok,0,0,2026-08-09T02:24:07.790242+00:00,https://www.law.cornell.edu/uscode/text/26/1403,
1411,ok,6,5,2026-08-09T02:24:18.064861+00:00,https://www.law.cornell.edu/uscode/text/26/1411,
1441,ok,10,5,2026-08-09T02:24:28.597009+00:00,https://www.law.cornell.edu/uscode/text/26/1441,
1442,ok,3,1,2026-08-09T02:24:39.167084+00:00,https://www.law.cornell.edu/uscode/text/26/1442,
1443,ok,1,1,2026-08-09T02:24:49.620868+00:00,https://www.law.cornell.edu/uscode/text/26/1443,
1444,ok,2,2,2026-08-09T02:25:00.124909+00:00,https://www.law.cornell.edu/uscode/text/26/1444,
1445,ok,6,3,2026-08-09T02:25:10.597227+00:00,https://www.law.cornell.edu/uscode/text/26/1445,
1446,ok,10,5,2026-08-09T02:25:21.192933+00:00,https://www.law.cornell.edu/uscode/text/26/1446,
1451,ok,0,0,2026-08-09T02:25:31.609858+00:00,https://www.law.cornell.edu/uscode/text/26/1451,
1461,ok,0,0,2026-08-09T02:25:42.054895+00:00,https://www.law.cornell.edu/uscode/text/26/1461,
1462,ok,0,0,2026-08-09T02:25:52.713543+00:00,https://www.law.cornell.edu/uscode/text/26/1462,
1463,ok,0,0,2026-08-09T02:26:03.075129+00:00,https://www.law.cornell.edu/uscode/text/26/1463,
1464,ok,1,1,2026-08-09T02:26:13.613380+00:00,https://www.law.cornell.edu/uscode/text/26/1464,
1465,ok,0,0,2026-08-09T02:26:24.061083+00:00,https://www.law.cornell.edu/uscode/text/26/1465,
1471,ok,6,6,2026-08-09T02:26:34.583406+00:00,https://www.law.cornell.edu/uscode/text/26/1471,
1472,ok,2,1,2026-08-09T02:26:45.188758+00:00,https://www.law.cornell.edu/uscode/text/26/1472,
1473,ok,9,9,2026-08-09T02:26:55.590931+00:00,https://www.law.cornell.edu/uscode/text/26/1473,
1474,ok,4,2,2026-08-09T02:27:06.089618+00:00,https://www.law.cornell.edu/uscode/text/26/1474,
1493,ok,0,0,2026-08-09T02:27:16.594864+00:00,https://www.law.cornell.edu/uscode/text/26/1493,
1494,ok,0,0,2026-08-09T02:27:27.110269+00:00,https://www.law.cornell.edu/uscode/text/26/1494,
1501,ok,0,0,2026-08-09T02:27:37.575792+00:00,https://www.law.cornell.edu/uscode/text/26/1501,
1502,ok,0,0,2026-08-09T02:27:48.057513+00:00,https://www.law.cornell.edu/uscode/text/26/1502,
1503,ok,7,5,2026-08-09T02:27:59.549201+00:00,https://www.law.cornell.edu/uscode/text/26/1503,
1504,ok,3,3,2026-08-09T02:28:23.372933+00:00,https://www.law.cornell.edu/uscode/text/26/1504,
1505,ok,0,0,2026-08-09T02:28:40.319560+00:00,https://www.law.cornell.edu/uscode/text/26/1505,
1551,ok,0,0,2026-08-09T02:28:45.484299+00:00,https://www.law.cornell.edu/uscode/text/26/1551,
1552,ok,0,0,2026-08-09T02:28:51.502760+00:00,https://www.law.cornell.edu/uscode/text/26/1552,
1561,ok,1,1,2026-08-09T02:29:02.039046+00:00,https://www.law.cornell.edu/uscode/text/26/1561,
1562,ok,0,0,2026-08-09T02:29:12.609980+00:00,https://www.law.cornell.edu/uscode/text/26/1562,
1563,ok,4,4,2026-08-09T02:29:23.027634+00:00,https://www.law.cornell.edu/uscode/text/26/1563,
1564,ok,0,0,2026-08-09T02:29:33.599044+00:00,https://www.law.cornell.edu/uscode/text/26/1564,
2001,ok,9,5,2026-08-09T02:29:44.066394+00:00,https://www.law.cornell.edu/uscode/text/26/2001,
2002,ok,0,0,2026-08-09T02:29:54.576406+00:00,https://www.law.cornell.edu/uscode/text/26/2002,
2010,ok,3,2,2026-08-09T02:30:06.014343+00:00,https://www.law.cornell.edu/uscode/text/26/2010,
2011,ok,0,0,2026-08-09T02:30:15.631523+00:00,https://www.law.cornell.edu/uscode/text/26/2011,
2012,ok,2,2,2026-08-09T02:30:26.009426+00:00,https://www.law.cornell.edu/uscode/text/26/2012,
2013,ok,3,3,2026-08-09T02:30:36.571883+00:00,https://www.law.cornell.edu/uscode/text/26/2013,
2014,ok,4,4,2026-08-09T02:30:47.043789+00:00,https://www.law.cornell.edu/uscode/text/26/2014,
2015,ok,0,0,2026-08-09T02:30:57.538690+00:00,https://www.law.cornell.edu/uscode/text/26/2015,
2016,ok,0,0,2026-08-09T02:31:08.001175+00:00,https://www.law.cornell.edu/uscode/text/26/2016,
2031,ok,4,3,2026-08-09T02:31:18.670544+00:00,https://www.law.cornell.edu/uscode/text/26/2031,
2032,ok,2,2,2026-08-09T02:31:31.338890+00:00,https://www.law.cornell.edu/uscode/text/26/2032,
2032A,ok,11,6,2026-08-09T02:31:43.339340+00:00,https://www.law.cornell.edu/uscode/text/26/2032A,
2033,ok,0,0,2026-08-09T02:31:53.232236+00:00,https://www.law.cornell.edu/uscode/text/26/2033,
2033A,ok,0,0,2026-08-09T02:32:03.357914+00:00,https://www.law.cornell.edu/uscode/text/26/2033A,
2034,ok,0,0,2026-08-09T02:32:10.995881+00:00,https://www.law.cornell.edu/uscode/text/26/2034,
2035,ok,7,7,2026-08-09T02:32:21.510827+00:00,https://www.law.cornell.edu/uscode/text/26/2035,
2036,ok,1,1,2026-08-09T02:32:32.060478+00:00,https://www.law.cornell.edu/uscode/text/26/2036,
2037,ok,1,1,2026-08-09T02:32:42.543709+00:00,https://www.law.cornell.edu/uscode/text/26/2037,
2038,ok,0,0,2026-08-09T02:32:54.820011+00:00,https://www.law.cornell.edu/uscode/text/26/2038,
2039,ok,0,0,2026-08-09T02:33:03.531890+00:00,https://www.law.cornell.edu/uscode/text/26/2039,
2040,ok,0,0,2026-08-09T02:33:14.072072+00:00,https://www.law.cornell.edu/uscode/text/26/2040,
2041,ok,1,1,2026-08-09T02:33:24.900525+00:00,https://www.law.cornell.edu/uscode/text/26/2041,
2042,ok,0,0,2026-08-09T02:33:36.861985+00:00,https://www.law.cornell.edu/uscode/text/26/2042,
2043,ok,0,0,2026-08-09T02:33:45.538772+00:00,https://www.law.cornell.edu/uscode/text/26/2043,
2044,ok,2,2,2026-08-09T02:33:56.464035+00:00,https://www.law.cornell.edu/uscode/text/26/2044,
2045,ok,1,1,2026-08-09T02:34:14.771027+00:00,https://www.law.cornell.edu/uscode/text/26/2045,
2046,ok,0,0,2026-08-09T02:34:17.607429+00:00,https://www.law.cornell.edu/uscode/text/26/2046,
2051,ok,0,0,2026-08-09T02:34:28.741626+00:00,https://www.law.cornell.edu/uscode/text/26/2051,
2052,ok,0,0,2026-08-09T02:34:38.021307+00:00,https://www.law.cornell.edu/uscode/text/26/2052,
2053,ok,4,4,2026-08-09T02:34:48.512367+00:00,https://www.law.cornell.edu/uscode/text/26/2053,
2054,ok,0,0,2026-08-09T02:34:59.059797+00:00,https://www.law.cornell.edu/uscode/text/26/2054,
2055,ok,13,7,2026-08-09T02:35:09.558599+00:00,https://www.law.cornell.edu/uscode/text/26/2055,
2056,ok,5,5,2026-08-09T02:35:20.158147+00:00,https://www.law.cornell.edu/uscode/text/26/2056,
2056A,ok,2,2,2026-08-09T02:35:30.672439+00:00,https://www.law.cornell.edu/uscode/text/26/2056A,
2057,ok,0,0,2026-08-09T02:35:48.473173+00:00,https://www.law.cornell.edu/uscode/text/26/2057,
2058,ok,0,0,2026-08-09T02:35:59.075223+00:00,https://www.law.cornell.edu/uscode/text/26/2058,
2101,ok,3,2,2026-08-09T02:36:07.549322+00:00,https://www.law.cornell.edu/uscode/text/26/2101,
2102,ok,3,3,2026-08-09T02:36:19.695110+00:00,https://www.law.cornell.edu/uscode/text/26/2102,
2103,ok,1,1,2026-08-09T02:36:25.435901+00:00,https://www.law.cornell.edu/uscode/text/26/2103,
2104,ok,1,1,2026-08-09T02:36:33.509465+00:00,https://www.law.cornell.edu/uscode/text/26/2104,
2105,ok,3,1,2026-08-09T02:36:44.027655+00:00,https://www.law.cornell.edu/uscode/text/26/2105,
2106,ok,4,3,2026-08-09T02:36:54.554845+00:00,https://www.law.cornell.edu/uscode/text/26/2106,
2107,ok,3,3,2026-08-09T02:37:05.083489+00:00,https://www.law.cornell.edu/uscode/text/26/2107,
2108,ok,0,0,2026-08-09T02:37:15.557227+00:00,https://www.law.cornell.edu/uscode/text/26/2108,
2201,ok,4,4,2026-08-09T02:37:26.031973+00:00,https://www.law.cornell.edu/uscode/text/26/2201,
2202,ok,0,0,2026-08-09T02:37:36.561784+00:00,https://www.law.cornell.edu/uscode/text/26/2202,
2203,ok,0,0,2026-08-09T02:37:47.028478+00:00,https://www.law.cornell.edu/uscode/text/26/2203,
2204,ok,3,3,2026-08-09T02:37:57.571724+00:00,https://www.law.cornell.edu/uscode/text/26/2204,
2205,ok,0,0,2026-08-09T02:38:08.052413+00:00,https://www.law.cornell.edu/uscode/text/26/2205,
2206,ok,0,0,2026-08-09T02:38:19.329437+00:00,https://www.law.cornell.edu/uscode/text/26/2206,
2207,ok,0,0,2026-08-09T02:38:30.701061+00:00,https://www.law.cornell.edu/uscode/text/26/2207,
2207A,ok,1,1,2026-08-09T02:38:44.370245+00:00,https://www.law.cornell.edu/uscode/text/26/2207A,
2207B,ok,1,1,2026-08-09T02:38:59.687431+00:00,https://www.law.cornell.edu/uscode/text/26/2207B,
2208,ok,0,0,2026-08-09T02:39:00.545370+00:00,https://www.law.cornell.edu/uscode/text/26/2208,
2209,ok,0,0,2026-08-09T02:39:11.023030+00:00,https://www.law.cornell.edu/uscode/text/26/2209,
2210,ok,0,0,2026-08-09T02:39:21.553993+00:00,https://www.law.cornell.edu/uscode/text/26/2210,
2501,ok,3,3,2026-08-09T02:39:32.046010+00:00,https://www.law.cornell.edu/uscode/text/26/2501,
2502,ok,2,1,2026-08-09T02:39:44.312769+00:00,https://www.law.cornell.edu/uscode/text/26/2502,
2503,ok,4,4,2026-08-09T02:39:53.071159+00:00,https://www.law.cornell.edu/uscode/text/26/2503,
2504,ok,4,4,2026-08-09T02:40:03.575424+00:00,https://www.law.cornell.edu/uscode/text/26/2504,
2505,ok,3,2,2026-08-09T02:40:14.070382+00:00,https://www.law.cornell.edu/uscode/text/26/2505,
2511,ok,1,1,2026-08-09T02:40:24.567754+00:00,https://www.law.cornell.edu/uscode/text/26/2511,
2512,ok,0,0,2026-08-09T02:40:35.036171+00:00,https://www.law.cornell.edu/uscode/text/26/2512,
2513,ok,0,0,2026-08-09T02:40:45.540561+00:00,https://www.law.cornell.edu/uscode/text/26/2513,
2514,ok,0,0,2026-08-09T02:40:56.036460+00:00,https://www.law.cornell.edu/uscode/text/26/2514,
2515,ok,1,1,2026-08-09T02:41:06.668245+00:00,https://www.law.cornell.edu/uscode/text/26/2515,
2515A,ok,0,0,2026-08-09T02:41:17.020919+00:00,https://www.law.cornell.edu/uscode/text/26/2515A,
2516,ok,0,0,2026-08-09T02:41:27.510666+00:00,https://www.law.cornell.edu/uscode/text/26/2516,
2517,ok,0,0,2026-08-09T02:41:38.044758+00:00,https://www.law.cornell.edu/uscode/text/26/2517,
2518,ok,0,0,2026-08-09T02:41:48.824992+00:00,https://www.law.cornell.edu/uscode/text/26/2518,
2519,ok,2,2,2026-08-09T02:41:59.075584+00:00,https://www.law.cornell.edu/uscode/text/26/2519,
2521,ok,0,0,2026-08-09T02:42:09.550954+00:00,https://www.law.cornell.edu/uscode/text/26/2521,
2522,ok,17,8,2026-08-09T02:42:20.044041+00:00,https://www.law.cornell.edu/uscode/text/26/2522,
2523,ok,7,7,2026-08-09T02:42:30.630928+00:00,https://www.law.cornell.edu/uscode/text/26/2523,
2524,ok,2,2,2026-08-09T02:42:41.103224+00:00,https://www.law.cornell.edu/uscode/text/26/2524,
2601,ok,0,0,2026-08-09T02:42:51.534544+00:00,https://www.law.cornell.edu/uscode/text/26/2601,
2602,ok,1,1,2026-08-09T02:43:02.271761+00:00,https://www.law.cornell.edu/uscode/text/26/2602,
2603,ok,1,1,2026-08-09T02:43:12.571277+00:00,https://www.law.cornell.edu/uscode/text/26/2603,
2604,ok,0,0,2026-08-09T02:43:23.055221+00:00,https://www.law.cornell.edu/uscode/text/26/2604,
2611,ok,0,0,2026-08-09T02:43:42.401351+00:00,https://www.law.cornell.edu/uscode/text/26/2611,
2612,ok,1,1,2026-08-09T02:43:49.598046+00:00,https://www.law.cornell.edu/uscode/text/26/2612,
2613,ok,0,0,2026-08-09T02:44:07.693968+00:00,https://www.law.cornell.edu/uscode/text/26/2613,
2614,ok,0,0,2026-08-09T02:44:10.265739+00:00,https://www.law.cornell.edu/uscode/text/26/2614,
2621,ok,0,0,2026-08-09T02:44:19.198186+00:00,https://www.law.cornell.edu/uscode/text/26/2621,
2622,ok,0,0,2026-08-09T02:44:29.418716+00:00,https://www.law.cornell.edu/uscode/text/26/2622,
2623,ok,0,0,2026-08-09T02:44:39.877739+00:00,https://www.law.cornell.edu/uscode/text/26/2623,
2624,ok,1,1,2026-08-09T02:44:50.399687+00:00,https://www.law.cornell.edu/uscode/text/26/2624,
2631,ok,1,1,2026-08-09T02:45:00.914318+00:00,https://www.law.cornell.edu/uscode/text/26/2631,
2632,ok,6,5,2026-08-09T02:45:11.454440+00:00,https://www.law.cornell.edu/uscode/text/26/2632,
2641,ok,0,0,2026-08-09T02:45:22.292646+00:00,https://www.law.cornell.edu/uscode/text/26/2641,
2642,ok,15,7,2026-08-09T02:45:32.383915+00:00,https://www.law.cornell.edu/uscode/text/26/2642,
2651,ok,2,2,2026-08-09T02:45:43.118583+00:00,https://www.law.cornell.edu/uscode/text/26/2651,
2652,ok,2,2,2026-08-09T02:45:53.402354+00:00,https://www.law.cornell.edu/uscode/text/26/2652,
2653,ok,1,1,2026-08-09T02:46:03.926839+00:00,https://www.law.cornell.edu/uscode/text/26/2653,
2654,ok,1,1,2026-08-09T02:46:14.389947+00:00,https://www.law.cornell.edu/uscode/text/26/2654,
2661,ok,0,0,2026-08-09T02:46:24.902985+00:00,https://www.law.cornell.edu/uscode/text/26/2661,
2662,ok,1,1,2026-08-09T02:46:35.382106+00:00,https://www.law.cornell.edu/uscode/text/26/2662,
2663,ok,0,0,2026-08-09T02:46:45.905433+00:00,https://www.law.cornell.edu/uscode/text/26/2663,
2664,ok,0,0,2026-08-09T02:46:56.403520+00:00,https://www.law.cornell.edu/uscode/text/26/2664,
2701,ok,4,4,2026-08-09T02:47:06.905111+00:00,https://www.law.cornell.edu/uscode/text/26/2701,
2702,ok,1,1,2026-08-09T02:47:17.566881+00:00,https://www.law.cornell.edu/uscode/text/26/2702,
2703,ok,0,0,2026-08-09T02:47:27.909036+00:00,https://www.law.cornell.edu/uscode/text/26/2703,
2704,ok,1,1,2026-08-09T02:47:38.456153+00:00,https://www.law.cornell.edu/uscode/text/26/2704,
2801,ok,4,4,2026-08-09T02:47:48.932144+00:00,https://www.law.cornell.edu/uscode/text/26/2801,
3101,ok,3,1,2026-08-09T02:47:59.412120+00:00,https://www.law.cornell.edu/uscode/text/26/3101,
3102,ok,9,4,2026-08-09T02:48:10.570944+00:00,https://www.law.cornell.edu/uscode/text/26/3102,
3111,ok,4,3,2026-08-09T02:48:20.495675+00:00,https://www.law.cornell.edu/uscode/text/26/3111,
3112,ok,1,1,2026-08-09T02:48:31.102476+00:00,https://www.law.cornell.edu/uscode/text/26/3112,
3113,ok,0,0,2026-08-09T02:48:41.381847+00:00,https://www.law.cornell.edu/uscode/text/26/3113,
3121,ok,23,17,2026-08-09T02:48:51.918505+00:00,https://www.law.cornell.edu/uscode/text/26/3121,
3122,ok,0,0,2026-08-09T02:49:02.790647+00:00,https://www.law.cornell.edu/uscode/text/26/3122,
3123,ok,0,0,2026-08-09T02:49:16.327686+00:00,https://www.law.cornell.edu/uscode/text/26/3123,
3124,ok,0,0,2026-08-09T02:49:27.609725+00:00,https://www.law.cornell.edu/uscode/text/26/3124,
3125,ok,3,1,2026-08-09T02:49:40.212711+00:00,https://www.law.cornell.edu/uscode/text/26/3125,
3126,ok,0,0,2026-08-09T02:49:52.292737+00:00,https://www.law.cornell.edu/uscode/text/26/3126,
3127,ok,0,0,2026-08-09T02:50:07.379740+00:00,https://www.law.cornell.edu/uscode/text/26/3127,
3128,ok,0,0,2026-08-09T02:50:10.535875+00:00,https://www.law.cornell.edu/uscode/text/26/3128,
3131,ok,5,4,2026-08-09T02:50:18.555626+00:00,https://www.law.cornell.edu/uscode/text/26/3131,
3132,ok,7,4,2026-08-09T02:50:29.182783+00:00,https://www.law.cornell.edu/uscode/text/26/3132,
3133,ok,0,0,2026-08-09T02:50:39.665930+00:00,https://www.law.cornell.edu/uscode/text/26/3133,
3134,ok,10,9,2026-08-09T02:50:50.067470+00:00,https://www.law.cornell.edu/uscode/text/26/3134,
3201,ok,1,1,2026-08-09T02:51:02.235693+00:00,https://www.law.cornell.edu/uscode/text/26/3201,
3202,ok,3,2,2026-08-09T02:51:17.084271+00:00,https://www.law.cornell.edu/uscode/text/26/3202,
3211,ok,0,0,2026-08-09T02:51:33.554372+00:00,https://www.law.cornell.edu/uscode/text/26/3211,
3212,ok,0,0,2026-08-09T02:51:42.140880+00:00,https://www.law.cornell.edu/uscode/text/26/3212,
3221,ok,1,1,2026-08-09T02:51:49.909895+00:00,https://www.law.cornell.edu/uscode/text/26/3221,
3231,ok,6,5,2026-08-09T02:51:55.746807+00:00,https://www.law.cornell.edu/uscode/text/26/3231,
3232,ok,0,0,2026-08-09T02:52:05.921465+00:00,https://www.law.cornell.edu/uscode/text/26/3232,
3233,ok,0,0,2026-08-09T02:52:16.262996+00:00,https://www.law.cornell.edu/uscode/text/26/3233,
3241,ok,0,0,2026-08-09T02:52:26.731790+00:00,https://www.law.cornell.edu/uscode/text/26/3241,
3301,ok,0,0,2026-08-09T02:52:37.255408+00:00,https://www.law.cornell.edu/uscode/text/26/3301,
3302,ok,6,2,2026-08-09T02:52:47.813137+00:00,https://www.law.cornell.edu/uscode/text/26/3302,
3303,ok,4,4,2026-08-09T02:52:58.486814+00:00,https://www.law.cornell.edu/uscode/text/26/3303,
3304,ok,10,4,2026-08-09T02:53:08.902895+00:00,https://www.law.cornell.edu/uscode/text/26/3304,
3305,ok,0,0,2026-08-09T02:53:20.643251+00:00,https://www.law.cornell.edu/uscode/text/26/3305,
3306,ok,12,9,2026-08-09T02:53:29.846825+00:00,https://www.law.cornell.edu/uscode/text/26/3306,
3307,ok,0,0,2026-08-09T02:53:40.516213+00:00,https://www.law.cornell.edu/uscode/text/26/3307,
3308,ok,1,1,2026-08-09T02:53:50.776279+00:00,https://www.law.cornell.edu/uscode/text/26/3308,
3309,ok,1,1,2026-08-09T02:54:01.249049+00:00,https://www.law.cornell.edu/uscode/text/26/3309,
3310,ok,0,0,2026-08-09T02:54:11.846682+00:00,https://www.law.cornell.edu/uscode/text/26/3310,
3311,ok,0,0,2026-08-09T02:54:22.272288+00:00,https://www.law.cornell.edu/uscode/text/26/3311,
3321,ok,0,0,2026-08-09T02:54:32.859119+00:00,https://www.law.cornell.edu/uscode/text/26/3321,
3322,ok,2,2,2026-08-09T02:54:43.271797+00:00,https://www.law.cornell.edu/uscode/text/26/3322,
3323,ok,0,0,2026-08-09T02:54:53.785532+00:00,https://www.law.cornell.edu/uscode/text/26/3323,
3401,ok,9,7,2026-08-09T02:55:04.247516+00:00,https://www.law.cornell.edu/uscode/text/26/3401,
3402,ok,13,11,2026-08-09T02:55:16.110160+00:00,https://www.law.cornell.edu/uscode/text/26/3402,
3403,ok,0,0,2026-08-09T02:55:30.486742+00:00,https://www.law.cornell.edu/uscode/text/26/3403,
3404,ok,0,0,2026-08-09T02:55:40.310944+00:00,https://www.law.cornell.edu/uscode/text/26/3404,
3405,ok,5,4,2026-08-09T02:55:49.652962+00:00,https://www.law.cornell.edu/uscode/text/26/3405,
3406,ok,13,8,2026-08-09T02:55:58.001576+00:00,https://www.law.cornell.edu/uscode/text/26/3406,
3451...3456,http_404,0,0,2026-08-09T02:56:08.400782+00:00,https://www.law.cornell.edu/uscode/text/26/3451...3456,
3501,ok,0,0,2026-08-09T02:56:17.641944+00:00,https://www.law.cornell.edu/uscode/text/26/3501,
3502,ok,0,0,2026-08-09T02:56:28.275527+00:00,https://www.law.cornell.edu/uscode/text/26/3502,
3503,ok,2,2,2026-08-09T02:56:38.752870+00:00,https://www.law.cornell.edu/uscode/text/26/3503,
3504,ok,0,0,2026-08-09T02:56:49.241873+00:00,https://www.law.cornell.edu/uscode/text/26/3504,
3505,ok,0,0,2026-08-09T02:56:59.821283+00:00,https://www.law.cornell.edu/uscode/text/26/3505,
3506,ok,0,0,2026-08-09T02:57:10.252150+00:00,https://www.law.cornell.edu/uscode/text/26/3506,
3507,ok,0,0,2026-08-09T02:57:23.099348+00:00,https://www.law.cornell.edu/uscode/text/26/3507,
3508,ok,0,0,2026-08-09T02:57:31.492452+00:00,https://www.law.cornell.edu/uscode/text/26/3508,
3509,ok,6,5,2026-08-09T02:57:41.773213+00:00,https://www.law.cornell.edu/uscode/text/26/3509,
3510,ok,2,2,2026-08-09T02:57:52.321156+00:00,https://www.law.cornell.edu/uscode/text/26/3510,
3511,ok,12,12,2026-08-09T02:58:02.813292+00:00,https://www.law.cornell.edu/uscode/text/26/3511,
3512,ok,2,2,2026-08-09T02:58:13.310548+00:00,https://www.law.cornell.edu/uscode/text/26/3512,
4001...4003,http_404,0,0,2026-08-09T02:58:23.828088+00:00,https://www.law.cornell.edu/uscode/text/26/4001...4003,
4041,ok,19,10,2026-08-09T02:58:34.178658+00:00,https://www.law.cornell.edu/uscode/text/26/4041,
4042,ok,3,2,2026-08-09T02:58:45.032426+00:00,https://www.law.cornell.edu/uscode/text/26/4042,
4043,ok,0,0,2026-08-09T02:58:58.024975+00:00,https://www.law.cornell.edu/uscode/text/26/4043,
4051,ok,1,1,2026-08-09T02:59:23.751783+00:00,https://www.law.cornell.edu/uscode/text/26/4051,
4052,ok,4,4,2026-08-09T02:59:38.377152+00:00,https://www.law.cornell.edu/uscode/text/26/4052,
4053,ok,0,0,2026-08-09T02:59:43.104533+00:00,https://www.law.cornell.edu/uscode/text/26/4053,
4061...4063,http_404,0,0,2026-08-09T02:59:49.893274+00:00,https://www.law.cornell.edu/uscode/text/26/4061...4063,
4064,ok,0,0,2026-08-09T02:59:59.973949+00:00,https://www.law.cornell.edu/uscode/text/26/4064,
4071,ok,0,0,2026-08-09T03:00:10.602002+00:00,https://www.law.cornell.edu/uscode/text/26/4071,
4072,ok,0,0,2026-08-09T03:00:21.143161+00:00,https://www.law.cornell.edu/uscode/text/26/4072,
4073,ok,0,0,2026-08-09T03:00:31.567486+00:00,https://www.law.cornell.edu/uscode/text/26/4073,
4081,ok,3,2,2026-08-09T03:00:42.072230+00:00,https://www.law.cornell.edu/uscode/text/26/4081,
4082,ok,12,6,2026-08-09T03:00:52.829330+00:00,https://www.law.cornell.edu/uscode/text/26/4082,
4083,ok,6,5,2026-08-09T03:01:03.199902+00:00,https://www.law.cornell.edu/uscode/text/26/4083,
4084,ok,0,0,2026-08-09T03:01:13.618395+00:00,https://www.law.cornell.edu/uscode/text/26/4084,
4101,ok,4,4,2026-08-09T03:01:24.109282+00:00,https://www.law.cornell.edu/uscode/text/26/4101,
4102,ok,1,1,2026-08-09T03:01:34.633659+00:00,https://www.law.cornell.edu/uscode/text/26/4102,
4103,ok,1,1,2026-08-09T03:01:45.089686+00:00,https://www.law.cornell.edu/uscode/text/26/4103,
4104,ok,4,4,2026-08-09T03:01:55.572358+00:00,https://www.law.cornell.edu/uscode/text/26/4104,
4105,ok,0,0,2026-08-09T03:02:06.066169+00:00,https://www.law.cornell.edu/uscode/text/26/4105,
4121,ok,0,0,2026-08-09T03:02:16.579060+00:00,https://www.law.cornell.edu/uscode/text/26/4121,
4131,ok,0,0,2026-08-09T03:02:27.156777+00:00,https://www.law.cornell.edu/uscode/text/26/4131,
4132,ok,5,2,2026-08-09T03:02:37.585542+00:00,https://www.law.cornell.edu/uscode/text/26/4132,
4161,ok,0,0,2026-08-09T03:02:48.186385+00:00,https://www.law.cornell.edu/uscode/text/26/4161,
4162,ok,2,2,2026-08-09T03:02:58.629322+00:00,https://www.law.cornell.edu/uscode/text/26/4162,
4171...4173,http_404,0,0,2026-08-09T03:03:09.110345+00:00,https://www.law.cornell.edu/uscode/text/26/4171...4173,
4181,ok,0,0,2026-08-09T03:03:20.246514+00:00,https://www.law.cornell.edu/uscode/text/26/4181,
4182,ok,2,2,2026-08-09T03:03:30.062464+00:00,https://www.law.cornell.edu/uscode/text/26/4182,
4191,ok,0,0,2026-08-09T03:03:40.575061+00:00,https://www.law.cornell.edu/uscode/text/26/4191,
4216,ok,4,3,2026-08-09T03:03:51.078752+00:00,https://www.law.cornell.edu/uscode/text/26/4216,
4217,ok,2,2,2026-08-09T03:04:01.692993+00:00,https://www.law.cornell.edu/uscode/text/26/4217,
4218,ok,0,0,2026-08-09T03:04:12.342126+00:00,https://www.law.cornell.edu/uscode/text/26/4218,
4219,ok,0,0,2026-08-09T03:04:22.611925+00:00,https://www.law.cornell.edu/uscode/text/26/4219,
4220...4225,http_404,0,0,2026-08-09T03:04:33.233779+00:00,https://www.law.cornell.edu/uscode/text/26/4220...4225,
4221,ok,8,6,2026-08-09T03:04:46.409487+00:00,https://www.law.cornell.edu/uscode/text/26/4221,
4222,ok,2,1,2026-08-09T03:05:01.324469+00:00,https://www.law.cornell.edu/uscode/text/26/4222,
4223,ok,2,2,2026-08-09T03:05:12.452805+00:00,https://www.law.cornell.edu/uscode/text/26/4223,
4224,ok,0,0,2026-08-09T03:05:23.420454+00:00,https://www.law.cornell.edu/uscode/text/26/4224,
4225,ok,0,0,2026-08-09T03:05:25.861320+00:00,https://www.law.cornell.edu/uscode/text/26/4225,
4226,ok,0,0,2026-08-09T03:05:36.060643+00:00,https://www.law.cornell.edu/uscode/text/26/4226,
4227,ok,0,0,2026-08-09T03:05:46.596893+00:00,https://www.law.cornell.edu/uscode/text/26/4227,
4231...4234,http_404,0,0,2026-08-09T03:05:57.066340+00:00,https://www.law.cornell.edu/uscode/text/26/4231...4234,
4241...4243,http_404,0,0,2026-08-09T03:06:07.540512+00:00,https://www.law.cornell.edu/uscode/text/26/4241...4243,
4251,ok,0,0,2026-08-09T03:06:17.997910+00:00,https://www.law.cornell.edu/uscode/text/26/4251,
4252,ok,0,0,2026-08-09T03:06:28.677023+00:00,https://www.law.cornell.edu/uscode/text/26/4252,
4253,ok,9,1,2026-08-09T03:06:44.610522+00:00,https://www.law.cornell.edu/uscode/text/26/4253,
4254,ok,1,1,2026-08-09T03:07:03.259661+00:00,https://www.law.cornell.edu/uscode/text/26/4254,
4261,ok,8,4,2026-08-09T03:07:33.151862+00:00,https://www.law.cornell.edu/uscode/text/26/4261,
4262,ok,0,0,2026-08-09T03:07:42.067670+00:00,https://www.law.cornell.edu/uscode/text/26/4262,
4263,ok,2,1,2026-08-09T03:07:52.507164+00:00,https://www.law.cornell.edu/uscode/text/26/4263,
4271,ok,0,0,2026-08-09T03:08:02.967115+00:00,https://www.law.cornell.edu/uscode/text/26/4271,
4272,ok,0,0,2026-08-09T03:08:13.532762+00:00,https://www.law.cornell.edu/uscode/text/26/4272,
4281,ok,2,2,2026-08-09T03:08:23.944102+00:00,https://www.law.cornell.edu/uscode/text/26/4281,
4282,ok,1,1,2026-08-09T03:08:34.450565+00:00,https://www.law.cornell.edu/uscode/text/26/4282,
4283,ok,0,0,2026-08-09T03:08:44.914036+00:00,https://www.law.cornell.edu/uscode/text/26/4283,
4291,ok,0,0,2026-08-09T03:08:55.426715+00:00,https://www.law.cornell.edu/uscode/text/26/4291,
4292,ok,0,0,2026-08-09T03:09:05.929520+00:00,https://www.law.cornell.edu/uscode/text/26/4292,
4293,ok,0,0,2026-08-09T03:09:16.400993+00:00,https://www.law.cornell.edu/uscode/text/26/4293,
4371,ok,0,0,2026-08-09T03:09:26.910419+00:00,https://www.law.cornell.edu/uscode/text/26/4371,
4372,ok,0,0,2026-08-09T03:09:37.418943+00:00,https://www.law.cornell.edu/uscode/text/26/4372,
4373,ok,1,1,2026-08-09T03:09:47.929364+00:00,https://www.law.cornell.edu/uscode/text/26/4373,
4374,ok,0,0,2026-08-09T03:09:58.426608+00:00,https://www.law.cornell.edu/uscode/text/26/4374,
4375,ok,0,0,2026-08-09T03:10:08.888108+00:00,https://www.law.cornell.edu/uscode/text/26/4375,
4376,ok,0,0,2026-08-09T03:10:19.454582+00:00,https://www.law.cornell.edu/uscode/text/26/4376,
4377,ok,1,1,2026-08-09T03:10:29.951243+00:00,https://www.law.cornell.edu/uscode/text/26/4377,
4401,ok,1,1,2026-08-09T03:10:40.478518+00:00,https://www.law.cornell.edu/uscode/text/26/4401,
4402,ok,2,1,2026-08-09T03:10:55.890724+00:00,https://www.law.cornell.edu/uscode/text/26/4402,
4403,ok,0,0,2026-08-09T03:11:01.472633+00:00,https://www.law.cornell.edu/uscode/text/26/4403,
4404,ok,0,0,2026-08-09T03:11:14.735538+00:00,https://www.law.cornell.edu/uscode/text/26/4404,
4405,ok,1,1,2026-08-09T03:11:31.627433+00:00,https://www.law.cornell.edu/uscode/text/26/4405,
4411,ok,2,1,2026-08-09T03:11:36.158399+00:00,https://www.law.cornell.edu/uscode/text/26/4411,
4412,ok,0,0,2026-08-09T03:11:43.428272+00:00,https://www.law.cornell.edu/uscode/text/26/4412,
4413,ok,5,5,2026-08-09T03:11:53.945643+00:00,https://www.law.cornell.edu/uscode/text/26/4413,
4414,ok,1,1,2026-08-09T03:12:04.427069+00:00,https://www.law.cornell.edu/uscode/text/26/4414,
4421,ok,0,0,2026-08-09T03:12:14.929055+00:00,https://www.law.cornell.edu/uscode/text/26/4421,
4422,ok,0,0,2026-08-09T03:12:25.429704+00:00,https://www.law.cornell.edu/uscode/text/26/4422,
4423,ok,0,0,2026-08-09T03:12:35.921771+00:00,https://www.law.cornell.edu/uscode/text/26/4423,
4424,ok,1,1,2026-08-09T03:12:46.396744+00:00,https://www.law.cornell.edu/uscode/text/26/4424,
4461,ok,0,0,2026-08-09T03:12:56.921238+00:00,https://www.law.cornell.edu/uscode/text/26/4461,
4462,ok,3,1,2026-08-09T03:13:08.354125+00:00,https://www.law.cornell.edu/uscode/text/26/4462,
4471,ok,0,0,2026-08-09T03:13:20.082229+00:00,https://www.law.cornell.edu/uscode/text/26/4471,
4472,ok,0,0,2026-08-09T03:13:28.454160+00:00,https://www.law.cornell.edu/uscode/text/26/4472,
4475,ok,0,0,2026-08-09T03:13:38.929437+00:00,https://www.law.cornell.edu/uscode/text/26/4475,
4481,ok,0,0,2026-08-09T03:13:52.745485+00:00,https://www.law.cornell.edu/uscode/text/26/4481,
4482,ok,1,1,2026-08-09T03:14:01.236482+00:00,https://www.law.cornell.edu/uscode/text/26/4482,
4483,ok,10,1,2026-08-09T03:14:11.861155+00:00,https://www.law.cornell.edu/uscode/text/26/4483,
4484,ok,0,0,2026-08-09T03:14:22.563299+00:00,https://www.law.cornell.edu/uscode/text/26/4484,
4491...4494,http_404,0,0,2026-08-09T03:15:02.158457+00:00,https://www.law.cornell.edu/uscode/text/26/4491...4494,
4495...4498,http_404,0,0,2026-08-09T03:15:11.058008+00:00,https://www.law.cornell.edu/uscode/text/26/4495...4498,
4501,ok,5,4,2026-08-09T03:15:21.692213+00:00,https://www.law.cornell.edu/uscode/text/26/4501,
4521,ok,0,0,2026-08-09T03:15:32.394387+00:00,https://www.law.cornell.edu/uscode/text/26/4521,
4551...4553,http_404,0,0,2026-08-09T03:15:42.667772+00:00,https://www.law.cornell.edu/uscode/text/26/4551...4553,
4591...4597,http_404,0,0,2026-08-09T03:15:53.069573+00:00,https://www.law.cornell.edu/uscode/text/26/4591...4597,
4601...4603,http_404,0,0,2026-08-09T03:16:06.199948+00:00,https://www.law.cornell.edu/uscode/text/26/4601...4603,
4611,ok,0,0,2026-08-09T03:16:15.322954+00:00,https://www.law.cornell.edu/uscode/text/26/4611,
4612,ok,4,3,2026-08-09T03:16:24.709809+00:00,https://www.law.cornell.edu/uscode/text/26/4612,
4661,ok,0,0,2026-08-09T03:16:35.207823+00:00,https://www.law.cornell.edu/uscode/text/26/4661,
4662,ok,12,4,2026-08-09T03:16:45.693238+00:00,https://www.law.cornell.edu/uscode/text/26/4662,
4671,ok,2,2,2026-08-09T03:16:56.293409+00:00,https://www.law.cornell.edu/uscode/text/26/4671,
4672,ok,1,1,2026-08-09T03:17:06.677467+00:00,https://www.law.cornell.edu/uscode/text/26/4672,
4681,ok,1,1,2026-08-09T03:17:17.175552+00:00,https://www.law.cornell.edu/uscode/text/26/4681,
4682,ok,7,4,2026-08-09T03:17:27.758284+00:00,https://www.law.cornell.edu/uscode/text/26/4682,
4701,ok,0,0,2026-08-09T03:17:38.286214+00:00,https://www.law.cornell.edu/uscode/text/26/4701,
4901,ok,1,1,2026-08-09T03:17:48.669771+00:00,https://www.law.cornell.edu/uscode/text/26/4901,
4902,ok,0,0,2026-08-09T03:17:59.231904+00:00,https://www.law.cornell.edu/uscode/text/26/4902,
4903,ok,0,0,2026-08-09T03:18:09.647035+00:00,https://www.law.cornell.edu/uscode/text/26/4903,
4904,ok,0,0,2026-08-09T03:18:20.181352+00:00,https://www.law.cornell.edu/uscode/text/26/4904,
4905,ok,0,0,2026-08-09T03:18:30.675783+00:00,https://www.law.cornell.edu/uscode/text/26/4905,
4906,ok,0,0,2026-08-09T03:18:41.187387+00:00,https://www.law.cornell.edu/uscode/text/26/4906,
4907,ok,0,0,2026-08-09T03:18:51.669675+00:00,https://www.law.cornell.edu/uscode/text/26/4907,
4911,ok,6,2,2026-08-09T03:19:02.324236+00:00,https://www.law.cornell.edu/uscode/text/26/4911,
4912,ok,3,1,2026-08-09T03:19:12.852041+00:00,https://www.law.cornell.edu/uscode/text/26/4912,
4940,ok,7,7,2026-08-09T03:19:23.180262+00:00,https://www.law.cornell.edu/uscode/text/26/4940,
4941,ok,5,3,2026-08-09T03:19:33.784903+00:00,https://www.law.cornell.edu/uscode/text/26/4941,
4942,ok,14,9,2026-08-09T03:19:44.299652+00:00,https://www.law.cornell.edu/uscode/text/26/4942,
4943,ok,8,5,2026-08-09T03:19:54.826267+00:00,https://www.law.cornell.edu/uscode/text/26/4943,
4944,ok,0,0,2026-08-09T03:20:05.355897+00:00,https://www.law.cornell.edu/uscode/text/26/4944,
4945,ok,3,3,2026-08-09T03:20:16.205252+00:00,https://www.law.cornell.edu/uscode/text/26/4945,
4946,ok,0,0,2026-08-09T03:20:27.245698+00:00,https://www.law.cornell.edu/uscode/text/26/4946,
4947,ok,16,9,2026-08-09T03:20:42.061165+00:00,https://www.law.cornell.edu/uscode/text/26/4947,
4948,ok,6,3,2026-08-09T03:20:52.590608+00:00,https://www.law.cornell.edu/uscode/text/26/4948,
4951,ok,1,1,2026-08-09T03:21:01.287134+00:00,https://www.law.cornell.edu/uscode/text/26/4951,
4952,ok,1,1,2026-08-09T03:21:08.257174+00:00,https://www.law.cornell.edu/uscode/text/26/4952,
4953,ok,4,4,2026-08-09T03:21:18.800733+00:00,https://www.law.cornell.edu/uscode/text/26/4953,
4955,ok,5,3,2026-08-09T03:21:29.192511+00:00,https://www.law.cornell.edu/uscode/text/26/4955,
4958,ok,9,5,2026-08-09T03:21:39.709978+00:00,https://www.law.cornell.edu/uscode/text/26/4958,
4959,ok,1,1,2026-08-09T03:21:50.306508+00:00,https://www.law.cornell.edu/uscode/text/26/4959,
4960,ok,6,5,2026-08-09T03:22:01.271588+00:00,https://www.law.cornell.edu/uscode/text/26/4960,
4961,ok,1,1,2026-08-09T03:22:15.587431+00:00,https://www.law.cornell.edu/uscode/text/26/4961,
4962,ok,1,1,2026-08-09T03:22:54.848601+00:00,https://www.law.cornell.edu/uscode/text/26/4962,
4963,ok,1,1,2026-08-09T03:22:59.677507+00:00,https://www.law.cornell.edu/uscode/text/26/4963,
4965,ok,5,5,2026-08-09T03:23:10.150148+00:00,https://www.law.cornell.edu/uscode/text/26/4965,
4966,ok,5,3,2026-08-09T03:23:20.722299+00:00,https://www.law.cornell.edu/uscode/text/26/4966,
4967,ok,1,1,2026-08-09T03:23:31.194429+00:00,https://www.law.cornell.edu/uscode/text/26/4967,
4968,ok,2,2,2026-08-09T03:23:41.665795+00:00,https://www.law.cornell.edu/uscode/text/26/4968,
4971,ok,10,4,2026-08-09T03:23:52.177295+00:00,https://www.law.cornell.edu/uscode/text/26/4971,
4972,ok,10,6,2026-08-09T03:24:02.782382+00:00,https://www.law.cornell.edu/uscode/text/26/4972,
4973,ok,31,10,2026-08-09T03:24:13.232252+00:00,https://www.law.cornell.edu/uscode/text/26/4973,
4974,ok,1,1,2026-08-09T03:24:23.755509+00:00,https://www.law.cornell.edu/uscode/text/26/4974,
4975,ok,16,10,2026-08-09T03:24:34.178585+00:00,https://www.law.cornell.edu/uscode/text/26/4975,
4976,ok,3,3,2026-08-09T03:24:44.894479+00:00,https://www.law.cornell.edu/uscode/text/26/4976,
4977,ok,1,1,2026-08-09T03:24:55.523192+00:00,https://www.law.cornell.edu/uscode/text/26/4977,
4978,ok,10,7,2026-08-09T03:25:05.683333+00:00,https://www.law.cornell.edu/uscode/text/26/4978,
4978A,ok,0,0,2026-08-09T03:25:16.213105+00:00,https://www.law.cornell.edu/uscode/text/26/4978A,
4978B,ok,0,0,2026-08-09T03:25:26.671427+00:00,https://www.law.cornell.edu/uscode/text/26/4978B,
4979,ok,2,1,2026-08-09T03:25:37.129896+00:00,https://www.law.cornell.edu/uscode/text/26/4979,
4979A,ok,3,2,2026-08-09T03:25:47.670660+00:00,https://www.law.cornell.edu/uscode/text/26/4979A,
4980,ok,8,4,2026-08-09T03:25:58.260972+00:00,https://www.law.cornell.edu/uscode/text/26/4980,
4980A,ok,0,0,2026-08-09T03:26:08.768423+00:00,https://www.law.cornell.edu/uscode/text/26/4980A,
4980B,ok,5,4,2026-08-09T03:26:19.141137+00:00,https://www.law.cornell.edu/uscode/text/26/4980B,
4980C,ok,1,1,2026-08-09T03:26:29.845604+00:00,https://www.law.cornell.edu/uscode/text/26/4980C,
4980D,ok,6,3,2026-08-09T03:26:40.240850+00:00,https://www.law.cornell.edu/uscode/text/26/4980D,
4980E,ok,2,2,2026-08-09T03:26:50.685437+00:00,https://www.law.cornell.edu/uscode/text/26/4980E,
4980F,ok,4,3,2026-08-09T03:27:01.293536+00:00,https://www.law.cornell.edu/uscode/text/26/4980F,
4980G,ok,2,1,2026-08-09T03:27:11.712084+00:00,https://www.law.cornell.edu/uscode/text/26/4980G,
4980H,ok,2,1,2026-08-09T03:27:22.137670+00:00,https://www.law.cornell.edu/uscode/text/26/4980H,
4980I,ok,0,0,2026-08-09T03:27:32.728884+00:00,https://www.law.cornell.edu/uscode/text/26/4980I,
4981,ok,5,4,2026-08-09T03:27:43.145598+00:00,https://www.law.cornell.edu/uscode/text/26/4981,
4982,ok,8,6,2026-08-09T03:27:53.712242+00:00,https://www.law.cornell.edu/uscode/text/26/4982,
4985,ok,5,4,2026-08-09T03:28:04.252481+00:00,https://www.law.cornell.edu/uscode/text/26/4985,
4999,ok,0,0,2026-08-09T03:28:14.699585+00:00,https://www.law.cornell.edu/uscode/text/26/4999,
5000,ok,2,2,2026-08-09T03:28:25.110070+00:00,https://www.law.cornell.edu/uscode/text/26/5000,
5000A,ok,6,6,2026-08-09T03:28:35.908202+00:00,https://www.law.cornell.edu/uscode/text/26/5000A,
5000B,ok,0,0,2026-08-09T03:28:46.249242+00:00,https://www.law.cornell.edu/uscode/text/26/5000B,
5000C,ok,0,0,2026-08-09T03:28:56.681279+00:00,https://www.law.cornell.edu/uscode/text/26/5000C,
5000D,ok,2,2,2026-08-09T03:29:07.453795+00:00,https://www.law.cornell.edu/uscode/text/26/5000D,
5001,ok,4,4,2026-08-09T03:29:17.706485+00:00,https://www.law.cornell.edu/uscode/text/26/5001,
5002,ok,0,0,2026-08-09T03:29:28.507961+00:00,https://www.law.cornell.edu/uscode/text/26/5002,
5003,ok,0,0,2026-08-09T03:29:38.766068+00:00,https://www.law.cornell.edu/uscode/text/26/5003,
5004,ok,1,1,2026-08-09T03:29:51.800789+00:00,https://www.law.cornell.edu/uscode/text/26/5004,
5005,ok,1,1,2026-08-09T03:30:09.038531+00:00,https://www.law.cornell.edu/uscode/text/26/5005,
5006,ok,0,0,2026-08-09T03:30:18.947460+00:00,https://www.law.cornell.edu/uscode/text/26/5006,
5007,ok,1,1,2026-08-09T03:30:23.185467+00:00,https://www.law.cornell.edu/uscode/text/26/5007,
5008,ok,3,3,2026-08-09T03:30:38.639866+00:00,https://www.law.cornell.edu/uscode/text/26/5008,
5009,ok,0,0,2026-08-09T03:30:46.986331+00:00,https://www.law.cornell.edu/uscode/text/26/5009,
5010,ok,6,3,2026-08-09T03:30:53.329506+00:00,https://www.law.cornell.edu/uscode/text/26/5010,
5011,ok,1,1,2026-08-09T03:31:05.473394+00:00,https://www.law.cornell.edu/uscode/text/26/5011,
5021...5026,http_404,0,0,2026-08-09T03:31:18.263507+00:00,https://www.law.cornell.edu/uscode/text/26/5021...5026,
5041,ok,7,7,2026-08-09T03:31:31.342015+00:00,https://www.law.cornell.edu/uscode/text/26/5041,
5042,ok,0,0,2026-08-09T03:31:35.734169+00:00,https://www.law.cornell.edu/uscode/text/26/5042,
5043,ok,0,0,2026-08-09T03:31:44.687057+00:00,https://www.law.cornell.edu/uscode/text/26/5043,
5044,ok,1,1,2026-08-09T03:31:55.171226+00:00,https://www.law.cornell.edu/uscode/text/26/5044,
5045,ok,0,0,2026-08-09T03:32:05.699735+00:00,https://www.law.cornell.edu/uscode/text/26/5045,
5051,ok,3,3,2026-08-09T03:32:16.168861+00:00,https://www.law.cornell.edu/uscode/text/26/5051,
5052,ok,0,0,2026-08-09T03:32:26.737384+00:00,https://www.law.cornell.edu/uscode/text/26/5052,
5053,ok,1,1,2026-08-09T03:32:37.183276+00:00,https://www.law.cornell.edu/uscode/text/26/5053,
5054,ok,1,1,2026-08-09T03:32:47.670064+00:00,https://www.law.cornell.edu/uscode/text/26/5054,
5055,ok,0,0,2026-08-09T03:32:58.658696+00:00,https://www.law.cornell.edu/uscode/text/26/5055,
5056,ok,0,0,2026-08-09T03:33:08.737179+00:00,https://www.law.cornell.edu/uscode/text/26/5056,
5061,ok,6,6,2026-08-09T03:33:19.217488+00:00,https://www.law.cornell.edu/uscode/text/26/5061,
5062,ok,0,0,2026-08-09T03:33:29.765625+00:00,https://www.law.cornell.edu/uscode/text/26/5062,
5063,ok,0,0,2026-08-09T03:33:40.364940+00:00,https://www.law.cornell.edu/uscode/text/26/5063,
5064,ok,0,0,2026-08-09T03:33:50.663474+00:00,https://www.law.cornell.edu/uscode/text/26/5064,
5065,ok,0,0,2026-08-09T03:34:02.295037+00:00,https://www.law.cornell.edu/uscode/text/26/5065,
5066,ok,2,2,2026-08-09T03:34:11.648367+00:00,https://www.law.cornell.edu/uscode/text/26/5066,
5067,ok,3,3,2026-08-09T03:34:22.181013+00:00,https://www.law.cornell.edu/uscode/text/26/5067,
5068,ok,0,0,2026-08-09T03:34:32.685248+00:00,https://www.law.cornell.edu/uscode/text/26/5068,
5101,ok,0,0,2026-08-09T03:34:43.172672+00:00,https://www.law.cornell.edu/uscode/text/26/5101,
5102,ok,0,0,2026-08-09T03:34:53.667021+00:00,https://www.law.cornell.edu/uscode/text/26/5102,
5111,ok,0,0,2026-08-09T03:35:04.191828+00:00,https://www.law.cornell.edu/uscode/text/26/5111,
5112,ok,0,0,2026-08-09T03:35:14.700246+00:00,https://www.law.cornell.edu/uscode/text/26/5112,
5113,ok,0,0,2026-08-09T03:35:25.171906+00:00,https://www.law.cornell.edu/uscode/text/26/5113,
5114,ok,0,0,2026-08-09T03:35:35.677686+00:00,https://www.law.cornell.edu/uscode/text/26/5114,
5121,ok,0,0,2026-08-09T03:35:47.436243+00:00,https://www.law.cornell.edu/uscode/text/26/5121,
5122,ok,0,0,2026-08-09T03:35:56.712822+00:00,https://www.law.cornell.edu/uscode/text/26/5122,
5123,ok,0,0,2026-08-09T03:36:12.964647+00:00,https://www.law.cornell.edu/uscode/text/26/5123,
5124,ok,0,0,2026-08-09T03:36:28.734116+00:00,https://www.law.cornell.edu/uscode/text/26/5124,
5131,ok,1,1,2026-08-09T03:36:36.716144+00:00,https://www.law.cornell.edu/uscode/text/26/5131,
5132,ok,0,0,2026-08-09T03:36:41.246824+00:00,https://www.law.cornell.edu/uscode/text/26/5132,
5171,ok,0,0,2026-08-09T03:36:50.432905+00:00,https://www.law.cornell.edu/uscode/text/26/5171,
5172,ok,0,0,2026-08-09T03:37:00.989821+00:00,https://www.law.cornell.edu/uscode/text/26/5172,
5173,ok,1,1,2026-08-09T03:37:11.561317+00:00,https://www.law.cornell.edu/uscode/text/26/5173,
5174,ok,0,0,2026-08-09T03:37:21.994457+00:00,https://www.law.cornell.edu/uscode/text/26/5174,
5175,ok,1,1,2026-08-09T03:37:33.376172+00:00,https://www.law.cornell.edu/uscode/text/26/5175,
5176,ok,1,1,2026-08-09T03:37:49.818310+00:00,https://www.law.cornell.edu/uscode/text/26/5176,
5177,ok,1,1,2026-08-09T03:38:27.199382+00:00,https://www.law.cornell.edu/uscode/text/26/5177,
5178,ok,1,1,2026-08-09T03:38:36.864214+00:00,https://www.law.cornell.edu/uscode/text/26/5178,
5179,ok,0,0,2026-08-09T03:38:47.146920+00:00,https://www.law.cornell.edu/uscode/text/26/5179,
5180,ok,0,0,2026-08-09T03:38:57.910610+00:00,https://www.law.cornell.edu/uscode/text/26/5180,
5181,ok,0,0,2026-08-09T03:39:08.111582+00:00,https://www.law.cornell.edu/uscode/text/26/5181,
5182,ok,0,0,2026-08-09T03:39:18.602767+00:00,https://www.law.cornell.edu/uscode/text/26/5182,
5201,ok,0,0,2026-08-09T03:39:29.110272+00:00,https://www.law.cornell.edu/uscode/text/26/5201,
5202,ok,0,0,2026-08-09T03:39:41.342572+00:00,https://www.law.cornell.edu/uscode/text/26/5202,
5203,ok,0,0,2026-08-09T03:39:51.243760+00:00,https://www.law.cornell.edu/uscode/text/26/5203,
5204,ok,0,0,2026-08-09T03:40:00.666565+00:00,https://www.law.cornell.edu/uscode/text/26/5204,
5205,ok,0,0,2026-08-09T03:40:11.100469+00:00,https://www.law.cornell.edu/uscode/text/26/5205,
5206,ok,0,0,2026-08-09T03:40:21.575289+00:00,https://www.law.cornell.edu/uscode/text/26/5206,
5207,ok,0,0,2026-08-09T03:40:32.198062+00:00,https://www.law.cornell.edu/uscode/text/26/5207,
5211,ok,0,0,2026-08-09T03:40:42.627570+00:00,https://www.law.cornell.edu/uscode/text/26/5211,
5212,ok,2,2,2026-08-09T03:40:53.085632+00:00,https://www.law.cornell.edu/uscode/text/26/5212,
5213,ok,0,0,2026-08-09T03:41:03.669908+00:00,https://www.law.cornell.edu/uscode/text/26/5213,
5214,ok,3,3,2026-08-09T03:41:14.088843+00:00,https://www.law.cornell.edu/uscode/text/26/5214,
5215,ok,1,1,2026-08-09T03:41:24.764955+00:00,https://www.law.cornell.edu/uscode/text/26/5215,
5216,ok,0,0,2026-08-09T03:41:35.106327+00:00,https://www.law.cornell.edu/uscode/text/26/5216,
5221,ok,0,0,2026-08-09T03:41:45.585423+00:00,https://www.law.cornell.edu/uscode/text/26/5221,
5222,ok,1,1,2026-08-09T03:41:56.086335+00:00,https://www.law.cornell.edu/uscode/text/26/5222,
5223,ok,0,0,2026-08-09T03:42:06.634249+00:00,https://www.law.cornell.edu/uscode/text/26/5223,
5231,ok,1,1,2026-08-09T03:42:17.150898+00:00,https://www.law.cornell.edu/uscode/text/26/5231,
5232,ok,0,0,2026-08-09T03:42:27.605459+00:00,https://www.law.cornell.edu/uscode/text/26/5232,
5233,ok,0,0,2026-08-09T03:42:38.104316+00:00,https://www.law.cornell.edu/uscode/text/26/5233,
5234,ok,0,0,2026-08-09T03:42:48.593831+00:00,https://www.law.cornell.edu/uscode/text/26/5234,
5235,ok,0,0,2026-08-09T03:42:59.401098+00:00,https://www.law.cornell.edu/uscode/text/26/5235,
5236,ok,0,0,2026-08-09T03:43:09.589885+00:00,https://www.law.cornell.edu/uscode/text/26/5236,
5241,ok,0,0,2026-08-09T03:43:20.096101+00:00,https://www.law.cornell.edu/uscode/text/26/5241,
5242,ok,0,0,2026-08-09T03:43:30.605027+00:00,https://www.law.cornell.edu/uscode/text/26/5242,
5243,ok,0,0,2026-08-09T03:43:41.136280+00:00,https://www.law.cornell.edu/uscode/text/26/5243,
5244,ok,0,0,2026-08-09T03:43:51.608407+00:00,https://www.law.cornell.edu/uscode/text/26/5244,
5271,ok,1,1,2026-08-09T03:44:02.085434+00:00,https://www.law.cornell.edu/uscode/text/26/5271,
5272,ok,0,0,2026-08-09T03:44:12.663379+00:00,https://www.law.cornell.edu/uscode/text/26/5272,
5273,ok,1,1,2026-08-09T03:44:23.068646+00:00,https://www.law.cornell.edu/uscode/text/26/5273,
5274,ok,0,0,2026-08-09T03:44:33.665610+00:00,https://www.law.cornell.edu/uscode/text/26/5274,
5275,ok,0,0,2026-08-09T03:44:44.090783+00:00,https://www.law.cornell.edu/uscode/text/26/5275,
5276,ok,0,0,2026-08-09T03:44:54.607701+00:00,https://www.law.cornell.edu/uscode/text/26/5276,
5291,ok,0,0,2026-08-09T03:45:05.088858+00:00,https://www.law.cornell.edu/uscode/text/26/5291,
5301,ok,1,1,2026-08-09T03:45:16.185473+00:00,https://www.law.cornell.edu/uscode/text/26/5301,
5311,ok,0,0,2026-08-09T03:45:35.749352+00:00,https://www.law.cornell.edu/uscode/text/26/5311,
5312,ok,0,0,2026-08-09T03:45:50.344407+00:00,https://www.law.cornell.edu/uscode/text/26/5312,
5313,ok,0,0,2026-08-09T03:45:57.593417+00:00,https://www.law.cornell.edu/uscode/text/26/5313,
5314,ok,0,0,2026-08-09T03:46:08.047549+00:00,https://www.law.cornell.edu/uscode/text/26/5314,
5315,ok,0,0,2026-08-09T03:46:13.251487+00:00,https://www.law.cornell.edu/uscode/text/26/5315,
5351,ok,1,1,2026-08-09T03:46:22.569594+00:00,https://www.law.cornell.edu/uscode/text/26/5351,
5352,ok,0,0,2026-08-09T03:46:33.073374+00:00,https://www.law.cornell.edu/uscode/text/26/5352,
5353,ok,0,0,2026-08-09T03:46:43.552724+00:00,https://www.law.cornell.edu/uscode/text/26/5353,
5354,ok,0,0,2026-08-09T03:46:54.056612+00:00,https://www.law.cornell.edu/uscode/text/26/5354,
5355,ok,0,0,2026-08-09T03:47:04.561903+00:00,https://www.law.cornell.edu/uscode/text/26/5355,
5356,ok,0,0,2026-08-09T03:47:15.033230+00:00,https://www.law.cornell.edu/uscode/text/26/5356,
5357,ok,0,0,2026-08-09T03:47:25.528295+00:00,https://www.law.cornell.edu/uscode/text/26/5357,
5361,ok,0,0,2026-08-09T03:47:36.079678+00:00,https://www.law.cornell.edu/uscode/text/26/5361,
5362,ok,0,0,2026-08-09T03:47:46.617057+00:00,https://www.law.cornell.edu/uscode/text/26/5362,
5363,ok,0,0,2026-08-09T03:47:57.196581+00:00,https://www.law.cornell.edu/uscode/text/26/5363,
5364,ok,0,0,2026-08-09T03:48:08.603461+00:00,https://www.law.cornell.edu/uscode/text/26/5364,
5365,ok,0,0,2026-08-09T03:48:18.069859+00:00,https://www.law.cornell.edu/uscode/text/26/5365,
5366,ok,0,0,2026-08-09T03:48:28.666274+00:00,https://www.law.cornell.edu/uscode/text/26/5366,
5367,ok,0,0,2026-08-09T03:48:39.052367+00:00,https://www.law.cornell.edu/uscode/text/26/5367,
5368,ok,0,0,2026-08-09T03:48:49.559616+00:00,https://www.law.cornell.edu/uscode/text/26/5368,
5369,ok,0,0,2026-08-09T03:49:00.043824+00:00,https://www.law.cornell.edu/uscode/text/26/5369,
5370,ok,0,0,2026-08-09T03:49:10.540922+00:00,https://www.law.cornell.edu/uscode/text/26/5370,
5371,ok,0,0,2026-08-09T03:49:21.072424+00:00,https://www.law.cornell.edu/uscode/text/26/5371,
5372,ok,0,0,2026-08-09T03:49:31.525349+00:00,https://www.law.cornell.edu/uscode/text/26/5372,
5373,ok,0,0,2026-08-09T03:49:42.601015+00:00,https://www.law.cornell.edu/uscode/text/26/5373,
5381,ok,0,0,2026-08-09T03:49:52.960762+00:00,https://www.law.cornell.edu/uscode/text/26/5381,
5382,ok,1,1,2026-08-09T03:50:03.123680+00:00,https://www.law.cornell.edu/uscode/text/26/5382,
5383,ok,0,0,2026-08-09T03:50:13.658548+00:00,https://www.law.cornell.edu/uscode/text/26/5383,
5384,ok,0,0,2026-08-09T03:50:25.772003+00:00,https://www.law.cornell.edu/uscode/text/26/5384,
5385,ok,0,0,2026-08-09T03:50:36.890300+00:00,https://www.law.cornell.edu/uscode/text/26/5385,
5386,ok,0,0,2026-08-09T03:50:45.228295+00:00,https://www.law.cornell.edu/uscode/text/26/5386,
5387,ok,0,0,2026-08-09T03:50:57.190699+00:00,https://www.law.cornell.edu/uscode/text/26/5387,
5388,ok,0,0,2026-08-09T03:51:13.000733+00:00,https://www.law.cornell.edu/uscode/text/26/5388,
5391,ok,1,1,2026-08-09T03:51:19.070301+00:00,https://www.law.cornell.edu/uscode/text/26/5391,
5392,ok,0,0,2026-08-09T03:51:31.702299+00:00,https://www.law.cornell.edu/uscode/text/26/5392,
5401,ok,0,0,2026-08-09T03:51:41.707928+00:00,https://www.law.cornell.edu/uscode/text/26/5401,
5402,ok,0,0,2026-08-09T03:51:54.485832+00:00,https://www.law.cornell.edu/uscode/text/26/5402,
5403,ok,0,0,2026-08-09T03:52:17.625873+00:00,https://www.law.cornell.edu/uscode/text/26/5403,
5411,ok,0,0,2026-08-09T03:52:18.384010+00:00,https://www.law.cornell.edu/uscode/text/26/5411,
5412,ok,1,1,2026-08-09T03:52:28.827414+00:00,https://www.law.cornell.edu/uscode/text/26/5412,
5413,ok,0,0,2026-08-09T03:52:39.315189+00:00,https://www.law.cornell.edu/uscode/text/26/5413,
5414,ok,0,0,2026-08-09T03:52:49.827229+00:00,https://www.law.cornell.edu/uscode/text/26/5414,
5415,ok,0,0,2026-08-09T03:53:00.344625+00:00,https://www.law.cornell.edu/uscode/text/26/5415,
5416,ok,0,0,2026-08-09T03:53:19.013589+00:00,https://www.law.cornell.edu/uscode/text/26/5416,
5417,ok,0,0,2026-08-09T03:53:28.493955+00:00,https://www.law.cornell.edu/uscode/text/26/5417,
5418,ok,0,0,2026-08-09T03:53:37.665263+00:00,https://www.law.cornell.edu/uscode/text/26/5418,
5501,ok,0,0,2026-08-09T03:53:48.945166+00:00,https://www.law.cornell.edu/uscode/text/26/5501,
5502,ok,0,0,2026-08-09T03:53:53.936198+00:00,https://www.law.cornell.edu/uscode/text/26/5502,
5503,ok,0,0,2026-08-09T03:54:03.442028+00:00,https://www.law.cornell.edu/uscode/text/26/5503,
5504,ok,0,0,2026-08-09T03:54:13.833271+00:00,https://www.law.cornell.edu/uscode/text/26/5504,
5505,ok,1,1,2026-08-09T03:54:24.608250+00:00,https://www.law.cornell.edu/uscode/text/26/5505,
5511,ok,0,0,2026-08-09T03:54:34.947941+00:00,https://www.law.cornell.edu/uscode/text/26/5511,
5512,ok,0,0,2026-08-09T03:54:45.344769+00:00,https://www.law.cornell.edu/uscode/text/26/5512,
5521...5523,http_404,0,0,2026-08-09T03:54:55.809104+00:00,https://www.law.cornell.edu/uscode/text/26/5521...5523,
5551,ok,1,1,2026-08-09T03:55:06.214059+00:00,https://www.law.cornell.edu/uscode/text/26/5551,
5552,ok,0,0,2026-08-09T03:55:16.865316+00:00,https://www.law.cornell.edu/uscode/text/26/5552,
5553,ok,0,0,2026-08-09T03:55:27.337090+00:00,https://www.law.cornell.edu/uscode/text/26/5553,
5554,ok,0,0,2026-08-09T03:55:37.853809+00:00,https://www.law.cornell.edu/uscode/text/26/5554,
5555,ok,0,0,2026-08-09T03:55:48.360808+00:00,https://www.law.cornell.edu/uscode/text/26/5555,
5556,ok,0,0,2026-08-09T03:55:59.404225+00:00,https://www.law.cornell.edu/uscode/text/26/5556,
5557,ok,0,0,2026-08-09T03:56:09.385937+00:00,https://www.law.cornell.edu/uscode/text/26/5557,
5558,ok,0,0,2026-08-09T03:56:19.860301+00:00,https://www.law.cornell.edu/uscode/text/26/5558,
5559,ok,0,0,2026-08-09T03:56:30.331884+00:00,https://www.law.cornell.edu/uscode/text/26/5559,
5560,ok,0,0,2026-08-09T03:56:40.818005+00:00,https://www.law.cornell.edu/uscode/text/26/5560,
5561,ok,0,0,2026-08-09T03:56:51.320336+00:00,https://www.law.cornell.edu/uscode/text/26/5561,
5562,ok,0,0,2026-08-09T03:57:01.873941+00:00,https://www.law.cornell.edu/uscode/text/26/5562,
5601,ok,3,3,2026-08-09T03:57:12.339896+00:00,https://www.law.cornell.edu/uscode/text/26/5601,
5602,ok,0,0,2026-08-09T03:57:22.883431+00:00,https://www.law.cornell.edu/uscode/text/26/5602,
5603,ok,0,0,2026-08-09T03:57:33.337829+00:00,https://www.law.cornell.edu/uscode/text/26/5603,
5604,ok,1,1,2026-08-09T03:57:43.841527+00:00,https://www.law.cornell.edu/uscode/text/26/5604,
5605,ok,0,0,2026-08-09T03:57:54.647554+00:00,https://www.law.cornell.edu/uscode/text/26/5605,
5606,ok,0,0,2026-08-09T03:58:04.847889+00:00,https://www.law.cornell.edu/uscode/text/26/5606,
5607,ok,2,2,2026-08-09T03:58:16.185803+00:00,https://www.law.cornell.edu/uscode/text/26/5607,
5608,ok,0,0,2026-08-09T03:58:25.844377+00:00,https://www.law.cornell.edu/uscode/text/26/5608,
5609,ok,0,0,2026-08-09T03:58:36.357982+00:00,https://www.law.cornell.edu/uscode/text/26/5609,
5610,ok,0,0,2026-08-09T03:58:46.844094+00:00,https://www.law.cornell.edu/uscode/text/26/5610,
5611,ok,0,0,2026-08-09T03:58:57.351110+00:00,https://www.law.cornell.edu/uscode/text/26/5611,
5612,ok,0,0,2026-08-09T03:59:07.873801+00:00,https://www.law.cornell.edu/uscode/text/26/5612,
5613,ok,0,0,2026-08-09T03:59:18.419560+00:00,https://www.law.cornell.edu/uscode/text/26/5613,
5614,ok,0,0,2026-08-09T03:59:28.836800+00:00,https://www.law.cornell.edu/uscode/text/26/5614,
5615,ok,2,2,2026-08-09T03:59:39.330271+00:00,https://www.law.cornell.edu/uscode/text/26/5615,
5661,ok,0,0,2026-08-09T03:59:49.936215+00:00,https://www.law.cornell.edu/uscode/text/26/5661,
5662,ok,0,0,2026-08-09T04:00:00.354099+00:00,https://www.law.cornell.edu/uscode/text/26/5662,
5663,ok,0,0,2026-08-09T04:00:12.818131+00:00,https://www.law.cornell.edu/uscode/text/26/5663,
5671,ok,0,0,2026-08-09T04:00:21.333842+00:00,https://www.law.cornell.edu/uscode/text/26/5671,
5672,ok,0,0,2026-08-09T04:00:34.392833+00:00,https://www.law.cornell.edu/uscode/text/26/5672,
5673,ok,0,0,2026-08-09T04:00:49.839036+00:00,https://www.law.cornell.edu/uscode/text/26/5673,
5674,ok,0,0,2026-08-09T04:01:04.440478+00:00,https://www.law.cornell.edu/uscode/text/26/5674,
5675,ok,0,0,2026-08-09T04:01:20.505842+00:00,https://www.law.cornell.edu/uscode/text/26/5675,
5676,ok,0,0,2026-08-09T04:01:38.603925+00:00,https://www.law.cornell.edu/uscode/text/26/5676,
5681,ok,2,1,2026-08-09T04:01:41.674653+00:00,https://www.law.cornell.edu/uscode/text/26/5681,
5682,ok,0,0,2026-08-09T04:01:49.839957+00:00,https://www.law.cornell.edu/uscode/text/26/5682,
5683,ok,0,0,2026-08-09T04:02:00.306657+00:00,https://www.law.cornell.edu/uscode/text/26/5683,
5684,ok,0,0,2026-08-09T04:02:10.768678+00:00,https://www.law.cornell.edu/uscode/text/26/5684,
5685,ok,1,1,2026-08-09T04:02:21.406477+00:00,https://www.law.cornell.edu/uscode/text/26/5685,
5686,ok,0,0,2026-08-09T04:02:31.831226+00:00,https://www.law.cornell.edu/uscode/text/26/5686,
5687,ok,0,0,2026-08-09T04:02:42.299405+00:00,https://www.law.cornell.edu/uscode/text/26/5687,
5688,ok,0,0,2026-08-09T04:02:52.809652+00:00,https://www.law.cornell.edu/uscode/text/26/5688,
5689,ok,0,0,2026-08-09T04:03:03.344278+00:00,https://www.law.cornell.edu/uscode/text/26/5689,
5690,ok,0,0,2026-08-09T04:03:13.816369+00:00,https://www.law.cornell.edu/uscode/text/26/5690,
5691,ok,0,0,2026-08-09T04:03:24.294042+00:00,https://www.law.cornell.edu/uscode/text/26/5691,
5692,ok,0,0,2026-08-09T04:03:34.827783+00:00,https://www.law.cornell.edu/uscode/text/26/5692,
5701,ok,0,0,2026-08-09T04:03:45.349133+00:00,https://www.law.cornell.edu/uscode/text/26/5701,
5702,ok,2,2,2026-08-09T04:03:55.954694+00:00,https://www.law.cornell.edu/uscode/text/26/5702,
5703,ok,2,2,2026-08-09T04:04:06.417248+00:00,https://www.law.cornell.edu/uscode/text/26/5703,
5704,ok,0,0,2026-08-09T04:04:16.910908+00:00,https://www.law.cornell.edu/uscode/text/26/5704,
5705,ok,0,0,2026-08-09T04:04:27.344084+00:00,https://www.law.cornell.edu/uscode/text/26/5705,
5706,ok,0,0,2026-08-09T04:04:37.834860+00:00,https://www.law.cornell.edu/uscode/text/26/5706,
5707,ok,0,0,2026-08-09T04:04:48.461642+00:00,https://www.law.cornell.edu/uscode/text/26/5707,
5708,ok,0,0,2026-08-09T04:04:58.791380+00:00,https://www.law.cornell.edu/uscode/text/26/5708,
5711,ok,0,0,2026-08-09T04:05:09.332604+00:00,https://www.law.cornell.edu/uscode/text/26/5711,
5712,ok,1,1,2026-08-09T04:05:19.860541+00:00,https://www.law.cornell.edu/uscode/text/26/5712,
5713,ok,2,2,2026-08-09T04:05:30.571146+00:00,https://www.law.cornell.edu/uscode/text/26/5713,
5721,ok,0,0,2026-08-09T04:05:40.840103+00:00,https://www.law.cornell.edu/uscode/text/26/5721,
5722,ok,0,0,2026-08-09T04:05:51.322569+00:00,https://www.law.cornell.edu/uscode/text/26/5722,
5723,ok,0,0,2026-08-09T04:06:01.841877+00:00,https://www.law.cornell.edu/uscode/text/26/5723,
5731,ok,2,2,2026-08-09T04:06:12.334744+00:00,https://www.law.cornell.edu/uscode/text/26/5731,
5732,ok,0,0,2026-08-09T04:06:22.838421+00:00,https://www.law.cornell.edu/uscode/text/26/5732,
5733,ok,0,0,2026-08-09T04:06:33.335888+00:00,https://www.law.cornell.edu/uscode/text/26/5733,
5734,ok,0,0,2026-08-09T04:06:44.028876+00:00,https://www.law.cornell.edu/uscode/text/26/5734,
5741,ok,0,0,2026-08-09T04:06:54.363809+00:00,https://www.law.cornell.edu/uscode/text/26/5741,
5751,ok,2,1,2026-08-09T04:07:07.320286+00:00,https://www.law.cornell.edu/uscode/text/26/5751,
5752,ok,0,0,2026-08-09T04:07:16.237321+00:00,https://www.law.cornell.edu/uscode/text/26/5752,
5753,ok,0,0,2026-08-09T04:07:28.068388+00:00,https://www.law.cornell.edu/uscode/text/26/5753,
5754,ok,1,1,2026-08-09T04:07:53.643597+00:00,https://www.law.cornell.edu/uscode/text/26/5754,
5761,ok,1,1,2026-08-09T04:07:59.443965+00:00,https://www.law.cornell.edu/uscode/text/26/5761,
5762,ok,1,1,2026-08-09T04:08:34.179244+00:00,https://www.law.cornell.edu/uscode/text/26/5762,
5763,ok,1,1,2026-08-09T04:08:50.945996+00:00,https://www.law.cornell.edu/uscode/text/26/5763,
5801,ok,2,2,2026-08-09T04:09:07.744926+00:00,https://www.law.cornell.edu/uscode/text/26/5801,
5802,ok,0,0,2026-08-09T04:09:15.465035+00:00,https://www.law.cornell.edu/uscode/text/26/5802,
5811,ok,0,0,2026-08-09T04:09:22.960403+00:00,https://www.law.cornell.edu/uscode/text/26/5811,
5812,ok,0,0,2026-08-09T04:09:35.636743+00:00,https://www.law.cornell.edu/uscode/text/26/5812,
5821,ok,0,0,2026-08-09T04:09:44.671034+00:00,https://www.law.cornell.edu/uscode/text/26/5821,
5822,ok,0,0,2026-08-09T04:09:50.635269+00:00,https://www.law.cornell.edu/uscode/text/26/5822,
5841,ok,0,0,2026-08-09T04:10:00.942419+00:00,https://www.law.cornell.edu/uscode/text/26/5841,
5842,ok,0,0,2026-08-09T04:10:12.913721+00:00,https://www.law.cornell.edu/uscode/text/26/5842,
5843,ok,0,0,2026-08-09T04:10:21.942696+00:00,https://www.law.cornell.edu/uscode/text/26/5843,
5844,ok,0,0,2026-08-09T04:10:32.441668+00:00,https://www.law.cornell.edu/uscode/text/26/5844,
5845,ok,0,0,2026-08-09T04:10:43.484397+00:00,https://www.law.cornell.edu/uscode/text/26/5845,
5846,ok,0,0,2026-08-09T04:10:54.472077+00:00,https://www.law.cornell.edu/uscode/text/26/5846,
5847,ok,0,0,2026-08-09T04:11:07.433857+00:00,https://www.law.cornell.edu/uscode/text/26/5847,
5848,ok,0,0,2026-08-09T04:11:17.882216+00:00,https://www.law.cornell.edu/uscode/text/26/5848,
5849,ok,0,0,2026-08-09T04:11:24.931571+00:00,https://www.law.cornell.edu/uscode/text/26/5849,
5851,ok,0,0,2026-08-09T04:11:35.432798+00:00,https://www.law.cornell.edu/uscode/text/26/5851,
5852,ok,1,1,2026-08-09T04:11:45.965939+00:00,https://www.law.cornell.edu/uscode/text/26/5852,
5853,ok,0,0,2026-08-09T04:11:56.434442+00:00,https://www.law.cornell.edu/uscode/text/26/5853,
5854,ok,0,0,2026-08-09T04:12:06.957141+00:00,https://www.law.cornell.edu/uscode/text/26/5854,
5861,ok,1,1,2026-08-09T04:12:17.442084+00:00,https://www.law.cornell.edu/uscode/text/26/5861,
5871,ok,0,0,2026-08-09T04:12:28.027915+00:00,https://www.law.cornell.edu/uscode/text/26/5871,
5872,ok,0,0,2026-08-09T04:12:38.448826+00:00,https://www.law.cornell.edu/uscode/text/26/5872,
5881,ok,2,2,2026-08-09T04:12:48.946438+00:00,https://www.law.cornell.edu/uscode/text/26/5881,
5891,ok,2,2,2026-08-09T04:12:59.459442+00:00,https://www.law.cornell.edu/uscode/text/26/5891,
6001,ok,0,0,2026-08-09T04:13:10.077253+00:00,https://www.law.cornell.edu/uscode/text/26/6001,
6011,ok,6,6,2026-08-09T04:13:20.432713+00:00,https://www.law.cornell.edu/uscode/text/26/6011,
6012,ok,5,4,2026-08-09T04:13:31.041025+00:00,https://www.law.cornell.edu/uscode/text/26/6012,
6013,ok,3,2,2026-08-09T04:13:41.567524+00:00,https://www.law.cornell.edu/uscode/text/26/6013,
6014,ok,0,0,2026-08-09T04:13:52.080369+00:00,https://www.law.cornell.edu/uscode/text/26/6014,
6015,ok,9,8,2026-08-09T04:14:02.546826+00:00,https://www.law.cornell.edu/uscode/text/26/6015,
6016,ok,0,0,2026-08-09T04:14:13.031188+00:00,https://www.law.cornell.edu/uscode/text/26/6016,
6017,ok,0,0,2026-08-09T04:14:23.447071+00:00,https://www.law.cornell.edu/uscode/text/26/6017,
6017A,ok,0,0,2026-08-09T04:14:33.956525+00:00,https://www.law.cornell.edu/uscode/text/26/6017A,
6018,ok,3,3,2026-08-09T04:14:44.471118+00:00,https://www.law.cornell.edu/uscode/text/26/6018,
6019,ok,2,2,2026-08-09T04:14:55.399267+00:00,https://www.law.cornell.edu/uscode/text/26/6019,
6020,ok,0,0,2026-08-09T04:15:05.480810+00:00,https://www.law.cornell.edu/uscode/text/26/6020,
6021,ok,0,0,2026-08-09T04:15:15.944197+00:00,https://www.law.cornell.edu/uscode/text/26/6021,
6031,ok,4,3,2026-08-09T04:15:26.466544+00:00,https://www.law.cornell.edu/uscode/text/26/6031,
6032,ok,0,0,2026-08-09T04:15:37.018670+00:00,https://www.law.cornell.edu/uscode/text/26/6032,
6033,ok,32,11,2026-08-09T04:15:47.784282+00:00,https://www.law.cornell.edu/uscode/text/26/6033,
6034,ok,4,2,2026-08-09T04:15:58.075284+00:00,https://www.law.cornell.edu/uscode/text/26/6034,
6034A,ok,2,2,2026-08-09T04:16:08.697812+00:00,https://www.law.cornell.edu/uscode/text/26/6034A,
6035,ok,3,1,2026-08-09T04:16:24.870031+00:00,https://www.law.cornell.edu/uscode/text/26/6035,
6036,ok,0,0,2026-08-09T04:16:35.611272+00:00,https://www.law.cornell.edu/uscode/text/26/6036,
6037,ok,1,1,2026-08-09T04:16:50.052239+00:00,https://www.law.cornell.edu/uscode/text/26/6037,
6038,ok,5,4,2026-08-09T04:17:00.767994+00:00,https://www.law.cornell.edu/uscode/text/26/6038,
6038A,ok,8,5,2026-08-09T04:17:03.060596+00:00,https://www.law.cornell.edu/uscode/text/26/6038A,
6038B,ok,4,4,2026-08-09T04:17:12.069444+00:00,https://www.law.cornell.edu/uscode/text/26/6038B,
6038C,ok,3,1,2026-08-09T04:17:22.459299+00:00,https://www.law.cornell.edu/uscode/text/26/6038C,
6038D,ok,3,2,2026-08-09T04:17:32.974913+00:00,https://www.law.cornell.edu/uscode/text/26/6038D,
6038E,ok,3,3,2026-08-09T04:17:43.483780+00:00,https://www.law.cornell.edu/uscode/text/26/6038E,
6039,ok,0,0,2026-08-09T04:17:53.996539+00:00,https://www.law.cornell.edu/uscode/text/26/6039,
6039A,ok,0,0,2026-08-09T04:18:04.491867+00:00,https://www.law.cornell.edu/uscode/text/26/6039A,
6039B,ok,0,0,2026-08-09T04:18:14.965806+00:00,https://www.law.cornell.edu/uscode/text/26/6039B,
6039C,ok,1,1,2026-08-09T04:18:29.249582+00:00,https://www.law.cornell.edu/uscode/text/26/6039C,
6039D,ok,0,0,2026-08-09T04:18:35.971865+00:00,https://www.law.cornell.edu/uscode/text/26/6039D,
6039E,ok,0,0,2026-08-09T04:18:46.568266+00:00,https://www.law.cornell.edu/uscode/text/26/6039E,
6039F,ok,1,1,2026-08-09T04:18:56.966947+00:00,https://www.law.cornell.edu/uscode/text/26/6039F,
6039G,ok,5,3,2026-08-09T04:19:07.484122+00:00,https://www.law.cornell.edu/uscode/text/26/6039G,
6039H,ok,4,3,2026-08-09T04:19:18.040549+00:00,https://www.law.cornell.edu/uscode/text/26/6039H,
6039I,ok,2,1,2026-08-09T04:19:28.487255+00:00,https://www.law.cornell.edu/uscode/text/26/6039I,
6039J,ok,0,0,2026-08-09T04:19:39.007832+00:00,https://www.law.cornell.edu/uscode/text/26/6039J,
6039K,ok,3,2,2026-08-09T04:19:49.472420+00:00,https://www.law.cornell.edu/uscode/text/26/6039K,
6039L,ok,0,0,2026-08-09T04:20:00.079569+00:00,https://www.law.cornell.edu/uscode/text/26/6039L,
6040,ok,0,0,2026-08-09T04:20:10.540956+00:00,https://www.law.cornell.edu/uscode/text/26/6040,
6041,ok,4,4,2026-08-09T04:20:20.976796+00:00,https://www.law.cornell.edu/uscode/text/26/6041,
6041A,ok,2,1,2026-08-09T04:20:31.527562+00:00,https://www.law.cornell.edu/uscode/text/26/6041A,
6042,ok,1,1,2026-08-09T04:20:42.142602+00:00,https://www.law.cornell.edu/uscode/text/26/6042,
6043,ok,1,1,2026-08-09T04:20:52.514749+00:00,https://www.law.cornell.edu/uscode/text/26/6043,
6043A,ok,0,0,2026-08-09T04:21:03.430288+00:00,https://www.law.cornell.edu/uscode/text/26/6043A,
6044,ok,2,1,2026-08-09T04:21:13.507443+00:00,https://www.law.cornell.edu/uscode/text/26/6044,
6045,ok,6,6,2026-08-09T04:21:24.062750+00:00,https://www.law.cornell.edu/uscode/text/26/6045,
6045A,ok,2,1,2026-08-09T04:21:34.589410+00:00,https://www.law.cornell.edu/uscode/text/26/6045A,
6045B,ok,1,1,2026-08-09T04:21:44.988245+00:00,https://www.law.cornell.edu/uscode/text/26/6045B,
6046,ok,2,2,2026-08-09T04:21:55.493286+00:00,https://www.law.cornell.edu/uscode/text/26/6046,
6046A,ok,0,0,2026-08-09T04:22:06.034834+00:00,https://www.law.cornell.edu/uscode/text/26/6046A,
6047,ok,5,2,2026-08-09T04:22:16.485181+00:00,https://www.law.cornell.edu/uscode/text/26/6047,
6048,ok,7,7,2026-08-09T04:22:27.040070+00:00,https://www.law.cornell.edu/uscode/text/26/6048,
6049,ok,14,10,2026-08-09T04:22:37.988531+00:00,https://www.law.cornell.edu/uscode/text/26/6049,
6050,ok,0,0,2026-08-09T04:22:50.108380+00:00,https://www.law.cornell.edu/uscode/text/26/6050,
6050A,ok,1,1,2026-08-09T04:23:12.138670+00:00,https://www.law.cornell.edu/uscode/text/26/6050A,
6050AA,ok,3,1,2026-08-09T04:27:30.161667+00:00,https://www.law.cornell.edu/uscode/text/26/6050AA,
6050B,ok,0,0,2026-08-09T04:23:18.551853+00:00,https://www.law.cornell.edu/uscode/text/26/6050B,
6050C,ok,0,0,2026-08-09T04:23:26.171696+00:00,https://www.law.cornell.edu/uscode/text/26/6050C,
6050D,ok,0,0,2026-08-09T04:23:33.841852+00:00,https://www.law.cornell.edu/uscode/text/26/6050D,
6050E,ok,0,0,2026-08-09T04:23:44.344494+00:00,https://www.law.cornell.edu/uscode/text/26/6050E,
6050F,ok,0,0,2026-08-09T04:23:54.869465+00:00,https://www.law.cornell.edu/uscode/text/26/6050F,
6050G,ok,1,1,2026-08-09T04:24:05.400122+00:00,https://www.law.cornell.edu/uscode/text/26/6050G,
6050H,ok,1,1,2026-08-09T04:24:22.824437+00:00,https://www.law.cornell.edu/uscode/text/26/6050H,
6050I,ok,1,1,2026-08-09T04:24:30.220775+00:00,https://www.law.cornell.edu/uscode/text/26/6050I,
6050J,ok,0,0,2026-08-09T04:24:51.952131+00:00,https://www.law.cornell.edu/uscode/text/26/6050J,
6050K,ok,0,0,2026-08-09T04:24:55.951243+00:00,https://www.law.cornell.edu/uscode/text/26/6050K,
6050L,ok,2,1,2026-08-09T04:25:07.967796+00:00,https://www.law.cornell.edu/uscode/text/26/6050L,
6050M,ok,0,0,2026-08-09T04:25:13.980282+00:00,https://www.law.cornell.edu/uscode/text/26/6050M,
6050N,ok,0,0,2026-08-09T04:25:24.218643+00:00,https://www.law.cornell.edu/uscode/text/26/6050N,
6050P,ok,0,0,2026-08-09T04:25:35.404105+00:00,https://www.law.cornell.edu/uscode/text/26/6050P,
6050Q,ok,0,0,2026-08-09T04:25:45.410844+00:00,https://www.law.cornell.edu/uscode/text/26/6050Q,
6050R,ok,0,0,2026-08-09T04:25:55.654214+00:00,https://www.law.cornell.edu/uscode/text/26/6050R,
6050S,ok,2,2,2026-08-09T04:26:06.430656+00:00,https://www.law.cornell.edu/uscode/text/26/6050S,
6050T,ok,0,0,2026-08-09T04:26:16.708148+00:00,https://www.law.cornell.edu/uscode/text/26/6050T,
6050U,ok,1,1,2026-08-09T04:26:27.145755+00:00,https://www.law.cornell.edu/uscode/text/26/6050U,
6050V,ok,0,0,2026-08-09T04:26:37.638286+00:00,https://www.law.cornell.edu/uscode/text/26/6050V,
6050W,ok,0,0,2026-08-09T04:26:48.213567+00:00,https://www.law.cornell.edu/uscode/text/26/6050W,
6050X,ok,2,1,2026-08-09T04:26:58.716736+00:00,https://www.law.cornell.edu/uscode/text/26/6050X,
6050Y,ok,2,1,2026-08-09T04:27:09.148928+00:00,https://www.law.cornell.edu/uscode/text/26/6050Y,
6050Z,ok,0,0,2026-08-09T04:27:19.692408+00:00,https://www.law.cornell.edu/uscode/text/26/6050Z,
6051,ok,12,10,2026-08-09T04:27:40.937989+00:00,https://www.law.cornell.edu/uscode/text/26/6051,
6052,ok,1,1,2026-08-09T04:27:51.268266+00:00,https://www.law.cornell.edu/uscode/text/26/6052,
6053,ok,2,2,2026-08-09T04:28:02.880108+00:00,https://www.law.cornell.edu/uscode/text/26/6053,
6055,ok,0,0,2026-08-09T04:28:12.717513+00:00,https://www.law.cornell.edu/uscode/text/26/6055,
6056,ok,4,3,2026-08-09T04:28:23.652008+00:00,https://www.law.cornell.edu/uscode/text/26/6056,
6057,ok,1,1,2026-08-09T04:28:33.201379+00:00,https://www.law.cornell.edu/uscode/text/26/6057,
6058,ok,1,1,2026-08-09T04:28:43.697825+00:00,https://www.law.cornell.edu/uscode/text/26/6058,
6059,ok,0,0,2026-08-09T04:28:54.244019+00:00,https://www.law.cornell.edu/uscode/text/26/6059,
6060,ok,0,0,2026-08-09T04:29:04.707723+00:00,https://www.law.cornell.edu/uscode/text/26/6060,
6061,ok,1,1,2026-08-09T04:29:15.230479+00:00,https://www.law.cornell.edu/uscode/text/26/6061,
6062,ok,0,0,2026-08-09T04:29:25.672155+00:00,https://www.law.cornell.edu/uscode/text/26/6062,
6063,ok,0,0,2026-08-09T04:29:36.159122+00:00,https://www.law.cornell.edu/uscode/text/26/6063,
6064,ok,0,0,2026-08-09T04:29:46.646884+00:00,https://www.law.cornell.edu/uscode/text/26/6064,
6065,ok,0,0,2026-08-09T04:29:57.240321+00:00,https://www.law.cornell.edu/uscode/text/26/6065,
6071,ok,0,0,2026-08-09T04:30:07.663910+00:00,https://www.law.cornell.edu/uscode/text/26/6071,
6072,ok,0,0,2026-08-09T04:30:18.210914+00:00,https://www.law.cornell.edu/uscode/text/26/6072,
6073,ok,0,0,2026-08-09T04:30:28.685117+00:00,https://www.law.cornell.edu/uscode/text/26/6073,
6074,ok,0,0,2026-08-09T04:30:41.086372+00:00,https://www.law.cornell.edu/uscode/text/26/6074,
6075,ok,1,1,2026-08-09T04:30:55.783673+00:00,https://www.law.cornell.edu/uscode/text/26/6075,
6076,ok,0,0,2026-08-09T04:31:06.090002+00:00,https://www.law.cornell.edu/uscode/text/26/6076,
6081,ok,0,0,2026-08-09T04:31:10.663814+00:00,https://www.law.cornell.edu/uscode/text/26/6081,
6091,ok,2,1,2026-08-09T04:31:21.155702+00:00,https://www.law.cornell.edu/uscode/text/26/6091,
6096,ok,1,1,2026-08-09T04:31:31.731864+00:00,https://www.law.cornell.edu/uscode/text/26/6096,
6101,ok,0,0,2026-08-09T04:31:44.318914+00:00,https://www.law.cornell.edu/uscode/text/26/6101,
6102,ok,0,0,2026-08-09T04:32:00.748774+00:00,https://www.law.cornell.edu/uscode/text/26/6102,
6103,ok,41,30,2026-08-09T04:32:15.188477+00:00,https://www.law.cornell.edu/uscode/text/26/6103,
6104,ok,8,5,2026-08-09T04:32:29.468958+00:00,https://www.law.cornell.edu/uscode/text/26/6104,
6105,ok,0,0,2026-08-09T04:32:30.617129+00:00,https://www.law.cornell.edu/uscode/text/26/6105,
6106,ok,0,0,2026-08-09T04:32:40.678994+00:00,https://www.law.cornell.edu/uscode/text/26/6106,
6107,ok,0,0,2026-08-09T04:32:51.150259+00:00,https://www.law.cornell.edu/uscode/text/26/6107,
6108,ok,1,1,2026-08-09T04:33:01.673069+00:00,https://www.law.cornell.edu/uscode/text/26/6108,
6109,ok,2,1,2026-08-09T04:33:12.158675+00:00,https://www.law.cornell.edu/uscode/text/26/6109,
6110,ok,3,2,2026-08-09T04:33:22.810097+00:00,https://www.law.cornell.edu/uscode/text/26/6110,
6111,ok,0,0,2026-08-09T04:33:33.347613+00:00,https://www.law.cornell.edu/uscode/text/26/6111,
6112,ok,1,1,2026-08-09T04:33:43.706905+00:00,https://www.law.cornell.edu/uscode/text/26/6112,
6113,ok,2,2,2026-08-09T04:33:54.185480+00:00,https://www.law.cornell.edu/uscode/text/26/6113,
6114,ok,0,0,2026-08-09T04:34:04.688614+00:00,https://www.law.cornell.edu/uscode/text/26/6114,
6115,ok,0,0,2026-08-09T04:34:15.147127+00:00,https://www.law.cornell.edu/uscode/text/26/6115,
6116,ok,0,0,2026-08-09T04:34:25.664598+00:00,https://www.law.cornell.edu/uscode/text/26/6116,
6117,ok,0,0,2026-08-09T04:34:36.159830+00:00,https://www.law.cornell.edu/uscode/text/26/6117,
6151,ok,1,1,2026-08-09T04:34:47.122129+00:00,https://www.law.cornell.edu/uscode/text/26/6151,
6152,ok,0,0,2026-08-09T04:34:57.269361+00:00,https://www.law.cornell.edu/uscode/text/26/6152,
6153,ok,0,0,2026-08-09T04:35:08.940507+00:00,https://www.law.cornell.edu/uscode/text/26/6153,
6154,ok,0,0,2026-08-09T04:35:18.226337+00:00,https://www.law.cornell.edu/uscode/text/26/6154,
6155,ok,0,0,2026-08-09T04:35:28.682305+00:00,https://www.law.cornell.edu/uscode/text/26/6155,
6156,ok,0,0,2026-08-09T04:35:39.192773+00:00,https://www.law.cornell.edu/uscode/text/26/6156,
6157,ok,4,2,2026-08-09T04:35:49.659031+00:00,https://www.law.cornell.edu/uscode/text/26/6157,
6158,ok,0,0,2026-08-09T04:36:00.234622+00:00,https://www.law.cornell.edu/uscode/text/26/6158,
6159,ok,0,0,2026-08-09T04:36:10.659306+00:00,https://www.law.cornell.edu/uscode/text/26/6159,
6161,ok,1,1,2026-08-09T04:36:21.219788+00:00,https://www.law.cornell.edu/uscode/text/26/6161,
6162,ok,0,0,2026-08-09T04:36:31.708765+00:00,https://www.law.cornell.edu/uscode/text/26/6162,
6163,ok,0,0,2026-08-09T04:36:42.150398+00:00,https://www.law.cornell.edu/uscode/text/26/6163,
6164,ok,0,0,2026-08-09T04:36:52.700664+00:00,https://www.law.cornell.edu/uscode/text/26/6164,
6165,ok,0,0,2026-08-09T04:37:03.249522+00:00,https://www.law.cornell.edu/uscode/text/26/6165,
6166,ok,11,7,2026-08-09T04:37:13.667875+00:00,https://www.law.cornell.edu/uscode/text/26/6166,
6166A,ok,0,0,2026-08-09T04:37:24.350053+00:00,https://www.law.cornell.edu/uscode/text/26/6166A,
6167,ok,3,1,2026-08-09T04:37:36.132140+00:00,https://www.law.cornell.edu/uscode/text/26/6167,
6201,ok,5,5,2026-08-09T04:37:45.190529+00:00,https://www.law.cornell.edu/uscode/text/26/6201,
6202,ok,0,0,2026-08-09T04:37:55.744584+00:00,https://www.law.cornell.edu/uscode/text/26/6202,
6203,ok,0,0,2026-08-09T04:38:06.731809+00:00,https://www.law.cornell.edu/uscode/text/26/6203,
6204,ok,0,0,2026-08-09T04:38:16.673318+00:00,https://www.law.cornell.edu/uscode/text/26/6204,
6205,ok,8,6,2026-08-09T04:38:34.765588+00:00,https://www.law.cornell.edu/uscode/text/26/6205,
6206,ok,0,0,2026-08-09T04:38:42.473242+00:00,https://www.law.cornell.edu/uscode/text/26/6206,
6207,ok,0,0,2026-08-09T04:38:57.829724+00:00,https://www.law.cornell.edu/uscode/text/26/6207,
6211,ok,5,5,2026-08-09T04:39:03.879688+00:00,https://www.law.cornell.edu/uscode/text/26/6211,
6212,ok,1,1,2026-08-09T04:39:09.877512+00:00,https://www.law.cornell.edu/uscode/text/26/6212,
6213,ok,13,11,2026-08-09T04:39:19.726839+00:00,https://www.law.cornell.edu/uscode/text/26/6213,
6214,ok,0,0,2026-08-09T04:39:30.344991+00:00,https://www.law.cornell.edu/uscode/text/26/6214,
6215,ok,0,0,2026-08-09T04:39:45.507209+00:00,https://www.law.cornell.edu/uscode/text/26/6215,
6216,ok,0,0,2026-08-09T04:40:03.725212+00:00,https://www.law.cornell.edu/uscode/text/26/6216,
6221,ok,1,1,2026-08-09T04:40:14.014699+00:00,https://www.law.cornell.edu/uscode/text/26/6221,
6222,ok,1,1,2026-08-09T04:40:17.102342+00:00,https://www.law.cornell.edu/uscode/text/26/6222,
6223,ok,0,0,2026-08-09T04:40:27.447307+00:00,https://www.law.cornell.edu/uscode/text/26/6223,
6225,ok,6,5,2026-08-09T04:40:35.925885+00:00,https://www.law.cornell.edu/uscode/text/26/6225,
6226,ok,1,1,2026-08-09T04:40:48.556542+00:00,https://www.law.cornell.edu/uscode/text/26/6226,
6227,ok,2,2,2026-08-09T04:40:58.089332+00:00,https://www.law.cornell.edu/uscode/text/26/6227,
6231,ok,3,2,2026-08-09T04:41:07.436220+00:00,https://www.law.cornell.edu/uscode/text/26/6231,
6232,ok,9,9,2026-08-09T04:41:18.041653+00:00,https://www.law.cornell.edu/uscode/text/26/6232,
6233,ok,1,1,2026-08-09T04:41:28.489952+00:00,https://www.law.cornell.edu/uscode/text/26/6233,
6234,ok,2,2,2026-08-09T04:41:38.968548+00:00,https://www.law.cornell.edu/uscode/text/26/6234,
6235,ok,1,1,2026-08-09T04:41:49.431209+00:00,https://www.law.cornell.edu/uscode/text/26/6235,
6241,ok,4,4,2026-08-09T04:41:59.920516+00:00,https://www.law.cornell.edu/uscode/text/26/6241,
6301,ok,0,0,2026-08-09T04:42:15.304434+00:00,https://www.law.cornell.edu/uscode/text/26/6301,
6302,ok,8,8,2026-08-09T04:42:20.941931+00:00,https://www.law.cornell.edu/uscode/text/26/6302,
6303,ok,0,0,2026-08-09T04:42:31.510000+00:00,https://www.law.cornell.edu/uscode/text/26/6303,
6304,ok,0,0,2026-08-09T04:42:41.921196+00:00,https://www.law.cornell.edu/uscode/text/26/6304,
6305,ok,1,1,2026-08-09T04:42:52.760961+00:00,https://www.law.cornell.edu/uscode/text/26/6305,
6306,ok,1,1,2026-08-09T04:43:03.100150+00:00,https://www.law.cornell.edu/uscode/text/26/6306,
6307,ok,0,0,2026-08-09T04:43:13.533966+00:00,https://www.law.cornell.edu/uscode/text/26/6307,
6311,ok,1,1,2026-08-09T04:43:23.975770+00:00,https://www.law.cornell.edu/uscode/text/26/6311,
6312,ok,0,0,2026-08-09T04:43:34.475336+00:00,https://www.law.cornell.edu/uscode/text/26/6312,
6313,ok,0,0,2026-08-09T04:43:44.960255+00:00,https://www.law.cornell.edu/uscode/text/26/6313,
6314,ok,0,0,2026-08-09T04:43:55.770157+00:00,https://www.law.cornell.edu/uscode/text/26/6314,
6315,ok,0,0,2026-08-09T04:44:05.935533+00:00,https://www.law.cornell.edu/uscode/text/26/6315,
6316,ok,0,0,2026-08-09T04:44:17.132749+00:00,https://www.law.cornell.edu/uscode/text/26/6316,
6317,ok,0,0,2026-08-09T04:44:26.961321+00:00,https://www.law.cornell.edu/uscode/text/26/6317,
6320,ok,2,1,2026-08-09T04:44:37.424561+00:00,https://www.law.cornell.edu/uscode/text/26/6320,
6321,ok,0,0,2026-08-09T04:44:47.984095+00:00,https://www.law.cornell.edu/uscode/text/26/6321,
6322,ok,1,1,2026-08-09T04:44:58.447335+00:00,https://www.law.cornell.edu/uscode/text/26/6322,
6323,ok,11,3,2026-08-09T04:45:08.945986+00:00,https://www.law.cornell.edu/uscode/text/26/6323,
6324,ok,0,0,2026-08-09T04:45:19.559075+00:00,https://www.law.cornell.edu/uscode/text/26/6324,
6324A,ok,11,5,2026-08-09T04:45:29.938242+00:00,https://www.law.cornell.edu/uscode/text/26/6324A,
6324B,ok,3,2,2026-08-09T04:45:40.872493+00:00,https://www.law.cornell.edu/uscode/text/26/6324B,
6325,ok,6,6,2026-08-09T04:45:50.948344+00:00,https://www.law.cornell.edu/uscode/text/26/6325,
6326,ok,0,0,2026-08-09T04:46:01.530784+00:00,https://www.law.cornell.edu/uscode/text/26/6326,
6327,ok,0,0,2026-08-09T04:46:11.938014+00:00,https://www.law.cornell.edu/uscode/text/26/6327,
6330,ok,5,3,2026-08-09T04:46:22.463226+00:00,https://www.law.cornell.edu/uscode/text/26/6330,
6331,ok,4,3,2026-08-09T04:46:32.999747+00:00,https://www.law.cornell.edu/uscode/text/26/6331,
6332,ok,2,2,2026-08-09T04:46:43.545551+00:00,https://www.law.cornell.edu/uscode/text/26/6332,
6333,ok,0,0,2026-08-09T04:46:54.028072+00:00,https://www.law.cornell.edu/uscode/text/26/6333,
6334,ok,4,3,2026-08-09T04:47:04.632575+00:00,https://www.law.cornell.edu/uscode/text/26/6334,
6335,ok,0,0,2026-08-09T04:47:21.224604+00:00,https://www.law.cornell.edu/uscode/text/26/6335,
6336,ok,0,0,2026-08-09T04:47:35.597658+00:00,https://www.law.cornell.edu/uscode/text/26/6336,
6337,ok,0,0,2026-08-09T04:47:43.652568+00:00,https://www.law.cornell.edu/uscode/text/26/6337,
6338,ok,0,0,2026-08-09T04:47:56.728803+00:00,https://www.law.cornell.edu/uscode/text/26/6338,
6339,ok,1,1,2026-08-09T04:48:01.850777+00:00,https://www.law.cornell.edu/uscode/text/26/6339,
6340,ok,0,0,2026-08-09T04:48:07.931295+00:00,https://www.law.cornell.edu/uscode/text/26/6340,
6341,ok,0,0,2026-08-09T04:48:18.424462+00:00,https://www.law.cornell.edu/uscode/text/26/6341,
6342,ok,0,0,2026-08-09T04:48:28.997751+00:00,https://www.law.cornell.edu/uscode/text/26/6342,
6343,ok,6,5,2026-08-09T04:48:39.478574+00:00,https://www.law.cornell.edu/uscode/text/26/6343,
6344,ok,0,0,2026-08-09T04:48:50.041262+00:00,https://www.law.cornell.edu/uscode/text/26/6344,
6361...6365,http_404,0,0,2026-08-09T04:49:00.461267+00:00,https://www.law.cornell.edu/uscode/text/26/6361...6365,
6401,ok,0,0,2026-08-09T04:49:10.835362+00:00,https://www.law.cornell.edu/uscode/text/26/6401,
6402,ok,1,1,2026-08-09T04:49:21.459660+00:00,https://www.law.cornell.edu/uscode/text/26/6402,
6403,ok,0,0,2026-08-09T04:49:35.019631+00:00,https://www.law.cornell.edu/uscode/text/26/6403,
6404,ok,5,5,2026-08-09T04:49:42.442612+00:00,https://www.law.cornell.edu/uscode/text/26/6404,
6405,ok,0,0,2026-08-09T04:49:53.093669+00:00,https://www.law.cornell.edu/uscode/text/26/6405,
6406,ok,0,0,2026-08-09T04:50:03.660250+00:00,https://www.law.cornell.edu/uscode/text/26/6406,
6407,ok,0,0,2026-08-09T04:50:13.928547+00:00,https://www.law.cornell.edu/uscode/text/26/6407,
6408,ok,0,0,2026-08-09T04:50:24.444831+00:00,https://www.law.cornell.edu/uscode/text/26/6408,
6409,ok,0,0,2026-08-09T04:50:39.456458+00:00,https://www.law.cornell.edu/uscode/text/26/6409,
6411,ok,4,2,2026-08-09T04:50:48.223832+00:00,https://www.law.cornell.edu/uscode/text/26/6411,
6412,ok,0,0,2026-08-09T04:51:00.146742+00:00,https://www.law.cornell.edu/uscode/text/26/6412,
6413,ok,12,6,2026-08-09T04:51:09.486960+00:00,https://www.law.cornell.edu/uscode/text/26/6413,
6414,ok,0,0,2026-08-09T04:51:17.043762+00:00,https://www.law.cornell.edu/uscode/text/26/6414,
6415,ok,12,3,2026-08-09T04:51:27.446138+00:00,https://www.law.cornell.edu/uscode/text/26/6415,
6416,ok,12,7,2026-08-09T04:51:37.939724+00:00,https://www.law.cornell.edu/uscode/text/26/6416,
6417,ok,16,11,2026-08-09T04:51:48.640186+00:00,https://www.law.cornell.edu/uscode/text/26/6417,
6418,ok,5,5,2026-08-09T04:51:59.061394+00:00,https://www.law.cornell.edu/uscode/text/26/6418,
6419,ok,0,0,2026-08-09T04:52:09.528950+00:00,https://www.law.cornell.edu/uscode/text/26/6419,
6420,ok,3,2,2026-08-09T04:52:19.959904+00:00,https://www.law.cornell.edu/uscode/text/26/6420,
6421,ok,8,4,2026-08-09T04:52:30.527648+00:00,https://www.law.cornell.edu/uscode/text/26/6421,
6422,ok,0,0,2026-08-09T04:52:41.106011+00:00,https://www.law.cornell.edu/uscode/text/26/6422,
6423,ok,0,0,2026-08-09T04:52:51.483210+00:00,https://www.law.cornell.edu/uscode/text/26/6423,
6424,ok,0,0,2026-08-09T04:53:01.962057+00:00,https://www.law.cornell.edu/uscode/text/26/6424,
6425,ok,1,1,2026-08-09T04:53:12.418397+00:00,https://www.law.cornell.edu/uscode/text/26/6425,
6426,ok,10,6,2026-08-09T04:53:23.000818+00:00,https://www.law.cornell.edu/uscode/text/26/6426,
6427,ok,27,7,2026-08-09T04:53:33.637844+00:00,https://www.law.cornell.edu/uscode/text/26/6427,
6428,ok,3,3,2026-08-09T04:53:44.129194+00:00,https://www.law.cornell.edu/uscode/text/26/6428,
6428A,ok,3,3,2026-08-09T04:53:54.524774+00:00,https://www.law.cornell.edu/uscode/text/26/6428A,
6428B,ok,3,3,2026-08-09T04:54:11.553457+00:00,https://www.law.cornell.edu/uscode/text/26/6428B,
6429,ok,0,0,2026-08-09T04:54:24.717331+00:00,https://www.law.cornell.edu/uscode/text/26/6429,
6430,ok,2,1,2026-08-09T04:54:27.253925+00:00,https://www.law.cornell.edu/uscode/text/26/6430,
6431,ok,0,0,2026-08-09T04:54:38.593018+00:00,https://www.law.cornell.edu/uscode/text/26/6431,
6432,ok,2,2,2026-08-09T04:54:46.955998+00:00,https://www.law.cornell.edu/uscode/text/26/6432,
6433,ok,25,15,2026-08-09T04:54:57.480097+00:00,https://www.law.cornell.edu/uscode/text/26/6433,
6434,ok,3,3,2026-08-09T04:55:08.008841+00:00,https://www.law.cornell.edu/uscode/text/26/6434,
6435,ok,1,1,2026-08-09T04:55:23.108825+00:00,https://www.law.cornell.edu/uscode/text/26/6435,
6501,ok,22,21,2026-08-09T04:55:37.254181+00:00,https://www.law.cornell.edu/uscode/text/26/6501,
6502,ok,2,2,2026-08-09T04:55:49.327049+00:00,https://www.law.cornell.edu/uscode/text/26/6502,
6503,ok,11,7,2026-08-09T04:55:52.380172+00:00,https://www.law.cornell.edu/uscode/text/26/6503,
6504,ok,1,1,2026-08-09T04:56:01.180692+00:00,https://www.law.cornell.edu/uscode/text/26/6504,
6511,ok,3,3,2026-08-09T04:56:11.066825+00:00,https://www.law.cornell.edu/uscode/text/26/6511,
6512,ok,1,1,2026-08-09T04:56:21.647920+00:00,https://www.law.cornell.edu/uscode/text/26/6512,
6513,ok,5,3,2026-08-09T04:56:32.271477+00:00,https://www.law.cornell.edu/uscode/text/26/6513,
6514,ok,0,0,2026-08-09T04:56:42.527393+00:00,https://www.law.cornell.edu/uscode/text/26/6514,
6515,ok,0,0,2026-08-09T04:56:53.015297+00:00,https://www.law.cornell.edu/uscode/text/26/6515,
6521,ok,0,0,2026-08-09T04:57:03.547052+00:00,https://www.law.cornell.edu/uscode/text/26/6521,
6531,ok,1,1,2026-08-09T04:57:14.041271+00:00,https://www.law.cornell.edu/uscode/text/26/6531,
6532,ok,0,0,2026-08-09T04:57:24.541897+00:00,https://www.law.cornell.edu/uscode/text/26/6532,
6533,ok,0,0,2026-08-09T04:57:35.023091+00:00,https://www.law.cornell.edu/uscode/text/26/6533,
6601,ok,11,10,2026-08-09T04:57:46.657629+00:00,https://www.law.cornell.edu/uscode/text/26/6601,
6602,ok,0,0,2026-08-09T04:57:56.585819+00:00,https://www.law.cornell.edu/uscode/text/26/6602,
6603,ok,0,0,2026-08-09T04:58:06.555375+00:00,https://www.law.cornell.edu/uscode/text/26/6603,
6611,ok,4,2,2026-08-09T04:58:17.035302+00:00,https://www.law.cornell.edu/uscode/text/26/6611,
6612,ok,0,0,2026-08-09T04:58:27.629752+00:00,https://www.law.cornell.edu/uscode/text/26/6612,
6621,ok,3,3,2026-08-09T04:58:38.037716+00:00,https://www.law.cornell.edu/uscode/text/26/6621,
6622,ok,1,1,2026-08-09T04:58:48.568500+00:00,https://www.law.cornell.edu/uscode/text/26/6622,
6631,ok,0,0,2026-08-09T04:59:00.810156+00:00,https://www.law.cornell.edu/uscode/text/26/6631,
6651,ok,4,4,2026-08-09T04:59:09.561375+00:00,https://www.law.cornell.edu/uscode/text/26/6651,
6652,ok,14,10,2026-08-09T04:59:20.108604+00:00,https://www.law.cornell.edu/uscode/text/26/6652,
6653,ok,1,1,2026-08-09T04:59:30.819714+00:00,https://www.law.cornell.edu/uscode/text/26/6653,
6654,ok,6,6,2026-08-09T04:59:41.096053+00:00,https://www.law.cornell.edu/uscode/text/26/6654,
6655,ok,8,7,2026-08-09T04:59:51.736600+00:00,https://www.law.cornell.edu/uscode/text/26/6655,
6656,ok,2,2,2026-08-09T05:00:02.258386+00:00,https://www.law.cornell.edu/uscode/text/26/6656,
6657,ok,0,0,2026-08-09T05:00:12.618534+00:00,https://www.law.cornell.edu/uscode/text/26/6657,
6658,ok,0,0,2026-08-09T05:00:23.085656+00:00,https://www.law.cornell.edu/uscode/text/26/6658,
6659,ok,0,0,2026-08-09T05:00:33.572695+00:00,https://www.law.cornell.edu/uscode/text/26/6659,
6659A...6661,http_404,0,0,2026-08-09T05:00:44.054906+00:00,https://www.law.cornell.edu/uscode/text/26/6659A...6661,
6662,ok,20,18,2026-08-09T05:00:54.426246+00:00,https://www.law.cornell.edu/uscode/text/26/6662,
6662A,ok,4,4,2026-08-09T05:01:05.157777+00:00,https://www.law.cornell.edu/uscode/text/26/6662A,
6663,ok,0,0,2026-08-09T05:01:15.621925+00:00,https://www.law.cornell.edu/uscode/text/26/6663,
6664,ok,7,6,2026-08-09T05:01:26.040191+00:00,https://www.law.cornell.edu/uscode/text/26/6664,
6665,ok,1,1,2026-08-09T05:01:36.591388+00:00,https://www.law.cornell.edu/uscode/text/26/6665,
6671,ok,0,0,2026-08-09T05:01:47.029465+00:00,https://www.law.cornell.edu/uscode/text/26/6671,
6672,ok,3,3,2026-08-09T05:01:57.583647+00:00,https://www.law.cornell.edu/uscode/text/26/6672,
6673,ok,1,1,2026-08-09T05:02:08.080871+00:00,https://www.law.cornell.edu/uscode/text/26/6673,
6674,ok,2,2,2026-08-09T05:02:18.538200+00:00,https://www.law.cornell.edu/uscode/text/26/6674,
6675,ok,0,0,2026-08-09T05:02:29.267224+00:00,https://www.law.cornell.edu/uscode/text/26/6675,
6676,ok,1,1,2026-08-09T05:02:53.642510+00:00,https://www.law.cornell.edu/uscode/text/26/6676,
6677,ok,2,1,2026-08-09T05:02:57.773186+00:00,https://www.law.cornell.edu/uscode/text/26/6677,
6678,ok,0,0,2026-08-09T05:03:09.339781+00:00,https://www.law.cornell.edu/uscode/text/26/6678,
6679,ok,2,2,2026-08-09T05:03:15.524397+00:00,https://www.law.cornell.edu/uscode/text/26/6679,
6680,ok,0,0,2026-08-09T05:03:25.862218+00:00,https://www.law.cornell.edu/uscode/text/26/6680,
6681,ok,0,0,2026-08-09T05:03:36.329800+00:00,https://www.law.cornell.edu/uscode/text/26/6681,
6682,ok,0,0,2026-08-09T05:03:46.836080+00:00,https://www.law.cornell.edu/uscode/text/26/6682,
6683,ok,0,0,2026-08-09T05:03:59.311656+00:00,https://www.law.cornell.edu/uscode/text/26/6683,
6684,ok,0,0,2026-08-09T05:04:07.810231+00:00,https://www.law.cornell.edu/uscode/text/26/6684,
6685,ok,0,0,2026-08-09T05:04:18.633435+00:00,https://www.law.cornell.edu/uscode/text/26/6685,
6686,ok,0,0,2026-08-09T05:04:28.859932+00:00,https://www.law.cornell.edu/uscode/text/26/6686,
6687,ok,0,0,2026-08-09T05:04:39.424103+00:00,https://www.law.cornell.edu/uscode/text/26/6687,
6688,ok,1,1,2026-08-09T05:04:49.985531+00:00,https://www.law.cornell.edu/uscode/text/26/6688,
6689,ok,1,1,2026-08-09T05:05:00.563465+00:00,https://www.law.cornell.edu/uscode/text/26/6689,
6690,ok,1,1,2026-08-09T05:05:10.850719+00:00,https://www.law.cornell.edu/uscode/text/26/6690,
6691,ok,0,0,2026-08-09T05:05:21.338024+00:00,https://www.law.cornell.edu/uscode/text/26/6691,
6692,ok,0,0,2026-08-09T05:05:31.835070+00:00,https://www.law.cornell.edu/uscode/text/26/6692,
6693,ok,6,2,2026-08-09T05:05:42.340480+00:00,https://www.law.cornell.edu/uscode/text/26/6693,
6694,ok,2,2,2026-08-09T05:05:52.944517+00:00,https://www.law.cornell.edu/uscode/text/26/6694,
6695,ok,4,3,2026-08-09T05:06:03.462287+00:00,https://www.law.cornell.edu/uscode/text/26/6695,
6695A,ok,2,2,2026-08-09T05:06:24.372511+00:00,https://www.law.cornell.edu/uscode/text/26/6695A,
6695B,ok,3,2,2026-08-09T05:06:13.938093+00:00,https://www.law.cornell.edu/uscode/text/26/6695B,
6696,ok,15,4,2026-08-09T05:06:34.834411+00:00,https://www.law.cornell.edu/uscode/text/26/6696,
6697,ok,0,0,2026-08-09T05:06:45.370513+00:00,https://www.law.cornell.edu/uscode/text/26/6697,
6698,ok,1,1,2026-08-09T05:06:55.864352+00:00,https://www.law.cornell.edu/uscode/text/26/6698,
6698A,ok,0,0,2026-08-09T05:07:06.458305+00:00,https://www.law.cornell.edu/uscode/text/26/6698A,
6699,ok,0,0,2026-08-09T05:07:17.050095+00:00,https://www.law.cornell.edu/uscode/text/26/6699,
6700,ok,0,0,2026-08-09T05:07:27.667320+00:00,https://www.law.cornell.edu/uscode/text/26/6700,
6701,ok,2,2,2026-08-09T05:07:37.863665+00:00,https://www.law.cornell.edu/uscode/text/26/6701,
6702,ok,0,0,2026-08-09T05:07:48.396992+00:00,https://www.law.cornell.edu/uscode/text/26/6702,
6703,ok,1,1,2026-08-09T05:07:58.969254+00:00,https://www.law.cornell.edu/uscode/text/26/6703,
6704,ok,1,1,2026-08-09T05:08:09.420037+00:00,https://www.law.cornell.edu/uscode/text/26/6704,
6705,ok,1,1,2026-08-09T05:08:19.916044+00:00,https://www.law.cornell.edu/uscode/text/26/6705,
6706,ok,0,0,2026-08-09T05:08:30.617491+00:00,https://www.law.cornell.edu/uscode/text/26/6706,
6707,ok,1,1,2026-08-09T05:08:40.884425+00:00,https://www.law.cornell.edu/uscode/text/26/6707,
6707A,ok,3,3,2026-08-09T05:08:52.292853+00:00,https://www.law.cornell.edu/uscode/text/26/6707A,
6708,ok,1,1,2026-08-09T05:09:01.925773+00:00,https://www.law.cornell.edu/uscode/text/26/6708,
6709,ok,0,0,2026-08-09T05:09:13.367138+00:00,https://www.law.cornell.edu/uscode/text/26/6709,
6710,ok,3,1,2026-08-09T05:09:23.966355+00:00,https://www.law.cornell.edu/uscode/text/26/6710,
6711,ok,1,1,2026-08-09T05:09:38.766194+00:00,https://www.law.cornell.edu/uscode/text/26/6711,
6712,ok,0,0,2026-08-09T05:09:54.193062+00:00,https://www.law.cornell.edu/uscode/text/26/6712,
6713,ok,2,2,2026-08-09T05:10:00.973809+00:00,https://www.law.cornell.edu/uscode/text/26/6713,
6714,ok,1,1,2026-08-09T05:10:11.002057+00:00,https://www.law.cornell.edu/uscode/text/26/6714,
6715,ok,1,1,2026-08-09T05:10:16.862380+00:00,https://www.law.cornell.edu/uscode/text/26/6715,
6715A,ok,2,2,2026-08-09T05:10:38.046321+00:00,https://www.law.cornell.edu/uscode/text/26/6715A,
6716,ok,0,0,2026-08-09T05:10:45.252817+00:00,https://www.law.cornell.edu/uscode/text/26/6716,
6717,ok,2,2,2026-08-09T05:11:07.017188+00:00,https://www.law.cornell.edu/uscode/text/26/6717,
6718,ok,1,1,2026-08-09T05:11:13.303943+00:00,https://www.law.cornell.edu/uscode/text/26/6718,
6719,ok,0,0,2026-08-09T05:11:18.977827+00:00,https://www.law.cornell.edu/uscode/text/26/6719,
6720,ok,3,1,2026-08-09T05:11:28.697429+00:00,https://www.law.cornell.edu/uscode/text/26/6720,
6720A,ok,1,1,2026-08-09T05:11:39.215043+00:00,https://www.law.cornell.edu/uscode/text/26/6720A,
6720B,ok,1,1,2026-08-09T05:11:49.746679+00:00,https://www.law.cornell.edu/uscode/text/26/6720B,
6720C,ok,0,0,2026-08-09T05:12:00.190703+00:00,https://www.law.cornell.edu/uscode/text/26/6720C,
6721,ok,4,3,2026-08-09T05:12:10.992571+00:00,https://www.law.cornell.edu/uscode/text/26/6721,
6722,ok,1,1,2026-08-09T05:12:21.279209+00:00,https://www.law.cornell.edu/uscode/text/26/6722,
6723,ok,0,0,2026-08-09T05:12:31.773670+00:00,https://www.law.cornell.edu/uscode/text/26/6723,
6724,ok,10,7,2026-08-09T05:12:42.214130+00:00,https://www.law.cornell.edu/uscode/text/26/6724,
6725,ok,1,1,2026-08-09T05:12:52.882473+00:00,https://www.law.cornell.edu/uscode/text/26/6725,
6726,ok,1,1,2026-08-09T05:13:03.214687+00:00,https://www.law.cornell.edu/uscode/text/26/6726,
6751,ok,4,4,2026-08-09T05:13:13.723073+00:00,https://www.law.cornell.edu/uscode/text/26/6751,
6801,ok,0,0,2026-08-09T05:13:24.228003+00:00,https://www.law.cornell.edu/uscode/text/26/6801,
6802,ok,0,0,2026-08-09T05:13:35.005529+00:00,https://www.law.cornell.edu/uscode/text/26/6802,
6803,ok,0,0,2026-08-09T05:13:45.207009+00:00,https://www.law.cornell.edu/uscode/text/26/6803,
6804,ok,1,1,2026-08-09T05:13:55.694422+00:00,https://www.law.cornell.edu/uscode/text/26/6804,
6805,ok,0,0,2026-08-09T05:14:06.217378+00:00,https://www.law.cornell.edu/uscode/text/26/6805,
6806,ok,0,0,2026-08-09T05:14:16.725473+00:00,https://www.law.cornell.edu/uscode/text/26/6806,
6807,ok,1,1,2026-08-09T05:14:27.232002+00:00,https://www.law.cornell.edu/uscode/text/26/6807,
6808,ok,0,0,2026-08-09T05:14:37.738926+00:00,https://www.law.cornell.edu/uscode/text/26/6808,
6851,ok,1,1,2026-08-09T05:14:48.227913+00:00,https://www.law.cornell.edu/uscode/text/26/6851,
6852,ok,7,4,2026-08-09T05:14:58.754486+00:00,https://www.law.cornell.edu/uscode/text/26/6852,
6861,ok,0,0,2026-08-09T05:15:09.226660+00:00,https://www.law.cornell.edu/uscode/text/26/6861,
6862,ok,0,0,2026-08-09T05:15:19.718977+00:00,https://www.law.cornell.edu/uscode/text/26/6862,
6863,ok,1,1,2026-08-09T05:15:30.232077+00:00,https://www.law.cornell.edu/uscode/text/26/6863,
6864,ok,0,0,2026-08-09T05:15:40.752153+00:00,https://www.law.cornell.edu/uscode/text/26/6864,
6867,ok,0,0,2026-08-09T05:15:52.352619+00:00,https://www.law.cornell.edu/uscode/text/26/6867,
6871,ok,13,5,2026-08-09T05:16:02.886221+00:00,https://www.law.cornell.edu/uscode/text/26/6871,
6872,ok,0,0,2026-08-09T05:16:12.243256+00:00,https://www.law.cornell.edu/uscode/text/26/6872,
6873,ok,0,0,2026-08-09T05:16:23.473690+00:00,https://www.law.cornell.edu/uscode/text/26/6873,
6901,ok,0,0,2026-08-09T05:16:33.229770+00:00,https://www.law.cornell.edu/uscode/text/26/6901,
6902,ok,0,0,2026-08-09T05:16:43.739749+00:00,https://www.law.cornell.edu/uscode/text/26/6902,
6903,ok,0,0,2026-08-09T05:16:54.208328+00:00,https://www.law.cornell.edu/uscode/text/26/6903,
6904,ok,0,0,2026-08-09T05:17:08.099448+00:00,https://www.law.cornell.edu/uscode/text/26/6904,
6905,ok,0,0,2026-08-09T05:17:15.206682+00:00,https://www.law.cornell.edu/uscode/text/26/6905,
7001,ok,0,0,2026-08-09T05:17:25.732178+00:00,https://www.law.cornell.edu/uscode/text/26/7001,
7011,ok,1,1,2026-08-09T05:17:36.207567+00:00,https://www.law.cornell.edu/uscode/text/26/7011,
7012,ok,0,0,2026-08-09T05:17:47.022343+00:00,https://www.law.cornell.edu/uscode/text/26/7012,
7101,ok,1,1,2026-08-09T05:17:57.285627+00:00,https://www.law.cornell.edu/uscode/text/26/7101,
7102,ok,0,0,2026-08-09T05:18:10.832668+00:00,https://www.law.cornell.edu/uscode/text/26/7102,
7103,ok,1,1,2026-08-09T05:18:25.682230+00:00,https://www.law.cornell.edu/uscode/text/26/7103,
7121,ok,0,0,2026-08-09T05:18:32.923368+00:00,https://www.law.cornell.edu/uscode/text/26/7121,
7122,ok,2,1,2026-08-09T05:18:47.818732+00:00,https://www.law.cornell.edu/uscode/text/26/7122,
7123,ok,3,2,2026-08-09T05:18:49.799706+00:00,https://www.law.cornell.edu/uscode/text/26/7123,
7124,ok,0,0,2026-08-09T05:19:00.237552+00:00,https://www.law.cornell.edu/uscode/text/26/7124,
7201,ok,0,0,2026-08-09T05:19:10.702987+00:00,https://www.law.cornell.edu/uscode/text/26/7201,
7202,ok,0,0,2026-08-09T05:19:21.664998+00:00,https://www.law.cornell.edu/uscode/text/26/7202,
7203,ok,2,2,2026-08-09T05:19:33.502378+00:00,https://www.law.cornell.edu/uscode/text/26/7203,
7204,ok,1,1,2026-08-09T05:19:42.246352+00:00,https://www.law.cornell.edu/uscode/text/26/7204,
7205,ok,1,1,2026-08-09T05:19:52.705450+00:00,https://www.law.cornell.edu/uscode/text/26/7205,
7206,ok,0,0,2026-08-09T05:20:03.237080+00:00,https://www.law.cornell.edu/uscode/text/26/7206,
7207,ok,1,1,2026-08-09T05:20:13.759488+00:00,https://www.law.cornell.edu/uscode/text/26/7207,
7208,ok,0,0,2026-08-09T05:20:24.252300+00:00,https://www.law.cornell.edu/uscode/text/26/7208,
7209,ok,0,0,2026-08-09T05:20:34.724153+00:00,https://www.law.cornell.edu/uscode/text/26/7209,
7210,ok,0,0,2026-08-09T05:20:45.242736+00:00,https://www.law.cornell.edu/uscode/text/26/7210,
7211,ok,0,0,2026-08-09T05:20:55.773022+00:00,https://www.law.cornell.edu/uscode/text/26/7211,
7212,ok,0,0,2026-08-09T05:21:06.225111+00:00,https://www.law.cornell.edu/uscode/text/26/7212,
7213,ok,4,2,2026-08-09T05:21:16.822204+00:00,https://www.law.cornell.edu/uscode/text/26/7213,
7213A,ok,2,1,2026-08-09T05:21:27.321088+00:00,https://www.law.cornell.edu/uscode/text/26/7213A,
7214,ok,0,0,2026-08-09T05:21:37.753606+00:00,https://www.law.cornell.edu/uscode/text/26/7214,
7215,ok,2,1,2026-08-09T05:21:48.237518+00:00,https://www.law.cornell.edu/uscode/text/26/7215,
7216,ok,1,1,2026-08-09T05:21:58.755699+00:00,https://www.law.cornell.edu/uscode/text/26/7216,
7217,ok,1,1,2026-08-09T05:22:09.233913+00:00,https://www.law.cornell.edu/uscode/text/26/7217,
7231,ok,0,0,2026-08-09T05:22:19.743441+00:00,https://www.law.cornell.edu/uscode/text/26/7231,
7232,ok,1,1,2026-08-09T05:22:30.256396+00:00,https://www.law.cornell.edu/uscode/text/26/7232,
7233,ok,0,0,2026-08-09T05:22:40.745843+00:00,https://www.law.cornell.edu/uscode/text/26/7233,
7234,ok,0,0,2026-08-09T05:22:51.230731+00:00,https://www.law.cornell.edu/uscode/text/26/7234,
7235,ok,0,0,2026-08-09T05:23:01.738935+00:00,https://www.law.cornell.edu/uscode/text/26/7235,
7236,ok,0,0,2026-08-09T05:23:12.245180+00:00,https://www.law.cornell.edu/uscode/text/26/7236,
7239,ok,0,0,2026-08-09T05:23:22.742303+00:00,https://www.law.cornell.edu/uscode/text/26/7239,
7240,ok,0,0,2026-08-09T05:23:33.215649+00:00,https://www.law.cornell.edu/uscode/text/26/7240,
7241,ok,0,0,2026-08-09T05:23:43.738327+00:00,https://www.law.cornell.edu/uscode/text/26/7241,
7261,ok,0,0,2026-08-09T05:23:54.217200+00:00,https://www.law.cornell.edu/uscode/text/26/7261,
7262,ok,0,0,2026-08-09T05:24:04.723484+00:00,https://www.law.cornell.edu/uscode/text/26/7262,
7263,ok,0,0,2026-08-09T05:24:15.542804+00:00,https://www.law.cornell.edu/uscode/text/26/7263,
7264,ok,0,0,2026-08-09T05:24:25.735672+00:00,https://www.law.cornell.edu/uscode/text/26/7264,
7265,ok,0,0,2026-08-09T05:24:36.245824+00:00,https://www.law.cornell.edu/uscode/text/26/7265,
7266,ok,0,0,2026-08-09T05:24:53.503319+00:00,https://www.law.cornell.edu/uscode/text/26/7266,
7267,ok,0,0,2026-08-09T05:25:03.373021+00:00,https://www.law.cornell.edu/uscode/text/26/7267,
7268,ok,0,0,2026-08-09T05:25:22.920407+00:00,https://www.law.cornell.edu/uscode/text/26/7268,
7269,ok,0,0,2026-08-09T05:25:37.354493+00:00,https://www.law.cornell.edu/uscode/text/26/7269,
7270,ok,0,0,2026-08-09T05:25:38.475380+00:00,https://www.law.cornell.edu/uscode/text/26/7270,
7271,ok,0,0,2026-08-09T05:25:48.545486+00:00,https://www.law.cornell.edu/uscode/text/26/7271,
7272,ok,1,1,2026-08-09T05:25:59.043125+00:00,https://www.law.cornell.edu/uscode/text/26/7272,
7273,ok,1,1,2026-08-09T05:26:09.894225+00:00,https://www.law.cornell.edu/uscode/text/26/7273,
7274,ok,0,0,2026-08-09T05:26:27.904406+00:00,https://www.law.cornell.edu/uscode/text/26/7274,
7275,ok,2,1,2026-08-09T05:26:32.558857+00:00,https://www.law.cornell.edu/uscode/text/26/7275,
7301,ok,0,0,2026-08-09T05:26:45.582748+00:00,https://www.law.cornell.edu/uscode/text/26/7301,
7302,ok,0,0,2026-08-09T05:26:52.666552+00:00,https://www.law.cornell.edu/uscode/text/26/7302,
7303,ok,1,1,2026-08-09T05:27:02.229709+00:00,https://www.law.cornell.edu/uscode/text/26/7303,
7304,ok,0,0,2026-08-09T05:27:13.200777+00:00,https://www.law.cornell.edu/uscode/text/26/7304,
7321,ok,0,0,2026-08-09T05:27:23.222407+00:00,https://www.law.cornell.edu/uscode/text/26/7321,
7322,ok,0,0,2026-08-09T05:27:33.557245+00:00,https://www.law.cornell.edu/uscode/text/26/7322,
7323,ok,0,0,2026-08-09T05:27:44.049774+00:00,https://www.law.cornell.edu/uscode/text/26/7323,
7324,ok,1,1,2026-08-09T05:27:54.797132+00:00,https://www.law.cornell.edu/uscode/text/26/7324,
7325,ok,0,0,2026-08-09T05:28:05.061084+00:00,https://www.law.cornell.edu/uscode/text/26/7325,
7326,ok,0,0,2026-08-09T05:28:15.539632+00:00,https://www.law.cornell.edu/uscode/text/26/7326,
7327,ok,0,0,2026-08-09T05:28:26.057834+00:00,https://www.law.cornell.edu/uscode/text/26/7327,
7328,ok,0,0,2026-08-09T05:28:37.246334+00:00,https://www.law.cornell.edu/uscode/text/26/7328,
7341,ok,0,0,2026-08-09T05:28:49.892656+00:00,https://www.law.cornell.edu/uscode/text/26/7341,
7342,ok,0,0,2026-08-09T05:28:57.876349+00:00,https://www.law.cornell.edu/uscode/text/26/7342,
7343,ok,0,0,2026-08-09T05:29:08.043308+00:00,https://www.law.cornell.edu/uscode/text/26/7343,
7344,ok,0,0,2026-08-09T05:29:18.660207+00:00,https://www.law.cornell.edu/uscode/text/26/7344,
7345,ok,4,3,2026-08-09T05:29:29.038699+00:00,https://www.law.cornell.edu/uscode/text/26/7345,
7401,ok,0,0,2026-08-09T05:29:39.560409+00:00,https://www.law.cornell.edu/uscode/text/26/7401,
7402,ok,0,0,2026-08-09T05:29:50.057864+00:00,https://www.law.cornell.edu/uscode/text/26/7402,
7403,ok,1,1,2026-08-09T05:30:00.557108+00:00,https://www.law.cornell.edu/uscode/text/26/7403,
7404,ok,0,0,2026-08-09T05:30:16.722812+00:00,https://www.law.cornell.edu/uscode/text/26/7404,
7405,ok,0,0,2026-08-09T05:30:51.990165+00:00,https://www.law.cornell.edu/uscode/text/26/7405,
7406,ok,0,0,2026-08-09T05:30:57.408822+00:00,https://www.law.cornell.edu/uscode/text/26/7406,
7407,ok,2,2,2026-08-09T05:31:07.839303+00:00,https://www.law.cornell.edu/uscode/text/26/7407,
7408,ok,1,1,2026-08-09T05:31:18.373449+00:00,https://www.law.cornell.edu/uscode/text/26/7408,
7409,ok,1,1,2026-08-09T05:31:28.869910+00:00,https://www.law.cornell.edu/uscode/text/26/7409,
7410,ok,0,0,2026-08-09T05:31:39.361221+00:00,https://www.law.cornell.edu/uscode/text/26/7410,
7421,ok,1,1,2026-08-09T05:31:49.870042+00:00,https://www.law.cornell.edu/uscode/text/26/7421,
7422,ok,28,15,2026-08-09T05:32:00.388964+00:00,https://www.law.cornell.edu/uscode/text/26/7422,
7423,ok,0,0,2026-08-09T05:32:11.411537+00:00,https://www.law.cornell.edu/uscode/text/26/7423,
7424,ok,0,0,2026-08-09T05:32:21.368124+00:00,https://www.law.cornell.edu/uscode/text/26/7424,
7425,ok,0,0,2026-08-09T05:32:31.872031+00:00,https://www.law.cornell.edu/uscode/text/26/7425,
7426,ok,2,2,2026-08-09T05:32:42.402642+00:00,https://www.law.cornell.edu/uscode/text/26/7426,
7427,ok,1,1,2026-08-09T05:32:53.141339+00:00,https://www.law.cornell.edu/uscode/text/26/7427,
7428,ok,7,6,2026-08-09T05:33:03.372005+00:00,https://www.law.cornell.edu/uscode/text/26/7428,
7429,ok,12,6,2026-08-09T05:33:13.903151+00:00,https://www.law.cornell.edu/uscode/text/26/7429,
7430,ok,1,1,2026-08-09T05:33:30.756196+00:00,https://www.law.cornell.edu/uscode/text/26/7430,
7431,ok,5,3,2026-08-09T05:33:45.888383+00:00,https://www.law.cornell.edu/uscode/text/26/7431,
7432,ok,0,0,2026-08-09T05:33:50.106874+00:00,https://www.law.cornell.edu/uscode/text/26/7432,
7433,ok,0,0,2026-08-09T05:34:00.886949+00:00,https://www.law.cornell.edu/uscode/text/26/7433,
7433A,ok,2,1,2026-08-09T05:34:17.261267+00:00,https://www.law.cornell.edu/uscode/text/26/7433A,
7434,ok,0,0,2026-08-09T05:34:18.491506+00:00,https://www.law.cornell.edu/uscode/text/26/7434,
7435,ok,0,0,2026-08-09T05:34:28.578159+00:00,https://www.law.cornell.edu/uscode/text/26/7435,
7436,ok,4,4,2026-08-09T05:34:39.081015+00:00,https://www.law.cornell.edu/uscode/text/26/7436,
7437,ok,0,0,2026-08-09T05:34:49.581633+00:00,https://www.law.cornell.edu/uscode/text/26/7437,
7441,ok,0,0,2026-08-09T05:35:00.094580+00:00,https://www.law.cornell.edu/uscode/text/26/7441,
7442,ok,0,0,2026-08-09T05:35:10.567713+00:00,https://www.law.cornell.edu/uscode/text/26/7442,
7443,ok,0,0,2026-08-09T05:35:21.072297+00:00,https://www.law.cornell.edu/uscode/text/26/7443,
7443A,ok,3,3,2026-08-09T05:35:31.665956+00:00,https://www.law.cornell.edu/uscode/text/26/7443A,
7443B,ok,0,0,2026-08-09T05:35:42.221807+00:00,https://www.law.cornell.edu/uscode/text/26/7443B,
7444,ok,0,0,2026-08-09T05:35:52.752860+00:00,https://www.law.cornell.edu/uscode/text/26/7444,
7445,ok,0,0,2026-08-09T05:36:03.073760+00:00,https://www.law.cornell.edu/uscode/text/26/7445,
7446,ok,0,0,2026-08-09T05:36:13.567263+00:00,https://www.law.cornell.edu/uscode/text/26/7446,
7447,ok,3,2,2026-08-09T05:36:24.067677+00:00,https://www.law.cornell.edu/uscode/text/26/7447,
7447A,ok,2,1,2026-08-09T05:36:34.736533+00:00,https://www.law.cornell.edu/uscode/text/26/7447A,
7448,ok,3,1,2026-08-09T05:36:45.096942+00:00,https://www.law.cornell.edu/uscode/text/26/7448,
7451,ok,0,0,2026-08-09T05:36:55.789773+00:00,https://www.law.cornell.edu/uscode/text/26/7451,
7452,ok,0,0,2026-08-09T05:37:06.087009+00:00,https://www.law.cornell.edu/uscode/text/26/7452,
7453,ok,0,0,2026-08-09T05:37:16.577873+00:00,https://www.law.cornell.edu/uscode/text/26/7453,
7454,ok,1,1,2026-08-09T05:37:27.108098+00:00,https://www.law.cornell.edu/uscode/text/26/7454,
7455,ok,0,0,2026-08-09T05:37:37.593461+00:00,https://www.law.cornell.edu/uscode/text/26/7455,
7456,ok,0,0,2026-08-09T05:37:48.087426+00:00,https://www.law.cornell.edu/uscode/text/26/7456,
7457,ok,0,0,2026-08-09T05:37:58.661364+00:00,https://www.law.cornell.edu/uscode/text/26/7457,
7458,ok,0,0,2026-08-09T05:38:09.071136+00:00,https://www.law.cornell.edu/uscode/text/26/7458,
7459,ok,0,0,2026-08-09T05:38:19.611263+00:00,https://www.law.cornell.edu/uscode/text/26/7459,
7460,ok,0,0,2026-08-09T05:38:30.104708+00:00,https://www.law.cornell.edu/uscode/text/26/7460,
7461,ok,0,0,2026-08-09T05:38:40.584990+00:00,https://www.law.cornell.edu/uscode/text/26/7461,
7462,ok,0,0,2026-08-09T05:38:51.092201+00:00,https://www.law.cornell.edu/uscode/text/26/7462,
7463,ok,5,5,2026-08-09T05:39:01.601270+00:00,https://www.law.cornell.edu/uscode/text/26/7463,
7464,ok,0,0,2026-08-09T05:39:12.126249+00:00,https://www.law.cornell.edu/uscode/text/26/7464,
7465,ok,0,0,2026-08-09T05:39:22.571373+00:00,https://www.law.cornell.edu/uscode/text/26/7465,
7466,ok,0,0,2026-08-09T05:39:33.078559+00:00,https://www.law.cornell.edu/uscode/text/26/7466,
7470,ok,0,0,2026-08-09T05:39:43.603811+00:00,https://www.law.cornell.edu/uscode/text/26/7470,
7470A,ok,0,0,2026-08-09T05:39:54.086770+00:00,https://www.law.cornell.edu/uscode/text/26/7470A,
7471,ok,0,0,2026-08-09T05:40:04.584490+00:00,https://www.law.cornell.edu/uscode/text/26/7471,
7472,ok,0,0,2026-08-09T05:40:15.108601+00:00,https://www.law.cornell.edu/uscode/text/26/7472,
7473,ok,0,0,2026-08-09T05:40:26.121515+00:00,https://www.law.cornell.edu/uscode/text/26/7473,
7474,ok,0,0,2026-08-09T05:40:36.103737+00:00,https://www.law.cornell.edu/uscode/text/26/7474,
7475,ok,0,0,2026-08-09T05:40:51.615481+00:00,https://www.law.cornell.edu/uscode/text/26/7475,
7476,ok,1,1,2026-08-09T05:41:14.110489+00:00,https://www.law.cornell.edu/uscode/text/26/7476,
7477,ok,0,0,2026-08-09T05:41:16.918930+00:00,https://www.law.cornell.edu/uscode/text/26/7477,
7478,ok,0,0,2026-08-09T05:41:25.320527+00:00,https://www.law.cornell.edu/uscode/text/26/7478,
7479,ok,2,1,2026-08-09T05:41:36.998048+00:00,https://www.law.cornell.edu/uscode/text/26/7479,
7481,ok,7,7,2026-08-09T05:41:49.405184+00:00,https://www.law.cornell.edu/uscode/text/26/7481,
7482,ok,4,4,2026-08-09T05:42:08.855040+00:00,https://www.law.cornell.edu/uscode/text/26/7482,
7483,ok,0,0,2026-08-09T05:42:11.212223+00:00,https://www.law.cornell.edu/uscode/text/26/7483,
7484,ok,0,0,2026-08-09T05:42:22.298090+00:00,https://www.law.cornell.edu/uscode/text/26/7484,
7485,ok,0,0,2026-08-09T05:42:30.891084+00:00,https://www.law.cornell.edu/uscode/text/26/7485,
7486,ok,0,0,2026-08-09T05:42:41.351475+00:00,https://www.law.cornell.edu/uscode/text/26/7486,
7487,ok,0,0,2026-08-09T05:42:51.533673+00:00,https://www.law.cornell.edu/uscode/text/26/7487,
7491,ok,0,0,2026-08-09T05:43:02.039536+00:00,https://www.law.cornell.edu/uscode/text/26/7491,
7501,ok,0,0,2026-08-09T05:43:12.558588+00:00,https://www.law.cornell.edu/uscode/text/26/7501,
7502,ok,1,1,2026-08-09T05:43:23.061562+00:00,https://www.law.cornell.edu/uscode/text/26/7502,
7503,ok,0,0,2026-08-09T05:43:33.603290+00:00,https://www.law.cornell.edu/uscode/text/26/7503,
7504,ok,0,0,2026-08-09T05:43:44.061908+00:00,https://www.law.cornell.edu/uscode/text/26/7504,
7505,ok,0,0,2026-08-09T05:43:54.526002+00:00,https://www.law.cornell.edu/uscode/text/26/7505,
7506,ok,0,0,2026-08-09T05:44:05.123883+00:00,https://www.law.cornell.edu/uscode/text/26/7506,
7507,ok,0,0,2026-08-09T05:44:15.559250+00:00,https://www.law.cornell.edu/uscode/text/26/7507,
7508,ok,2,2,2026-08-09T05:44:26.039547+00:00,https://www.law.cornell.edu/uscode/text/26/7508,
7508A,ok,7,4,2026-08-09T05:44:36.614010+00:00,https://www.law.cornell.edu/uscode/text/26/7508A,
7509,ok,0,0,2026-08-09T05:44:47.251473+00:00,https://www.law.cornell.edu/uscode/text/26/7509,
7510,ok,0,0,2026-08-09T05:44:57.569588+00:00,https://www.law.cornell.edu/uscode/text/26/7510,
7511,ok,0,0,2026-08-09T05:45:08.056773+00:00,https://www.law.cornell.edu/uscode/text/26/7511,
7512,ok,1,1,2026-08-09T05:45:18.565532+00:00,https://www.law.cornell.edu/uscode/text/26/7512,
7513,ok,0,0,2026-08-09T05:45:29.055247+00:00,https://www.law.cornell.edu/uscode/text/26/7513,
7514,ok,0,0,2026-08-09T05:45:39.577008+00:00,https://www.law.cornell.edu/uscode/text/26/7514,
7515,ok,0,0,2026-08-09T05:45:50.027261+00:00,https://www.law.cornell.edu/uscode/text/26/7515,
7516,ok,0,0,2026-08-09T05:46:00.533311+00:00,https://www.law.cornell.edu/uscode/text/26/7516,
7517,ok,0,0,2026-08-09T05:46:11.709857+00:00,https://www.law.cornell.edu/uscode/text/26/7517,
7518,ok,4,4,2026-08-09T05:46:21.558276+00:00,https://www.law.cornell.edu/uscode/text/26/7518,
7519,ok,8,4,2026-08-09T05:46:32.127655+00:00,https://www.law.cornell.edu/uscode/text/26/7519,
7520,ok,1,1,2026-08-09T05:46:42.653415+00:00,https://www.law.cornell.edu/uscode/text/26/7520,
7521,ok,1,1,2026-08-09T05:46:53.050669+00:00,https://www.law.cornell.edu/uscode/text/26/7521,
7522,ok,0,0,2026-08-09T05:47:03.554117+00:00,https://www.law.cornell.edu/uscode/text/26/7522,
7523,ok,0,0,2026-08-09T05:47:14.075588+00:00,https://www.law.cornell.edu/uscode/text/26/7523,
7524,ok,0,0,2026-08-09T05:47:24.881949+00:00,https://www.law.cornell.edu/uscode/text/26/7524,
7525,ok,1,1,2026-08-09T05:47:35.039815+00:00,https://www.law.cornell.edu/uscode/text/26/7525,
7526,ok,0,0,2026-08-09T05:47:45.873106+00:00,https://www.law.cornell.edu/uscode/text/26/7526,
7526A,ok,1,1,2026-08-09T05:47:56.081830+00:00,https://www.law.cornell.edu/uscode/text/26/7526A,
7527,ok,6,1,2026-08-09T05:48:06.666553+00:00,https://www.law.cornell.edu/uscode/text/26/7527,
7527A,ok,9,4,2026-08-09T05:48:17.531692+00:00,https://www.law.cornell.edu/uscode/text/26/7527A,
7528,ok,1,1,2026-08-09T05:48:27.616647+00:00,https://www.law.cornell.edu/uscode/text/26/7528,
7529,ok,0,0,2026-08-09T05:48:38.493805+00:00,https://www.law.cornell.edu/uscode/text/26/7529,
7530,ok,0,0,2026-08-09T05:48:53.786240+00:00,https://www.law.cornell.edu/uscode/text/26/7530,
7601,ok,0,0,2026-08-09T05:49:38.854399+00:00,https://www.law.cornell.edu/uscode/text/26/7601,
7602,ok,1,1,2026-08-09T05:49:39.954602+00:00,https://www.law.cornell.edu/uscode/text/26/7602,
7603,ok,4,3,2026-08-09T05:49:50.068537+00:00,https://www.law.cornell.edu/uscode/text/26/7603,
7604,ok,0,0,2026-08-09T05:50:05.939552+00:00,https://www.law.cornell.edu/uscode/text/26/7604,
7605,ok,0,0,2026-08-09T05:50:24.507346+00:00,https://www.law.cornell.edu/uscode/text/26/7605,
7606,ok,0,0,2026-08-09T05:50:29.083688+00:00,https://www.law.cornell.edu/uscode/text/26/7606,
7607,ok,0,0,2026-08-09T05:50:35.817510+00:00,https://www.law.cornell.edu/uscode/text/26/7607,
7608,ok,0,0,2026-08-09T05:50:46.181241+00:00,https://www.law.cornell.edu/uscode/text/26/7608,
7609,ok,3,3,2026-08-09T05:50:56.774565+00:00,https://www.law.cornell.edu/uscode/text/26/7609,
7610,ok,0,0,2026-08-09T05:51:07.309276+00:00,https://www.law.cornell.edu/uscode/text/26/7610,
7611,ok,7,6,2026-08-09T05:51:17.719803+00:00,https://www.law.cornell.edu/uscode/text/26/7611,
7612,ok,3,2,2026-08-09T05:51:28.303430+00:00,https://www.law.cornell.edu/uscode/text/26/7612,
7613,ok,0,0,2026-08-09T05:51:38.821254+00:00,https://www.law.cornell.edu/uscode/text/26/7613,
7621,ok,0,0,2026-08-09T05:51:49.767776+00:00,https://www.law.cornell.edu/uscode/text/26/7621,
7622,ok,0,0,2026-08-09T05:51:59.705989+00:00,https://www.law.cornell.edu/uscode/text/26/7622,
7623,ok,0,0,2026-08-09T05:52:10.273163+00:00,https://www.law.cornell.edu/uscode/text/26/7623,
7624,ok,0,0,2026-08-09T05:52:20.762030+00:00,https://www.law.cornell.edu/uscode/text/26/7624,
7641,ok,0,0,2026-08-09T05:52:31.203826+00:00,https://www.law.cornell.edu/uscode/text/26/7641,
7651,ok,0,0,2026-08-09T05:52:41.699276+00:00,https://www.law.cornell.edu/uscode/text/26/7651,
7652,ok,4,3,2026-08-09T05:52:52.626439+00:00,https://www.law.cornell.edu/uscode/text/26/7652,
7653,ok,0,0,2026-08-09T05:53:02.809814+00:00,https://www.law.cornell.edu/uscode/text/26/7653,
7654,ok,0,0,2026-08-09T05:53:13.226719+00:00,https://www.law.cornell.edu/uscode/text/26/7654,
7655,ok,0,0,2026-08-09T05:53:23.721637+00:00,https://www.law.cornell.edu/uscode/text/26/7655,
7701,ok,19,13,2026-08-09T05:53:34.214323+00:00,https://www.law.cornell.edu/uscode/text/26/7701,
7702,ok,4,3,2026-08-09T05:53:45.069338+00:00,https://www.law.cornell.edu/uscode/text/26/7702,
7702A,ok,3,2,2026-08-09T05:53:55.364836+00:00,https://www.law.cornell.edu/uscode/text/26/7702A,
7702B,ok,5,4,2026-08-09T05:54:05.751749+00:00,https://www.law.cornell.edu/uscode/text/26/7702B,
7703,ok,1,1,2026-08-09T05:54:16.318370+00:00,https://www.law.cornell.edu/uscode/text/26/7703,
7704,ok,10,8,2026-08-09T05:54:26.691833+00:00,https://www.law.cornell.edu/uscode/text/26/7704,
7705,ok,7,5,2026-08-09T05:54:37.294340+00:00,https://www.law.cornell.edu/uscode/text/26/7705,
7801,ok,1,1,2026-08-09T05:54:47.787833+00:00,https://www.law.cornell.edu/uscode/text/26/7801,
7802,ok,0,0,2026-08-09T05:54:58.344857+00:00,https://www.law.cornell.edu/uscode/text/26/7802,
7803,ok,8,7,2026-08-09T05:55:08.798911+00:00,https://www.law.cornell.edu/uscode/text/26/7803,
7804,ok,0,0,2026-08-09T05:55:19.348601+00:00,https://www.law.cornell.edu/uscode/text/26/7804,
7805,ok,0,0,2026-08-09T05:55:29.820052+00:00,https://www.law.cornell.edu/uscode/text/26/7805,
7806,ok,0,0,2026-08-09T05:55:40.283348+00:00,https://www.law.cornell.edu/uscode/text/26/7806,
7807,ok,0,0,2026-08-09T05:55:50.718770+00:00,https://www.law.cornell.edu/uscode/text/26/7807,
7808,ok,0,0,2026-08-09T05:56:01.220723+00:00,https://www.law.cornell.edu/uscode/text/26/7808,
7809,ok,0,0,2026-08-09T05:56:11.722782+00:00,https://www.law.cornell.edu/uscode/text/26/7809,
7810,ok,0,0,2026-08-09T05:56:32.659624+00:00,https://www.law.cornell.edu/uscode/text/26/7810,
7811,ok,1,1,2026-08-09T05:56:45.221862+00:00,https://www.law.cornell.edu/uscode/text/26/7811,
7812,ok,0,0,2026-08-09T05:56:47.167869+00:00,https://www.law.cornell.edu/uscode/text/26/7812,
7851,ok,15,11,2026-08-09T05:56:56.455338+00:00,https://www.law.cornell.edu/uscode/text/26/7851,
7852,ok,0,0,2026-08-09T05:57:08.803381+00:00,https://www.law.cornell.edu/uscode/text/26/7852,
7871,ok,8,5,2026-08-09T05:57:19.565583+00:00,https://www.law.cornell.edu/uscode/text/26/7871,
7872,ok,12,7,2026-08-09T05:57:31.357704+00:00,https://www.law.cornell.edu/uscode/text/26/7872,
7873,ok,0,0,2026-08-09T05:57:44.797611+00:00,https://www.law.cornell.edu/uscode/text/26/7873,
7874,ok,9,6,2026-08-09T05:57:48.928304+00:00,https://www.law.cornell.edu/uscode/text/26/7874,
8001,ok,0,0,2026-08-09T05:57:59.468068+00:00,https://www.law.cornell.edu/uscode/text/26/8001,
8002,ok,0,0,2026-08-09T05:58:09.898396+00:00,https://www.law.cornell.edu/uscode/text/26/8002,
8003,ok,0,0,2026-08-09T05:58:20.420079+00:00,https://www.law.cornell.edu/uscode/text/26/8003,
8004,ok,0,0,2026-08-09T05:58:30.900936+00:00,https://www.law.cornell.edu/uscode/text/26/8004,
8005,ok,0,0,2026-08-09T05:58:41.576316+00:00,https://www.law.cornell.edu/uscode/text/26/8005,
8021,ok,0,0,2026-08-09T05:58:51.954838+00:00,https://www.law.cornell.edu/uscode/text/26/8021,
8022,ok,0,0,2026-08-09T05:59:02.482062+00:00,https://www.law.cornell.edu/uscode/text/26/8022,
8023,ok,0,0,2026-08-09T05:59:12.976175+00:00,https://www.law.cornell.edu/uscode/text/26/8023,
9001,ok,0,0,2026-08-09T05:59:23.553069+00:00,https://www.law.cornell.edu/uscode/text/26/9001,
9002,ok,0,0,2026-08-09T05:59:33.913482+00:00,https://www.law.cornell.edu/uscode/text/26/9002,
9003,ok,2,2,2026-08-09T05:59:44.455968+00:00,https://www.law.cornell.edu/uscode/text/26/9003,
9004,ok,0,0,2026-08-09T05:59:54.995424+00:00,https://www.law.cornell.edu/uscode/text/26/9004,
9005,ok,1,1,2026-08-09T06:00:05.501306+00:00,https://www.law.cornell.edu/uscode/text/26/9005,
9006,ok,0,0,2026-08-09T06:00:15.990355+00:00,https://www.law.cornell.edu/uscode/text/26/9006,
9007,ok,1,1,2026-08-09T06:00:26.483271+00:00,https://www.law.cornell.edu/uscode/text/26/9007,
9008,ok,1,1,2026-08-09T06:00:36.978404+00:00,https://www.law.cornell.edu/uscode/text/26/9008,
9009,ok,2,2,2026-08-09T06:00:47.491850+00:00,https://www.law.cornell.edu/uscode/text/26/9009,
9010,ok,0,0,2026-08-09T06:00:58.041518+00:00,https://www.law.cornell.edu/uscode/text/26/9010,
9011,ok,0,0,2026-08-09T06:01:08.539166+00:00,https://www.law.cornell.edu/uscode/text/26/9011,
9012,ok,2,2,2026-08-09T06:01:19.472774+00:00,https://www.law.cornell.edu/uscode/text/26/9012,
9013,ok,0,0,2026-08-09T06:01:29.495388+00:00,https://www.law.cornell.edu/uscode/text/26/9013,
9031,ok,0,0,2026-08-09T06:01:39.908987+00:00,https://www.law.cornell.edu/uscode/text/26/9031,
9032,ok,0,0,2026-08-09T06:01:50.426893+00:00,https://www.law.cornell.edu/uscode/text/26/9032,
9033,ok,2,1,2026-08-09T06:02:00.991459+00:00,https://www.law.cornell.edu/uscode/text/26/9033,
9034,ok,0,0,2026-08-09T06:02:11.511338+00:00,https://www.law.cornell.edu/uscode/text/26/9034,
9035,ok,0,0,2026-08-09T06:02:21.929179+00:00,https://www.law.cornell.edu/uscode/text/26/9035,
9036,ok,1,1,2026-08-09T06:02:32.429855+00:00,https://www.law.cornell.edu/uscode/text/26/9036,
9037,ok,0,0,2026-08-09T06:02:42.921924+00:00,https://www.law.cornell.edu/uscode/text/26/9037,
9038,ok,0,0,2026-08-09T06:02:53.453343+00:00,https://www.law.cornell.edu/uscode/text/26/9038,
9039,ok,2,2,2026-08-09T06:03:03.926593+00:00,https://www.law.cornell.edu/uscode/text/26/9039,
9040,ok,0,0,2026-08-09T06:03:14.469709+00:00,https://www.law.cornell.edu/uscode/text/26/9040,
9041,ok,0,0,2026-08-09T06:03:24.930245+00:00,https://www.law.cornell.edu/uscode/text/26/9041,
9042,ok,0,0,2026-08-09T06:03:35.406342+00:00,https://www.law.cornell.edu/uscode/text/26/9042,
9500,ok,0,0,2026-08-09T06:03:45.947860+00:00,https://www.law.cornell.edu/uscode/text/26/9500,
9501,ok,5,5,2026-08-09T06:03:56.410557+00:00,https://www.law.cornell.edu/uscode/text/26/9501,
9502,ok,4,2,2026-08-09T06:04:07.038086+00:00,https://www.law.cornell.edu/uscode/text/26/9502,
9503,ok,23,13,2026-08-09T06:04:20.376880+00:00,https://www.law.cornell.edu/uscode/text/26/9503,
9504,ok,2,2,2026-08-09T06:04:42.608752+00:00,https://www.law.cornell.edu/uscode/text/26/9504,
9505,ok,0,0,2026-08-09T06:04:51.737425+00:00,https://www.law.cornell.edu/uscode/text/26/9505,
9506,ok,0,0,2026-08-09T06:04:59.165696+00:00,https://www.law.cornell.edu/uscode/text/26/9506,
9507,ok,0,0,2026-08-09T06:05:17.943241+00:00,https://www.law.cornell.edu/uscode/text/26/9507,
9508,ok,5,3,2026-08-09T06:05:24.799185+00:00,https://www.law.cornell.edu/uscode/text/26/9508,
9509,ok,0,0,2026-08-09T06:05:29.223632+00:00,https://www.law.cornell.edu/uscode/text/26/9509,
9510,ok,1,1,2026-08-09T06:05:39.676168+00:00,https://www.law.cornell.edu/uscode/text/26/9510,
9511,ok,0,0,2026-08-09T06:05:50.156628+00:00,https://www.law.cornell.edu/uscode/text/26/9511,
9601,ok,0,0,2026-08-09T06:06:00.651141+00:00,https://www.law.cornell.edu/uscode/text/26/9601,
9602,ok,0,0,2026-08-09T06:06:11.206325+00:00,https://www.law.cornell.edu/uscode/text/26/9602,
9701,ok,6,3,2026-08-09T06:06:21.888667+00:00,https://www.law.cornell.edu/uscode/text/26/9701,
9702,ok,0,0,2026-08-09T06:06:32.227052+00:00,https://www.law.cornell.edu/uscode/text/26/9702,
9703,ok,4,1,2026-08-09T06:06:43.713145+00:00,https://www.law.cornell.edu/uscode/text/26/9703,
9704,ok,9,5,2026-08-09T06:06:57.165319+00:00,https://www.law.cornell.edu/uscode/text/26/9704,
9705,ok,0,0,2026-08-09T06:07:06.664083+00:00,https://www.law.cornell.edu/uscode/text/26/9705,
9706,ok,3,2,2026-08-09T06:07:18.759947+00:00,https://www.law.cornell.edu/uscode/text/26/9706,
9707,ok,2,1,2026-08-09T06:07:27.116063+00:00,https://www.law.cornell.edu/uscode/text/26/9707,
9708,ok,0,0,2026-08-09T06:07:35.152413+00:00,https://www.law.cornell.edu/uscode/text/26/9708,
9711,ok,3,2,2026-08-09T06:07:45.828914+00:00,https://www.law.cornell.edu/uscode/text/26/9711,
9712,ok,2,1,2026-08-09T06:07:56.186047+00:00,https://www.law.cornell.edu/uscode/text/26/9712,
9721,ok,0,0,2026-08-09T06:08:06.718972+00:00,https://www.law.cornell.edu/uscode/text/26/9721,
9722,ok,0,0,2026-08-09T06:08:17.136271+00:00,https://www.law.cornell.edu/uscode/text/26/9722,
9801,ok,2,2,2026-08-09T06:08:27.689045+00:00,https://www.law.cornell.edu/uscode/text/26/9801,
9802,ok,3,3,2026-08-09T06:08:38.298628+00:00,https://www.law.cornell.edu/uscode/text/26/9802,
9803,ok,2,2,2026-08-09T06:08:48.707457+00:00,https://www.law.cornell.edu/uscode/text/26/9803,
9804,ok,0,0,2026-08-09T06:08:59.143689+00:00,https://www.law.cornell.edu/uscode/text/26/9804,
9805,ok,0,0,2026-08-09T06:09:09.689704+00:00,https://www.law.cornell.edu/uscode/text/26/9805,
9806,ok,0,0,2026-08-09T06:09:20.132357+00:00,https://www.law.cornell.edu/uscode/text/26/9806,
9811,ok,0,0,2026-08-09T06:09:30.672008+00:00,https://www.law.cornell.edu/uscode/text/26/9811,
9812,ok,1,1,2026-08-09T06:09:41.143758+00:00,https://www.law.cornell.edu/uscode/text/26/9812,
9813,ok,0,0,2026-08-09T06:10:02.201371+00:00,https://www.law.cornell.edu/uscode/text/26/9813,
9815,ok,0,0,2026-08-09T06:10:06.475790+00:00,https://www.law.cornell.edu/uscode/text/26/9815,
9816,ok,1,1,2026-08-09T06:10:16.952939+00:00,https://www.law.cornell.edu/uscode/text/26/9816,
9817,ok,6,1,2026-08-09T06:10:24.099576+00:00,https://www.law.cornell.edu/uscode/text/26/9817,
9818,ok,0,0,2026-08-09T06:10:34.495376+00:00,https://www.law.cornell.edu/uscode/text/26/9818,
9819,ok,0,0,2026-08-09T06:10:44.898427+00:00,https://www.law.cornell.edu/uscode/text/26/9819,
9820,ok,1,1,2026-08-09T06:10:55.385459+00:00,https://www.law.cornell.edu/uscode/text/26/9820,
9822,ok,0,0,2026-08-09T06:11:06.307812+00:00,https://www.law.cornell.edu/uscode/text/26/9822,
9823,ok,0,0,2026-08-09T06:11:16.386253+00:00,https://www.law.cornell.edu/uscode/text/26/9823,
9824,ok,0,0,2026-08-09T06:11:26.900488+00:00,https://www.law.cornell.edu/uscode/text/26/9824,
9825,ok,0,0,2026-08-09T06:11:37.424402+00:00,https://www.law.cornell.edu/uscode/text/26/9825,
9826,ok,1,1,2026-08-09T06:11:49.013326+00:00,https://www.law.cornell.edu/uscode/text/26/9826,
9831,ok,4,3,2026-08-09T06:12:07.037723+00:00,https://www.law.cornell.edu/uscode/text/26/9831,
9832,ok,1,1,2026-08-09T06:12:21.504930+00:00,https://www.law.cornell.edu/uscode/text/26/9832,
9833,ok,0,0,2026-08-09T06:12:22.953915+00:00,https://www.law.cornell.edu/uscode/text/26/9833,
9834,ok,0,0,2026-08-09T06:12:38.222449+00:00,https://www.law.cornell.edu/uscode/text/26/9834,
