source_section,target_section,status
1,2,uslm_only
1,15,both
1,57,uslm_only
1,63,both
1,68,both
1,151,both
1,152,both
1,163,uslm_only
1,246,both
1,404,uslm_only
1,408,both
1,501,both
1,521,uslm_only
1,591,uslm_only
1,642,both
1,652,uslm_only
1,662,uslm_only
1,751,uslm_only
1,854,uslm_only
1,857,uslm_only
1,904,both
1,911,both
1,1059,both
1,1202,both
1,1212,both
1,1231,both
1,1250,both
1,1295,both
1,1297,both
1,3402,both
1,3406,uslm_only
1,6012,uslm_only
1,6013,uslm_only
1,7703,both
1,7874,uslm_only
2,1,both
2,55,both
2,63,uslm_only
2,112,both
2,151,uslm_only
2,152,both
2,871,uslm_only
2,877,uslm_only
2,6013,both
2,7703,uslm_only
3,1,uslm_only
3,63,uslm_only
3,443,both
3,6014,uslm_only
5,55,uslm_only
5,692,uslm_only
5,871,uslm_only
5,891,uslm_only
5,1341,uslm_only
5,1441,uslm_only
11,55,both
11,594,uslm_only
11,882,uslm_only
12,55,uslm_only
12,511,uslm_only
12,891,uslm_only
12,1442,uslm_only
15,1,uslm_only
15,11,uslm_only
21,32,uslm_only
21,129,both
21,151,uslm_only
21,152,both
21,170,uslm_only
21,501,uslm_only
22,72,both
22,86,uslm_only
22,104,uslm_only
22,105,both
22,7703,uslm_only
23,1,uslm_only
23,21,both
23,25D,uslm_only
23,26,uslm_only
23,137,uslm_only
23,217,both
23,911,uslm_only
23,931,uslm_only
23,933,uslm_only
24,1,uslm_only
24,2,uslm_only
24,26,both
24,32,both
24,112,uslm_only
24,151,both
24,152,both
24,911,both
24,931,uslm_only
24,933,uslm_only
24,937,both
24,1401,uslm_only
24,3101,both
24,3121,uslm_only
24,3201,both
24,3211,both
24,6213,uslm_only
24,6413,uslm_only
24,7527A,both
24,7703,uslm_only
25,23,uslm_only
25,25D,uslm_only
25,26,uslm_only
25,121,uslm_only
25,143,both
25,144,both
25,146,both
25A,1,uslm_only
25A,24,uslm_only
25A,26,both
25A,102,uslm_only
25A,117,uslm_only
25A,151,both
25A,911,uslm_only
25A,931,uslm_only
25A,933,uslm_only
25A,6013,uslm_only
25A,6050S,uslm_only
25A,7703,both
25B,1,uslm_only
25B,72,uslm_only
25B,151,both
25B,152,both
25B,219,both
25B,401,uslm_only
25B,402,uslm_only
25B,404,uslm_only
25B,408,uslm_only
25B,408A,both
25B,457,uslm_only
25B,529A,uslm_only
25B,911,uslm_only
25B,931,uslm_only
25B,933,uslm_only
25B,4974,both
25C,25D,both
25C,40,both
25C,40A,both
25C,45Z,both
25C,48,both
25C,121,both
25D,26,uslm_only
25D,48,both
25D,121,both
25D,216,both
25D,528,uslm_only
25E,2,uslm_only
25E,30B,uslm_only
25E,30D,both
25E,151,uslm_only
25E,911,uslm_only
25E,931,uslm_only
25E,933,uslm_only
25F,23,uslm_only
25F,25D,uslm_only
25F,26,uslm_only
25F,42,both
25F,170,uslm_only
25F,501,uslm_only
25F,530,uslm_only
25F,4946,uslm_only
25F,7701,both
26,24,uslm_only
26,27,uslm_only
26,36,uslm_only
26,55,both
26,59A,uslm_only
26,72,uslm_only
26,106,uslm_only
26,138,uslm_only
26,143,uslm_only
26,170,uslm_only
26,220,uslm_only
26,223,uslm_only
26,408,uslm_only
26,409A,uslm_only
26,453,uslm_only
26,457A,uslm_only
26,529A,uslm_only
26,530,uslm_only
26,531,uslm_only
26,541,uslm_only
26,860E,uslm_only
26,871,uslm_only
26,881,uslm_only
26,884,uslm_only
26,1351,uslm_only
26,1374,uslm_only
26,1375,uslm_only
26,7518,uslm_only
27,901,both
30B,30D,both
30B,38,both
30B,50,uslm_only
30B,52,both
30B,88,uslm_only
30B,179,uslm_only
30B,414,uslm_only
30B,1563,uslm_only
30C,26,uslm_only
30C,27,uslm_only
30C,38,both
30C,40A,both
30C,45,both
30C,45D,uslm_only
30C,45Z,both
30C,50,uslm_only
30C,121,uslm_only
30C,179,uslm_only
30C,179A,both
30C,4083,uslm_only
30D,2,uslm_only
30D,30B,both
30D,38,both
30D,45X,both
30D,50,uslm_only
30D,911,uslm_only
30D,931,uslm_only
30D,933,uslm_only
30D,6417,both
31,3402,uslm_only
31,3406,uslm_only
31,6413,both
32,1,uslm_only
32,25A,both
32,112,both
32,121,uslm_only
32,151,both
32,152,both
32,164,uslm_only
32,469,uslm_only
32,871,uslm_only
32,911,uslm_only
32,1222,uslm_only
32,1402,both
32,6013,uslm_only
32,7703,uslm_only
34,6420,both
34,6421,both
34,6427,both
35,21,both
35,36B,both
35,85,both
35,125,both
35,151,both
35,152,both
35,162,both
35,213,both
35,220,both
35,223,uslm_only
35,501,both
35,4980B,uslm_only
35,6050T,uslm_only
35,7527,both
35,9801,both
35,9832,both
36,121,both
36,151,both
36,267,both
36,707,both
36,911,uslm_only
36,931,uslm_only
36,933,uslm_only
36,1014,uslm_only
36,1033,uslm_only
36,1041,both
36,6012,uslm_only
36,6045,both
36,7703,uslm_only
36B,1,uslm_only
36B,85,uslm_only
36B,86,both
36B,151,both
36B,152,uslm_only
36B,911,uslm_only
36B,1311,both
36B,5000A,both
36B,7703,uslm_only
36B,9831,both
37,6401,uslm_only
38,30B,both
38,30C,both
38,30D,both
38,39,both
38,40,uslm_only
38,40A,uslm_only
38,40B,uslm_only
38,41,both
38,42,both
38,43,uslm_only
38,44,both
38,45,both
38,45A,uslm_only
38,45AA,both
38,45B,uslm_only
38,45C,uslm_only
38,45D,uslm_only
38,45E,both
38,45F,uslm_only
38,45G,uslm_only
38,45H,uslm_only
38,45I,uslm_only
38,45J,uslm_only
38,45K,uslm_only
38,45L,uslm_only
38,45N,uslm_only
38,45O,both
38,45P,uslm_only
38,45Q,uslm_only
38,45R,uslm_only
38,45S,both
38,45T,both
38,45U,uslm_only
38,45V,uslm_only
38,45W,uslm_only
38,45X,uslm_only
38,45Y,uslm_only
38,45Z,uslm_only
38,46,both
38,47,uslm_only
38,48,uslm_only
38,51,uslm_only
38,55,uslm_only
38,448,both
38,1396,uslm_only
38,1563,uslm_only
38,5011,uslm_only
39,38,both
39,6417,both
40,38,uslm_only
40,39,both
40,52,both
40,55,uslm_only
40,267,uslm_only
40,1381,uslm_only
40,1382,uslm_only
40,4041,uslm_only
40,4081,both
40,4101,uslm_only
40,6426,uslm_only
40,6427,uslm_only
40A,38,uslm_only
40A,40,both
40A,40B,uslm_only
40A,45K,uslm_only
40A,45Z,both
40A,52,both
40A,55,uslm_only
40A,267,uslm_only
40A,1381,uslm_only
40A,1382,uslm_only
40A,4081,uslm_only
40A,4083,both
40A,6426,both
40A,6427,uslm_only
40B,38,uslm_only
40B,45K,uslm_only
40B,4101,uslm_only
40B,6426,both
40B,6427,uslm_only
41,1,uslm_only
41,38,both
41,39,both
41,51,uslm_only
41,52,both
41,170,uslm_only
41,174A,uslm_only
41,220,both
41,280C,uslm_only
41,318,both
41,401,both
41,414,both
41,448,uslm_only
41,501,both
41,542,both
41,1563,uslm_only
41,3111,both
41,3304,both
41,3401,uslm_only
41,4940,uslm_only
41,6031,uslm_only
41,6037,uslm_only
42,1,uslm_only
42,38,uslm_only
42,39,both
42,49,both
42,52,uslm_only
42,103,both
42,142,uslm_only
42,143,uslm_only
42,146,both
42,147,both
42,152,uslm_only
42,179,both
42,267,both
42,469,uslm_only
42,501,uslm_only
42,707,uslm_only
42,1014,uslm_only
42,1016,both
42,1274,both
42,6621,both
42,6652,both
43,38,uslm_only
43,45K,uslm_only
43,49,both
43,168,both
43,193,both
43,263,both
43,613A,uslm_only
43,638,both
44,38,uslm_only
44,52,uslm_only
45,2,uslm_only
45,3,uslm_only
45,25D,both
45,29,uslm_only
45,38,uslm_only
45,45J,both
45,45K,both
45,45V,both
45,48,both
45,52,both
45,103,uslm_only
45,613,both
45,638,both
45,661,uslm_only
45,1381,both
45,1382,uslm_only
45,3131,uslm_only
45,6417,both
45,6621,both
45,7871,uslm_only
45A,38,both
45A,39,both
45A,51,both
45A,52,both
45A,55,uslm_only
45A,168,uslm_only
45A,381,both
45A,415,uslm_only
45A,416,both
45AA,38,uslm_only
45AA,402,both
45AA,408,uslm_only
45AA,414,both
45AA,7703,uslm_only
45B,38,uslm_only
45B,3111,both
45B,3121,both
45B,6053,uslm_only
45C,38,uslm_only
45C,41,both
45C,526,both
45D,38,both
45D,39,both
45D,42,uslm_only
45D,55,uslm_only
45D,103,uslm_only
45D,267,both
45D,351,both
45D,408,both
45D,707,both
45D,1044,both
45D,1202,both
45D,1391,uslm_only
45D,1397C,both
45D,6621,both
45E,1,uslm_only
45E,38,uslm_only
45E,52,uslm_only
45E,402,both
45E,408,both
45E,414,uslm_only
45E,3121,uslm_only
45E,4972,uslm_only
45F,1,uslm_only
45F,38,uslm_only
45F,39,both
45F,52,both
45F,55,uslm_only
45F,121,uslm_only
45F,414,both
45F,448,uslm_only
45G,38,uslm_only
45G,41,both
45H,38,uslm_only
45H,55,uslm_only
45H,179B,uslm_only
45H,613A,both
45H,1381,uslm_only
45H,1382,uslm_only
45I,38,uslm_only
45I,43,both
45I,45K,both
45I,613A,uslm_only
45J,38,uslm_only
45J,45,both
45J,141,uslm_only
45J,501,both
45J,1381,uslm_only
45K,38,both
45K,43,uslm_only
45K,45,both
45K,48,both
45K,49,both
45K,50,both
45K,52,both
45K,103,uslm_only
45K,638,both
45L,38,uslm_only
45L,42,uslm_only
45L,45,both
45L,47,both
45L,48,both
45N,38,uslm_only
45N,3306,both
45O,38,uslm_only
45O,41,both
45O,101,uslm_only
45P,38,uslm_only
45P,52,both
45P,414,both
45P,3401,both
45Q,38,uslm_only
45Q,43,both
45Q,45,both
45Q,165,both
45Q,193,uslm_only
45Q,638,both
45Q,7701,both
45R,1,uslm_only
45R,24,both
45R,38,uslm_only
45R,52,both
45R,152,both
45R,401,uslm_only
45R,414,both
45R,416,uslm_only
45R,501,both
45R,1372,uslm_only
45R,3101,uslm_only
45R,3111,uslm_only
45R,3121,both
45R,3401,uslm_only
45R,9832,uslm_only
45S,38,uslm_only
45S,51,both
45S,414,both
45S,3306,both
45S,4980E,both
45T,38,uslm_only
45T,408,uslm_only
45T,414,both
45T,4972,uslm_only
45U,38,uslm_only
45U,45,both
45U,45J,uslm_only
45U,7701,both
45V,38,uslm_only
45V,45,both
45V,45Q,both
45V,638,uslm_only
45W,30B,uslm_only
45W,30D,both
45W,38,uslm_only
45W,168,uslm_only
45W,4053,both
45X,38,uslm_only
45X,48C,uslm_only
45X,52,both
45X,638,both
45X,7701,both
45Y,25D,both
45Y,38,uslm_only
45Y,45,both
45Y,45J,both
45Y,45Q,both
45Y,45U,both
45Y,48,both
45Y,48A,both
45Y,48E,both
45Y,52,both
45Y,638,both
45Y,661,uslm_only
45Y,1381,both
45Y,1382,uslm_only
45Y,6417,both
45Y,7701,both
45Z,38,both
45Z,45,both
45Z,45K,uslm_only
45Z,45Q,uslm_only
45Z,45V,uslm_only
45Z,45Y,both
45Z,46,both
45Z,48,uslm_only
45Z,52,both
45Z,4101,both
45Z,7701,both
46,38,uslm_only
47,46,uslm_only
47,50,both
47,168,both
48,1,uslm_only
48,36B,uslm_only
48,38,uslm_only
48,39,both
48,45,both
48,45D,uslm_only
48,45K,uslm_only
48,45Q,uslm_only
48,45V,both
48,46,uslm_only
48,48E,uslm_only
48,50,both
48,142,both
48,613,both
48,6417,both
48A,46,uslm_only
48A,48,both
48A,48B,uslm_only
48A,529,both
48B,46,uslm_only
48B,48,both
48B,48A,uslm_only
48B,529,both
48C,45,both
48C,45Q,uslm_only
48C,45V,uslm_only
48C,46,uslm_only
48C,48,uslm_only
48C,48A,uslm_only
48C,48B,uslm_only
48C,48E,uslm_only
48C,613,both
48D,24,uslm_only
48D,38,both
48D,46,uslm_only
48D,47,both
48D,50,both
48D,705,uslm_only
48D,1366,uslm_only
48E,25D,both
48E,36B,uslm_only
48E,38,both
48E,45,both
48E,45D,uslm_only
48E,45J,uslm_only
48E,45Q,uslm_only
48E,45U,uslm_only
48E,45Y,both
48E,46,uslm_only
48E,47,both
48E,48,both
48E,48A,uslm_only
48E,50,both
48E,142,both
48E,6417,both
48E,7701,both
49,38,both
49,46,uslm_only
49,47,uslm_only
49,48A,uslm_only
49,48B,uslm_only
49,48C,uslm_only
49,48D,both
49,48E,uslm_only
49,50,uslm_only
49,465,uslm_only
50,38,both
50,39,both
50,42,uslm_only
50,46,both
50,47,both
50,48,both
50,48A,uslm_only
50,48B,uslm_only
50,48C,uslm_only
50,48D,both
50,48E,both
50,168,both
50,381,both
50,511,uslm_only
50,514,uslm_only
50,521,uslm_only
50,1041,both
50,1245,uslm_only
50,1250,uslm_only
50,6418,uslm_only
50,7701,uslm_only
51,38,uslm_only
51,52,uslm_only
51,152,uslm_only
51,267,uslm_only
51,482,both
51,3111,both
51,3121,uslm_only
51,3306,both
52,38,both
52,46,uslm_only
52,51,uslm_only
52,521,uslm_only
52,851,uslm_only
52,1381,uslm_only
52,1563,uslm_only
52,3111,uslm_only
53,55,uslm_only
53,56,uslm_only
53,57,uslm_only
53,59A,both
55,1,uslm_only
55,2,uslm_only
55,26,both
55,27,uslm_only
55,30C,uslm_only
55,38,uslm_only
55,42,uslm_only
55,45,both
55,49,both
55,50,both
55,56,uslm_only
55,56A,both
55,57,uslm_only
55,58,uslm_only
55,59,both
55,59A,uslm_only
55,1250,both
55,1301,uslm_only
55,7703,uslm_only
56,1,uslm_only
56,57,both
56,58,both
56,63,uslm_only
56,67,both
56,68,both
56,87,both
56,121,uslm_only
56,151,uslm_only
56,163,both
56,164,both
56,165,both
56,167,both
56,168,both
56,169,both
56,172,both
56,173,both
56,174,both
56,174A,both
56,199,both
56,267,both
56,291,uslm_only
56,421,uslm_only
56,422,uslm_only
56,460,uslm_only
56,469,both
56,616,both
56,617,both
56,642,both
56,1250,uslm_only
56,7701,both
56A,48D,both
56A,59,uslm_only
56A,167,uslm_only
56A,168,uslm_only
56A,197,uslm_only
56A,263,uslm_only
56A,291,uslm_only
56A,401,uslm_only
56A,404A,both
56A,414,both
56A,451,both
56A,501,uslm_only
56A,511,uslm_only
56A,513,uslm_only
56A,514,both
56A,882,both
56A,901,uslm_only
56A,951,both
56A,951A,both
56A,1381,uslm_only
56A,1382,uslm_only
56A,6417,uslm_only
57,56,both
57,103,uslm_only
57,141,both
57,142,both
57,143,both
57,145,both
57,263,both
57,291,both
57,611,uslm_only
57,613,both
57,613A,uslm_only
57,614,uslm_only
57,852,uslm_only
57,1202,uslm_only
58,56,both
58,57,both
58,461,uslm_only
58,469,both
59,1,uslm_only
59,27,both
59,52,both
59,55,both
59,56,uslm_only
59,56A,both
59,57,uslm_only
59,58,uslm_only
59,173,both
59,174A,uslm_only
59,263,uslm_only
59,291,both
59,465,uslm_only
59,584,both
59,616,uslm_only
59,617,both
59,704,uslm_only
59,901,uslm_only
59,904,both
59,911,both
59,1254,both
59,1366,uslm_only
59A,26,uslm_only
59A,38,both
59A,41,uslm_only
59A,42,uslm_only
59A,45,uslm_only
59A,46,uslm_only
59A,48,uslm_only
59A,52,both
59A,163,both
59A,172,both
59A,245A,both
59A,250,both
59A,267,uslm_only
59A,318,both
59A,448,both
59A,482,both
59A,581,both
59A,707,uslm_only
59A,803,both
59A,832,both
59A,871,both
59A,881,uslm_only
59A,1441,both
59A,1442,uslm_only
59A,1504,both
59A,1563,uslm_only
59A,6038A,both
59A,7874,both
62,1,uslm_only
62,135,both
62,161,uslm_only
62,162,both
62,165,both
62,167,uslm_only
62,194,uslm_only
62,199A,uslm_only
62,212,uslm_only
62,217,uslm_only
62,219,uslm_only
62,220,uslm_only
62,221,uslm_only
62,223,uslm_only
62,274,uslm_only
62,401,uslm_only
62,404,uslm_only
62,501,uslm_only
62,529,both
62,530,both
62,611,uslm_only
62,6013,uslm_only
62,7623,uslm_only
62,7703,uslm_only
63,1,uslm_only
63,2,uslm_only
63,151,both
63,163,both
63,170,uslm_only
63,199A,uslm_only
63,224,uslm_only
63,225,uslm_only
63,443,both
63,7122,uslm_only
63,7703,uslm_only
64,1231,both
66,879,uslm_only
66,911,uslm_only
66,6013,both
67,62,both
67,72,uslm_only
67,162,both
67,163,uslm_only
67,164,uslm_only
67,165,both
67,170,uslm_only
67,171,uslm_only
67,190,both
67,213,uslm_only
67,216,uslm_only
67,642,uslm_only
67,651,uslm_only
67,661,uslm_only
67,691,uslm_only
67,1341,uslm_only
68,1,uslm_only
72,1,uslm_only
72,25A,uslm_only
72,86,uslm_only
72,101,uslm_only
72,121,uslm_only
72,122,uslm_only
72,130,uslm_only
72,152,uslm_only
72,172,uslm_only
72,213,both
72,219,both
72,401,both
72,402,both
72,402A,both
72,403,uslm_only
72,404,both
72,408,both
72,408A,both
72,414,both
72,416,both
72,417,uslm_only
72,457,both
72,501,uslm_only
72,529,both
72,530,uslm_only
72,818,uslm_only
72,911,both
72,1021,uslm_only
72,1034,both
72,1035,uslm_only
72,1041,uslm_only
72,3201,both
72,3211,both
72,3221,both
72,3405,uslm_only
72,4974,uslm_only
72,6331,both
72,7702,uslm_only
72,7702A,both
73,6201,uslm_only
74,85,uslm_only
74,86,uslm_only
74,117,uslm_only
74,132,uslm_only
74,135,uslm_only
74,137,uslm_only
74,170,both
74,219,uslm_only
74,221,uslm_only
74,274,uslm_only
74,469,uslm_only
75,171,uslm_only
75,1016,both
78,245,uslm_only
78,245A,uslm_only
78,960,both
79,72,both
79,125,both
79,170,both
79,414,both
79,416,both
79,420,uslm_only
79,501,uslm_only
79,861,uslm_only
79,911,both
79,6052,uslm_only
80,11,both
80,165,uslm_only
80,801,uslm_only
80,1351,both
82,132,uslm_only
83,72,both
83,79,both
83,162,uslm_only
83,318,both
83,354,both
83,355,both
83,356,both
83,401,both
83,404,uslm_only
83,414,both
83,416,both
83,421,both
83,423,uslm_only
83,1031,uslm_only
83,1036,both
83,3401,both
83,3402,uslm_only
83,4980E,both
84,527,uslm_only
85,86,uslm_only
85,135,uslm_only
85,137,uslm_only
85,219,uslm_only
85,221,uslm_only
85,222,uslm_only
85,469,uslm_only
86,22,uslm_only
86,32,both
86,85,uslm_only
86,135,uslm_only
86,137,uslm_only
86,165,uslm_only
86,219,both
86,221,uslm_only
86,911,both
86,931,uslm_only
86,933,uslm_only
86,7703,both
87,40,uslm_only
87,40A,uslm_only
87,40B,uslm_only
91,245A,both
91,367,uslm_only
91,904,uslm_only
101,52,both
101,72,both
101,105,uslm_only
101,264,uslm_only
101,267,both
101,401,both
101,414,both
101,501,uslm_only
101,692,both
101,707,uslm_only
101,817,uslm_only
101,4980C,both
101,7702,uslm_only
101,7702A,uslm_only
101,7702B,both
102,74,uslm_only
102,132,uslm_only
103,141,both
103,148,both
103,149,uslm_only
104,106,uslm_only
104,213,uslm_only
104,401,uslm_only
104,403,uslm_only
104,404,uslm_only
104,501,uslm_only
104,692,both
105,104,both
105,115,both
105,152,uslm_only
105,213,uslm_only
105,318,uslm_only
105,401,uslm_only
105,414,both
105,501,uslm_only
105,861,uslm_only
105,911,both
106,72,both
106,105,both
106,213,uslm_only
106,220,both
106,223,both
106,4980B,uslm_only
106,4980E,uslm_only
106,4980G,both
106,5000A,uslm_only
106,6012,both
106,7702B,both
106,9831,uslm_only
108,24,uslm_only
108,27,uslm_only
108,38,uslm_only
108,49,uslm_only
108,53,uslm_only
108,118,both
108,121,uslm_only
108,163,uslm_only
108,166,uslm_only
108,170,both
108,267,uslm_only
108,354,both
108,355,both
108,356,both
108,368,uslm_only
108,414,both
108,469,uslm_only
108,501,uslm_only
108,704,uslm_only
108,707,uslm_only
108,731,uslm_only
108,752,uslm_only
108,856,uslm_only
108,1017,uslm_only
108,1212,uslm_only
108,1245,both
108,1273,uslm_only
108,1274,uslm_only
108,1275,both
108,1366,both
108,1367,uslm_only
108,1398,uslm_only
110,168,both
111,46,uslm_only
111,531,uslm_only
111,541,uslm_only
112,351,uslm_only
112,5561,uslm_only
117,132,uslm_only
117,170,both
117,414,both
118,108,uslm_only
118,362,uslm_only
118,1231,both
118,7701,uslm_only
119,170,both
121,5,uslm_only
121,216,both
121,267,both
121,707,uslm_only
121,877,both
121,1031,uslm_only
121,1033,uslm_only
121,1034,both
121,1041,uslm_only
121,1223,both
121,1250,both
122,72,uslm_only
125,1,uslm_only
125,52,uslm_only
125,79,uslm_only
125,105,uslm_only
125,106,both
125,117,both
125,127,both
125,129,uslm_only
125,132,both
125,152,uslm_only
125,170,both
125,401,uslm_only
125,410,uslm_only
125,414,both
125,416,uslm_only
125,6039D,uslm_only
126,1016,both
126,1255,both
127,1,uslm_only
127,117,both
127,162,both
127,212,uslm_only
127,221,uslm_only
127,401,uslm_only
127,414,both
127,1563,both
127,6039D,uslm_only
128,1,uslm_only
128,129,uslm_only
129,21,both
129,32,uslm_only
129,151,uslm_only
129,152,both
129,401,uslm_only
129,410,both
129,414,both
129,501,uslm_only
129,1563,both
130,104,uslm_only
132,1,uslm_only
132,119,uslm_only
132,127,both
132,152,both
132,162,both
132,167,uslm_only
132,217,both
132,219,uslm_only
132,401,uslm_only
132,414,uslm_only
132,1504,uslm_only
134,112,uslm_only
135,1,uslm_only
135,25A,both
135,72,uslm_only
135,85,uslm_only
135,86,uslm_only
135,102,uslm_only
135,117,both
135,137,uslm_only
135,151,uslm_only
135,219,uslm_only
135,221,uslm_only
135,469,uslm_only
135,529,both
135,530,uslm_only
135,911,uslm_only
135,931,uslm_only
135,933,uslm_only
135,7703,both
136,280A,uslm_only
137,1,uslm_only
137,23,both
137,85,both
137,86,uslm_only
137,127,uslm_only
137,135,uslm_only
137,219,uslm_only
137,469,uslm_only
137,541,uslm_only
138,72,uslm_only
138,220,both
139,165,both
139,692,both
139B,164,both
139B,170,both
139C,104,uslm_only
139C,402,uslm_only
139D,45A,uslm_only
139D,105,uslm_only
139D,152,uslm_only
139D,213,uslm_only
139E,152,uslm_only
139G,247,uslm_only
139G,646,uslm_only
139J,530A,both
139K,25F,uslm_only
139L,265,both
139L,7701,both
141,1,uslm_only
141,142,both
141,146,both
141,147,uslm_only
141,148,both
142,42,both
142,45Q,both
142,103,uslm_only
142,141,both
142,143,uslm_only
142,144,both
142,146,uslm_only
142,147,uslm_only
142,150,both
142,167,both
142,168,both
142,179,uslm_only
142,1391,uslm_only
142,1393,uslm_only
142,6652,uslm_only
142,7872,both
143,25,uslm_only
143,103,uslm_only
143,121,both
143,141,uslm_only
143,142,both
143,148,both
143,165,uslm_only
143,216,both
143,1033,uslm_only
143,1034,uslm_only
143,1041,both
143,1273,both
143,1274,both
144,41,both
144,103,uslm_only
144,141,both
144,142,uslm_only
144,146,both
144,147,both
144,174A,uslm_only
144,197,uslm_only
144,267,both
144,513,uslm_only
144,707,uslm_only
144,1253,both
144,1563,uslm_only
145,47,both
145,103,both
145,141,both
145,142,both
145,144,both
145,146,both
145,513,uslm_only
146,1,uslm_only
146,25,both
146,141,both
146,142,both
146,143,both
146,147,uslm_only
147,1,uslm_only
147,47,uslm_only
147,108,both
147,142,uslm_only
147,144,both
147,150,both
147,267,both
147,707,uslm_only
147,1563,uslm_only
147,4261,both
147,6420,uslm_only
148,57,both
148,103,both
148,141,both
148,142,both
148,147,uslm_only
148,165,both
148,1273,both
148,1274,both
148,6621,uslm_only
149,57,both
149,103,both
149,141,uslm_only
149,143,both
149,144,uslm_only
149,146,both
149,148,both
149,150,uslm_only
149,1504,uslm_only
150,103,both
150,142,both
150,147,uslm_only
150,149,uslm_only
150,501,uslm_only
150,513,both
150,4942,uslm_only
151,1,uslm_only
151,24,uslm_only
151,68,uslm_only
151,152,uslm_only
151,911,uslm_only
151,931,uslm_only
151,933,uslm_only
151,7703,both
152,2,uslm_only
152,22,both
152,24,uslm_only
152,32,uslm_only
152,105,uslm_only
152,121,both
152,132,uslm_only
152,151,both
152,170,both
152,213,uslm_only
152,501,uslm_only
152,6013,uslm_only
152,7703,uslm_only
153,151,uslm_only
153,642,uslm_only
153,873,uslm_only
153,7703,uslm_only
161,63,uslm_only
162,1,uslm_only
162,4,uslm_only
162,62,both
162,67,uslm_only
162,120,uslm_only
162,152,uslm_only
162,163,uslm_only
162,170,both
162,213,uslm_only
162,280G,uslm_only
162,401,both
162,404,uslm_only
162,414,both
162,419,uslm_only
162,465,both
162,561,both
162,954,both
162,1237,uslm_only
162,1253,uslm_only
162,1256,both
162,1372,uslm_only
162,1402,both
162,1504,uslm_only
162,1563,uslm_only
162,3121,both
162,4911,uslm_only
162,4985,uslm_only
162,5000A,uslm_only
162,6033,both
162,7454,both
162,7702B,both
162,9832,uslm_only
163,1,uslm_only
163,25,both
163,26,uslm_only
163,59A,uslm_only
163,78,uslm_only
163,108,both
163,121,uslm_only
163,149,both
163,168,uslm_only
163,170,uslm_only
163,172,uslm_only
163,199A,both
163,216,uslm_only
163,221,uslm_only
163,243,uslm_only
163,245,uslm_only
163,245A,uslm_only
163,246,uslm_only
163,246A,uslm_only
163,263,both
163,263A,both
163,264,uslm_only
163,265,uslm_only
163,266,uslm_only
163,267,both
163,280A,both
163,448,both
163,453,both
163,469,both
163,475,uslm_only
163,707,both
163,871,both
163,911,uslm_only
163,931,uslm_only
163,933,uslm_only
163,951,uslm_only
163,951A,uslm_only
163,952,uslm_only
163,957,both
163,958,uslm_only
163,964,uslm_only
163,1055,uslm_only
163,1272,both
163,1273,both
163,1274,both
163,1275,uslm_only
163,1283,both
163,1288,uslm_only
163,1297,uslm_only
163,2001,uslm_only
163,6163,uslm_only
163,6166,both
163,6601,both
163,6662A,uslm_only
163,6664,uslm_only
164,68,both
164,212,both
164,275,uslm_only
164,461,uslm_only
164,666,both
164,911,uslm_only
164,931,uslm_only
164,933,uslm_only
164,1401,both
164,2601,uslm_only
164,2604,both
164,7871,uslm_only
165,163,uslm_only
165,166,both
165,267,both
165,271,uslm_only
165,581,both
165,582,uslm_only
165,591,uslm_only
165,1011,both
165,1211,uslm_only
165,1212,uslm_only
165,1242,uslm_only
165,1243,uslm_only
165,1244,uslm_only
165,1287,both
165,1504,uslm_only
165,4701,both
166,165,uslm_only
166,271,uslm_only
166,582,uslm_only
166,1011,both
167,52,both
167,168,both
167,197,both
167,263,uslm_only
167,263A,both
167,267,both
167,273,both
167,305,both
167,404,uslm_only
167,419,uslm_only
167,448,uslm_only
167,460,both
167,461,both
167,611,uslm_only
167,613A,both
167,638,both
167,1001,uslm_only
167,1011,uslm_only
167,1274,uslm_only
167,6654,both
167,6655,both
168,3,uslm_only
168,40,both
168,45Y,both
168,48,uslm_only
168,48E,uslm_only
168,55,uslm_only
168,56,uslm_only
168,103,uslm_only
168,110,uslm_only
168,142,both
168,163,both
168,167,both
168,174,uslm_only
168,179,both
168,179C,uslm_only
168,181,both
168,263A,both
168,280F,both
168,318,both
168,332,uslm_only
168,351,uslm_only
168,361,uslm_only
168,465,both
168,501,both
168,511,both
168,514,uslm_only
168,521,both
168,704,both
168,721,uslm_only
168,731,uslm_only
168,931,uslm_only
168,933,uslm_only
168,951,uslm_only
168,954,uslm_only
168,1245,both
168,1250,both
168,7701,both
169,167,both
169,1245,uslm_only
170,41,uslm_only
170,47,both
170,152,uslm_only
170,162,uslm_only
170,172,both
170,174,both
170,197,uslm_only
170,199A,uslm_only
170,248,both
170,263A,uslm_only
170,267,both
170,414,both
170,471,uslm_only
170,501,both
170,508,both
170,509,both
170,542,both
170,545,both
170,584,uslm_only
170,617,both
170,642,both
170,664,both
170,671,uslm_only
170,702,uslm_only
170,707,uslm_only
170,751,uslm_only
170,752,uslm_only
170,755,uslm_only
170,873,uslm_only
170,1012,uslm_only
170,1212,both
170,1221,both
170,1231,both
170,1245,both
170,1250,both
170,1252,both
170,1254,both
170,2032A,uslm_only
170,2055,both
170,2106,both
170,2522,both
170,3304,both
170,4942,both
170,4943,both
170,4948,both
170,4966,both
170,6033,both
170,6050L,both
170,7871,uslm_only
171,75,uslm_only
171,368,uslm_only
171,584,uslm_only
171,1016,uslm_only
171,1272,both
172,151,uslm_only
172,165,both
172,167,uslm_only
172,199A,both
172,243,uslm_only
172,246,uslm_only
172,250,both
172,263A,both
172,381,uslm_only
172,382,uslm_only
172,401,uslm_only
172,404,both
172,561,uslm_only
172,810,both
172,816,both
172,857,both
172,965,both
172,1202,both
173,59,uslm_only
173,263,uslm_only
174,41,both
174,167,uslm_only
174,611,uslm_only
174A,41,both
174A,167,uslm_only
174A,263,uslm_only
174A,611,uslm_only
175,167,uslm_only
176,3121,both
179,1,uslm_only
179,38,both
179,50,both
179,162,uslm_only
179,167,uslm_only
179,168,both
179,197,both
179,267,both
179,280F,uslm_only
179,707,both
179,1014,uslm_only
179,1245,both
179,1563,uslm_only
179B,45H,both
179B,167,uslm_only
179B,280B,both
179B,1245,uslm_only
179B,1382,both
179C,45K,both
179C,1382,both
179D,1,uslm_only
179D,30D,uslm_only
179D,45,both
179E,179,uslm_only
181,45D,uslm_only
181,167,both
181,168,uslm_only
181,194,both
183,162,both
183,212,uslm_only
186,172,both
192,162,both
192,501,both
193,212,uslm_only
193,263,uslm_only
194,1563,uslm_only
194,7703,both
194A,501,uslm_only
195,163,uslm_only
195,164,uslm_only
195,165,uslm_only
195,174,uslm_only
195,174A,uslm_only
196,38,both
196,39,uslm_only
196,40,uslm_only
196,40A,uslm_only
196,41,both
196,43,uslm_only
196,45A,uslm_only
196,45B,uslm_only
196,45D,uslm_only
196,45E,uslm_only
196,45H,uslm_only
196,45L,uslm_only
196,45R,uslm_only
196,46,both
196,50,uslm_only
196,51,uslm_only
196,280C,uslm_only
196,1396,uslm_only
197,41,both
197,167,uslm_only
197,168,uslm_only
197,212,uslm_only
197,267,both
197,332,uslm_only
197,351,uslm_only
197,361,uslm_only
197,707,uslm_only
197,721,uslm_only
197,731,uslm_only
197,732,uslm_only
197,734,uslm_only
197,743,uslm_only
197,848,both
197,1014,uslm_only
197,1031,uslm_only
197,1033,uslm_only
197,1253,both
198,167,both
198,280B,both
198,468,both
198,1221,uslm_only
198,1245,both
198,4612,both
199A,1,uslm_only
199A,52,both
199A,55,uslm_only
199A,56,both
199A,68,both
199A,167,both
199A,168,both
199A,179,uslm_only
199A,199,both
199A,224,both
199A,414,uslm_only
199A,469,both
199A,475,both
199A,511,uslm_only
199A,707,both
199A,751,uslm_only
199A,857,uslm_only
199A,864,uslm_only
199A,954,both
199A,1202,both
199A,1221,uslm_only
199A,1382,both
199A,1385,uslm_only
199A,1504,uslm_only
199A,1563,uslm_only
199A,3401,both
199A,6051,both
199A,7704,both
211,63,uslm_only
211,261,uslm_only
213,1,uslm_only
213,21,both
213,105,uslm_only
213,152,both
213,267,both
213,707,both
213,2053,uslm_only
213,6013,uslm_only
213,7702B,both
216,121,both
216,163,both
216,164,both
216,167,both
219,1,uslm_only
219,85,both
219,86,uslm_only
219,112,uslm_only
219,135,both
219,137,both
219,221,both
219,401,both
219,402,uslm_only
219,403,uslm_only
219,408,both
219,408A,both
219,415,both
219,457,both
219,469,uslm_only
219,501,both
219,911,both
219,1402,uslm_only
219,3401,uslm_only
219,4973,both
220,1,uslm_only
220,72,both
220,106,both
220,121,both
220,151,both
220,152,uslm_only
220,213,both
220,219,uslm_only
220,223,both
220,401,both
220,408,both
220,414,both
220,511,uslm_only
220,691,both
220,816,uslm_only
220,6693,both
220,7702B,both
221,1,uslm_only
221,25A,uslm_only
221,72,uslm_only
221,85,both
221,86,uslm_only
221,127,both
221,135,both
221,137,uslm_only
221,151,both
221,152,both
221,219,uslm_only
221,267,both
221,469,uslm_only
221,529,both
221,530,both
221,707,both
221,7703,uslm_only
223,1,uslm_only
223,72,both
223,106,both
223,121,both
223,151,both
223,152,uslm_only
223,213,both
223,219,uslm_only
223,220,both
223,408,both
223,511,uslm_only
223,691,both
223,816,uslm_only
223,7702B,both
223,9816,uslm_only
223,9817,uslm_only
224,24,uslm_only
224,199A,both
224,911,uslm_only
224,931,uslm_only
224,933,uslm_only
224,6041,uslm_only
224,6041A,uslm_only
224,6050W,uslm_only
224,6051,uslm_only
224,7703,both
225,24,uslm_only
225,224,both
225,911,uslm_only
225,931,uslm_only
225,933,uslm_only
225,6041,both
225,6051,uslm_only
225,7703,both
226,691,uslm_only
243,245,uslm_only
243,591,uslm_only
243,801,both
243,854,uslm_only
243,856,uslm_only
243,901,uslm_only
243,1504,both
243,1563,uslm_only
245,243,uslm_only
245,901,both
245,904,uslm_only
245,907,uslm_only
245,922,cornell_target_not_in_uslm
245,923,cornell_target_not_in_uslm
245,927,cornell_target_not_in_uslm
245,960,uslm_only
245,964,both
245,986,both
245,1248,uslm_only
245,1562,both
245A,245,both
245A,901,both
245A,951,uslm_only
245A,964,both
245A,986,both
245A,1291,both
245A,1297,both
246,172,both
246,199A,uslm_only
246,243,both
246,245,uslm_only
246,245A,both
246,250,uslm_only
246,501,uslm_only
246,521,uslm_only
246,992,uslm_only
246,995,uslm_only
246,1059,uslm_only
246,1092,both
246,1212,uslm_only
246,1223,both
246A,243,both
246A,245,both
246A,581,uslm_only
246A,1504,both
246A,7701,uslm_only
247,646,both
247,1223,uslm_only
247,6501,uslm_only
249,1273,both
249,1274,both
249,1563,uslm_only
250,78,both
250,367,both
250,904,both
250,907,uslm_only
250,951,uslm_only
250,951A,both
250,954,uslm_only
250,1504,uslm_only
263,59,uslm_only
263,162,both
263,174,both
263,174A,uslm_only
263,175,uslm_only
263,179,uslm_only
263,179B,uslm_only
263,179C,uslm_only
263,179D,uslm_only
263,179E,uslm_only
263,180,uslm_only
263,190,uslm_only
263,193,uslm_only
263,212,both
263,243,both
263,245,uslm_only
263,291,uslm_only
263,512,both
263,611,both
263,613,both
263,616,uslm_only
263,1059,uslm_only
263,1092,uslm_only
263,1256,both
263,1271,both
263,1276,both
263,1277,both
263,1281,both
263,1282,both
263A,59,both
263A,163,both
263A,167,uslm_only
263A,168,both
263A,174,both
263A,174A,uslm_only
263A,179B,uslm_only
263A,263,uslm_only
263A,267,both
263A,269A,uslm_only
263A,291,uslm_only
263A,318,uslm_only
263A,447,both
263A,448,both
263A,481,uslm_only
263A,616,uslm_only
263A,617,uslm_only
263A,1221,both
263A,1245,both
263A,1563,uslm_only
263A,2032A,uslm_only
263A,5002,both
263A,5041,both
263A,5052,both
264,52,both
264,72,both
264,263A,uslm_only
264,265,both
264,291,uslm_only
264,414,uslm_only
264,817,uslm_only
264,848,both
264,1016,uslm_only
264,7702,uslm_only
264,7702A,uslm_only
265,103,uslm_only
265,107,uslm_only
265,141,both
265,145,both
265,147,uslm_only
265,149,both
265,212,uslm_only
265,263A,uslm_only
265,264,uslm_only
265,291,both
265,501,uslm_only
265,585,uslm_only
265,855,uslm_only
265,1016,uslm_only
265,1222,uslm_only
267,1,both
267,11,both
267,269A,uslm_only
267,441,both
267,501,uslm_only
267,707,both
267,952,uslm_only
267,957,both
267,958,uslm_only
267,1041,uslm_only
267,1091,uslm_only
267,1221,uslm_only
267,1250,uslm_only
267,1297,uslm_only
267,1563,uslm_only
267A,951,uslm_only
267A,954,uslm_only
267A,6038A,uslm_only
268,1231,uslm_only
269,338,both
269A,144,both
269A,318,both
269B,318,uslm_only
269B,894,uslm_only
269B,958,uslm_only
269B,1563,uslm_only
269B,7701,uslm_only
269B,7852,uslm_only
271,165,uslm_only
271,166,uslm_only
271,581,uslm_only
272,165,both
272,631,uslm_only
272,1231,uslm_only
274,74,both
274,82,uslm_only
274,102,uslm_only
274,119,uslm_only
274,132,uslm_only
274,143,both
274,162,both
274,212,both
274,217,uslm_only
274,267,both
274,280F,both
274,414,both
274,501,uslm_only
274,707,uslm_only
274,6103,uslm_only
275,164,both
275,901,uslm_only
275,3101,uslm_only
275,3201,uslm_only
275,3211,uslm_only
275,3402,uslm_only
276,271,both
276,274,uslm_only
277,243,uslm_only
277,245,uslm_only
277,456,both
279,301,both
279,368,both
279,581,both
279,1504,uslm_only
280A,61,uslm_only
280A,119,both
280A,121,uslm_only
280A,162,uslm_only
280A,183,uslm_only
280A,267,uslm_only
280C,11,uslm_only
280C,36B,both
280C,38,uslm_only
280C,41,both
280C,45A,uslm_only
280C,45C,both
280C,45H,uslm_only
280C,45N,uslm_only
280C,45O,uslm_only
280C,45P,uslm_only
280C,45R,uslm_only
280C,45S,uslm_only
280C,51,uslm_only
280C,52,uslm_only
280C,174A,uslm_only
280C,1396,uslm_only
280F,1,uslm_only
280F,168,both
280F,179,both
280F,267,both
280F,416,both
280G,162,both
280G,401,both
280G,403,uslm_only
280G,408,both
280G,501,uslm_only
280G,1274,both
280G,1361,both
280G,1504,both
280G,4999,both
280H,269A,both
280H,441,uslm_only
280H,444,both
281,1504,both
291,1,uslm_only
291,168,uslm_only
291,169,both
291,263,both
291,265,both
291,585,both
291,611,uslm_only
291,613,both
291,613A,both
291,614,uslm_only
291,616,both
291,617,both
291,856,both
291,857,uslm_only
291,1016,uslm_only
291,1245,both
291,1250,both
291,1254,uslm_only
301,1,uslm_only
301,243,both
301,245,both
301,302,uslm_only
301,312,both
301,316,both
301,317,both
301,318,both
302,67,both
302,301,uslm_only
302,303,uslm_only
302,306,both
302,317,both
302,318,both
302,331,uslm_only
302,6501,both
302,6502,both
303,2053,both
303,2054,uslm_only
303,2106,uslm_only
303,2601,both
303,2611,uslm_only
303,6166,uslm_only
303,6213,uslm_only
303,6501,uslm_only
304,267,both
304,301,uslm_only
304,302,both
304,303,uslm_only
304,318,both
304,351,uslm_only
304,357,uslm_only
304,358,uslm_only
304,707,uslm_only
304,951,uslm_only
304,953,uslm_only
304,957,uslm_only
304,958,both
304,959,both
304,961,both
304,1504,uslm_only
305,61,uslm_only
305,301,both
305,1272,uslm_only
305,1273,uslm_only
305,1286,uslm_only
305,2501,uslm_only
306,1,uslm_only
306,301,both
306,302,both
306,304,uslm_only
306,305,uslm_only
306,317,both
306,318,both
306,351,both
306,355,uslm_only
306,356,uslm_only
306,368,both
306,871,uslm_only
306,881,uslm_only
307,305,both
307,1052,uslm_only
311,336,both
312,50,uslm_only
312,163,uslm_only
312,167,uslm_only
312,168,both
312,173,both
312,179,both
312,179B,both
312,179C,both
312,179D,both
312,179E,both
312,248,both
312,263,both
312,263A,uslm_only
312,302,uslm_only
312,303,uslm_only
312,305,uslm_only
312,307,uslm_only
312,355,uslm_only
312,356,uslm_only
312,368,both
312,471,both
312,472,uslm_only
312,616,both
312,617,both
312,957,uslm_only
312,1016,uslm_only
312,1017,uslm_only
312,1091,uslm_only
316,301,both
316,542,both
316,545,both
316,547,uslm_only
316,562,uslm_only
316,563,uslm_only
316,860,uslm_only
318,302,uslm_only
318,304,uslm_only
318,306,uslm_only
318,338,both
318,382,uslm_only
318,401,both
318,501,uslm_only
318,856,uslm_only
318,958,uslm_only
318,6038,uslm_only
331,301,uslm_only
331,316,uslm_only
331,1001,uslm_only
332,301,both
332,331,both
332,354,uslm_only
332,361,uslm_only
332,957,both
332,1504,both
334,332,uslm_only
334,337,uslm_only
334,362,uslm_only
336,267,both
336,332,both
336,337,uslm_only
336,351,both
336,361,uslm_only
336,1504,uslm_only
337,332,both
337,336,uslm_only
337,511,both
337,521,both
338,318,both
338,351,uslm_only
338,354,uslm_only
338,355,uslm_only
338,356,uslm_only
338,1014,uslm_only
338,1248,both
338,1504,both
338,6655,uslm_only
346,351,uslm_only
346,355,uslm_only
351,61,uslm_only
351,267,both
351,304,uslm_only
351,311,both
351,354,both
351,355,both
351,356,both
351,357,uslm_only
351,358,uslm_only
351,362,uslm_only
351,368,both
351,707,uslm_only
351,2501,uslm_only
351,7704,both
354,61,uslm_only
354,351,both
354,355,uslm_only
354,356,both
354,368,uslm_only
354,447,both
355,61,uslm_only
355,267,both
355,302,uslm_only
355,311,both
355,318,both
355,336,both
355,351,both
355,354,both
355,356,both
355,361,uslm_only
355,368,both
355,475,both
355,581,both
355,707,both
355,856,uslm_only
355,954,both
355,1014,uslm_only
355,1504,both
355,7701,uslm_only
356,61,uslm_only
356,301,both
356,306,both
356,318,uslm_only
356,351,both
356,354,both
356,355,both
356,2501,uslm_only
357,351,both
357,355,uslm_only
357,358,uslm_only
357,361,both
357,362,both
357,368,uslm_only
357,736,uslm_only
357,7701,both
358,351,both
358,354,both
358,355,both
358,356,both
358,357,uslm_only
358,361,both
358,1504,uslm_only
361,311,uslm_only
361,355,uslm_only
361,357,uslm_only
361,368,uslm_only
362,351,both
362,7701,uslm_only
367,318,uslm_only
367,332,both
367,337,uslm_only
367,351,both
367,354,both
367,355,both
367,356,both
367,361,both
367,368,uslm_only
367,904,uslm_only
367,1504,uslm_only
368,304,uslm_only
368,332,both
368,351,uslm_only
368,354,both
368,355,uslm_only
368,356,uslm_only
368,357,both
368,581,both
368,591,uslm_only
368,1001,uslm_only
368,1563,uslm_only
381,1,uslm_only
381,38,uslm_only
381,53,uslm_only
381,111,uslm_only
381,163,both
381,167,uslm_only
381,168,uslm_only
381,170,uslm_only
381,172,both
381,332,uslm_only
381,354,uslm_only
381,361,uslm_only
381,368,both
381,404,both
381,453,both
381,547,both
381,564,both
381,613,uslm_only
381,616,uslm_only
381,860,both
381,1033,uslm_only
381,1212,uslm_only
382,56,uslm_only
382,108,both
382,121,both
382,163,both
382,172,both
382,267,both
382,318,both
382,338,both
382,354,uslm_only
382,368,both
382,381,both
382,383,both
382,501,uslm_only
382,707,uslm_only
382,1014,uslm_only
382,1015,uslm_only
382,1041,uslm_only
382,1274,uslm_only
382,1504,both
382,1563,both
383,39,uslm_only
383,53,uslm_only
383,382,both
383,904,both
383,1212,both
384,172,both
384,368,uslm_only
384,382,uslm_only
384,383,both
384,1504,uslm_only
384,1563,both
401,1,uslm_only
401,72,both
401,101,both
401,152,uslm_only
401,164,uslm_only
401,170,uslm_only
401,219,both
401,221,both
401,402,both
401,403,both
401,404,both
401,408,both
401,409,both
401,410,both
401,411,both
401,412,both
401,413,both
401,414,both
401,415,both
401,416,both
401,417,uslm_only
401,419,both
401,419A,both
401,420,uslm_only
401,424,uslm_only
401,430,both
401,433,both
401,436,uslm_only
401,457,both
401,501,both
401,521,uslm_only
401,664,uslm_only
401,818,uslm_only
401,1402,both
401,1563,uslm_only
401,3111,uslm_only
401,3121,both
401,3405,uslm_only
401,4975,both
401,4979,uslm_only
401,7701,uslm_only
401,7702B,both
401,7871,uslm_only
402,72,both
402,83,uslm_only
402,152,both
402,162,uslm_only
402,213,uslm_only
402,401,both
402,402A,both
402,403,both
402,404,uslm_only
402,408,both
402,408A,uslm_only
402,410,uslm_only
402,414,both
402,415,both
402,424,uslm_only
402,457,both
402,501,both
402,503,uslm_only
402,3121,uslm_only
402,3405,uslm_only
402,7702B,uslm_only
402A,1,uslm_only
402A,72,both
402A,401,both
402A,402,both
402A,403,uslm_only
402A,408A,both
402A,411,uslm_only
402A,414,both
402A,415,uslm_only
402A,457,both
402A,501,uslm_only
402A,3405,uslm_only
403,72,both
403,83,uslm_only
403,125,uslm_only
403,132,uslm_only
403,170,uslm_only
403,219,both
403,401,both
403,402,both
403,404,uslm_only
403,408,both
403,410,both
403,413,both
403,414,both
403,415,both
403,457,uslm_only
403,501,both
403,851,uslm_only
403,911,uslm_only
403,3121,both
404,162,uslm_only
404,168,uslm_only
404,212,uslm_only
404,277,uslm_only
404,401,both
404,402,both
404,403,uslm_only
404,409,both
404,411,uslm_only
404,412,both
404,414,both
404,415,both
404,419,both
404,430,both
404,431,both
404,501,uslm_only
404,664,both
404,1504,uslm_only
404,1563,uslm_only
404,4041,uslm_only
404,4064,uslm_only
404,4975,both
404A,401,uslm_only
404A,404,both
404A,414,both
404A,431,both
404A,446,uslm_only
404A,481,both
404A,905,both
406,72,uslm_only
406,401,both
406,403,both
406,404,both
406,410,uslm_only
406,414,both
406,2039,uslm_only
406,3101,uslm_only
406,3121,both
407,72,uslm_only
407,401,both
407,403,both
407,404,both
407,410,uslm_only
407,414,both
407,2039,uslm_only
408,1,uslm_only
408,61,uslm_only
408,72,both
408,121,uslm_only
408,131,both
408,170,both
408,219,both
408,221,both
408,223,uslm_only
408,401,both
408,402,both
408,403,uslm_only
408,404,uslm_only
408,408A,both
408,410,both
408,411,both
408,414,both
408,415,both
408,416,both
408,457,uslm_only
408,501,both
408,509,uslm_only
408,511,uslm_only
408,581,both
408,664,both
408,1402,both
408,3401,uslm_only
408,4966,uslm_only
408,4973,uslm_only
408,4974,uslm_only
408,4975,uslm_only
408,4979,uslm_only
408,6051,uslm_only
408,6693,uslm_only
408,7701,both
408A,1,uslm_only
408A,72,both
408A,219,both
408A,401,uslm_only
408A,402,both
408A,402A,uslm_only
408A,403,uslm_only
408A,408,both
408A,457,uslm_only
408A,529,both
408A,530,uslm_only
408A,6047,both
408A,7701,uslm_only
409,1,uslm_only
409,12,uslm_only
409,41,both
409,48,both
409,267,both
409,318,both
409,401,both
409,404,uslm_only
409,415,both
409,417,uslm_only
409,581,both
409,1042,both
409,1563,both
409,4975,both
409,4979A,both
409A,83,both
409A,152,uslm_only
409A,162,uslm_only
409A,219,both
409A,414,both
409A,415,uslm_only
409A,416,both
409A,430,both
409A,457,both
410,170,both
410,401,both
410,411,both
410,414,both
410,501,uslm_only
410,861,uslm_only
410,911,both
411,401,both
411,402,uslm_only
411,403,uslm_only
411,404,both
411,408,uslm_only
411,409,both
411,410,both
411,412,both
411,414,both
411,415,uslm_only
411,417,uslm_only
411,418E,uslm_only
411,457,uslm_only
411,501,uslm_only
411,1274,uslm_only
411,4975,both
412,401,both
412,403,uslm_only
412,410,uslm_only
412,414,both
412,430,both
412,431,uslm_only
412,432,uslm_only
412,433,both
412,501,uslm_only
412,4971,both
412,6103,uslm_only
413,401,both
413,402,uslm_only
413,404,both
413,408,uslm_only
413,410,both
413,411,both
413,412,both
413,414,both
413,4971,uslm_only
414,2,uslm_only
414,72,both
414,79,uslm_only
414,104,uslm_only
414,106,uslm_only
414,117,uslm_only
414,125,both
414,127,uslm_only
414,129,uslm_only
414,132,uslm_only
414,137,uslm_only
414,144,uslm_only
414,219,both
414,274,uslm_only
414,318,both
414,401,both
414,402,both
414,402A,uslm_only
414,403,both
414,404,uslm_only
414,408,both
414,409,uslm_only
414,410,both
414,411,both
414,412,both
414,415,both
414,416,both
414,417,uslm_only
414,430,both
414,457,both
414,501,both
414,505,uslm_only
414,513,both
414,861,uslm_only
414,911,both
414,1563,both
414,3121,both
414,3401,both
414,4975,uslm_only
414,4980B,uslm_only
414,4980D,uslm_only
414,6058,uslm_only
414,6059,uslm_only
414,7701,uslm_only
414,7871,uslm_only
414A,401,both
414A,403,both
414A,414,both
415,22,both
415,115,uslm_only
415,125,uslm_only
415,131,both
415,132,uslm_only
415,170,uslm_only
415,401,both
415,402,both
415,403,both
415,404,uslm_only
415,408,both
415,409,both
415,412,uslm_only
415,414,both
415,416,both
415,417,both
415,419A,uslm_only
415,457,both
415,501,uslm_only
415,664,both
415,911,uslm_only
415,1563,uslm_only
415,3121,uslm_only
415,4975,both
415,7701,both
416,318,both
416,401,both
416,403,uslm_only
416,408,uslm_only
416,410,both
416,411,both
416,414,both
416,415,both
417,401,both
417,411,both
417,430,both
418E,411,uslm_only
418E,432,uslm_only
419,83,both
419,264,uslm_only
419,404,both
419,404A,both
419,419A,uslm_only
419,501,uslm_only
419A,213,both
419A,414,both
419A,415,both
419A,416,uslm_only
419A,419,both
419A,501,both
419A,505,both
419A,512,both
420,79,uslm_only
420,401,both
420,404,uslm_only
420,416,both
420,419,both
420,419A,uslm_only
420,430,both
420,433,uslm_only
420,448,both
420,4975,uslm_only
420,4980,both
421,162,uslm_only
421,422,both
421,423,both
421,424,uslm_only
421,691,uslm_only
421,1043,both
422,22,both
422,83,both
422,421,both
422,424,both
423,83,both
423,414,both
423,421,both
423,424,both
424,305,uslm_only
424,354,both
424,355,both
424,356,both
424,422,both
424,423,both
424,1031,uslm_only
424,1036,both
424,1041,both
424,6039,uslm_only
430,1,uslm_only
430,83,uslm_only
430,401,both
430,409A,both
430,412,both
430,414,both
430,417,uslm_only
430,420,both
430,436,both
430,501,uslm_only
431,165,uslm_only
431,401,uslm_only
431,411,both
431,412,both
431,501,uslm_only
431,807,both
431,3121,uslm_only
432,404,both
432,411,both
432,412,uslm_only
432,417,uslm_only
432,418E,both
432,430,both
432,431,both
432,4971,uslm_only
432,4975,both
432,4980F,uslm_only
433,401,uslm_only
433,412,both
433,413,uslm_only
433,414,uslm_only
433,430,uslm_only
433,1274,both
433,3121,both
436,401,uslm_only
436,411,both
436,414,both
436,417,uslm_only
436,430,both
441,15,both
441,269A,both
441,318,uslm_only
441,443,uslm_only
442,441,both
443,55,both
443,151,both
443,536,uslm_only
443,546,uslm_only
443,852,uslm_only
443,857,uslm_only
443,1398,uslm_only
444,280H,uslm_only
444,441,uslm_only
444,706,uslm_only
444,1378,uslm_only
444,7519,uslm_only
447,263A,uslm_only
447,448,both
447,481,uslm_only
447,542,both
447,721,both
448,1,uslm_only
448,52,both
448,263A,both
448,401,both
448,414,uslm_only
448,461,both
448,481,uslm_only
448,501,uslm_only
448,511,both
448,1504,uslm_only
451,83,both
451,165,uslm_only
451,453,both
451,871,uslm_only
451,881,uslm_only
451,1012,uslm_only
451,1033,both
451,1245,both
451,1250,both
451,1441,uslm_only
451,1442,uslm_only
451,6053,both
451,6420,both
453,167,uslm_only
453,267,uslm_only
453,318,uslm_only
453,331,both
453,356,uslm_only
453,368,uslm_only
453,707,uslm_only
453,751,uslm_only
453,1031,both
453,1033,uslm_only
453,1239,both
453,1245,uslm_only
453,1250,uslm_only
453,1274,uslm_only
453,2032A,both
453A,1,uslm_only
453A,11,uslm_only
453A,52,both
453A,453,both
453A,1275,both
453A,2032A,both
453A,6621,both
453B,337,both
453B,453,uslm_only
453B,691,uslm_only
453B,816,uslm_only
453B,1041,both
453B,1366,uslm_only
454,1031,uslm_only
454,1037,uslm_only
455,451,both
456,451,both
457,72,both
457,83,uslm_only
457,401,both
457,402,both
457,403,uslm_only
457,411,both
457,414,both
457,415,both
457,501,both
457,3121,both
457,4974,both
457A,409A,both
457A,882,uslm_only
457A,6621,both
458,481,both
460,1,uslm_only
460,11,uslm_only
460,168,both
460,263A,both
460,448,both
460,451,uslm_only
460,481,uslm_only
460,1274,uslm_only
460,1563,both
460,6621,both
460,6654,uslm_only
460,6655,uslm_only
461,1,uslm_only
461,172,both
461,199A,both
461,263A,uslm_only
461,267,uslm_only
461,464,both
461,465,both
461,469,uslm_only
461,704,both
461,1256,both
461,6662,both
464,121,both
464,461,uslm_only
465,49,uslm_only
465,52,both
465,103,uslm_only
465,162,uslm_only
465,163,both
465,267,both
465,269A,both
465,318,both
465,404,uslm_only
465,453B,both
465,464,both
465,542,both
465,544,both
465,581,both
465,591,uslm_only
465,613,both
465,614,both
465,707,uslm_only
465,752,both
465,816,both
465,1245,both
465,1504,both
465,1563,uslm_only
467,168,both
467,170,uslm_only
467,404,both
467,404A,both
467,465,uslm_only
467,751,uslm_only
467,1245,both
467,1250,both
467,1274,both
468,614,uslm_only
468,1274,both
468A,11,uslm_only
468A,461,both
468A,501,uslm_only
468A,4951,both
468B,1,uslm_only
468B,11,uslm_only
468B,267,uslm_only
468B,461,uslm_only
469,2,uslm_only
469,26,uslm_only
469,27,uslm_only
469,42,both
469,47,uslm_only
469,85,uslm_only
469,86,uslm_only
469,135,uslm_only
469,137,uslm_only
469,163,both
469,174,both
469,212,uslm_only
469,219,uslm_only
469,221,uslm_only
469,243,both
469,245,uslm_only
469,250,uslm_only
469,267,uslm_only
469,269A,both
469,280A,both
469,318,uslm_only
469,416,both
469,453,both
469,465,both
469,707,uslm_only
469,851,both
469,911,both
469,2032A,both
470,167,uslm_only
470,168,both
470,197,both
470,467,both
470,469,both
470,1031,both
470,1033,both
470,7701,uslm_only
471,263A,uslm_only
471,448,both
471,451,uslm_only
471,481,uslm_only
472,471,both
472,1504,both
473,472,uslm_only
473,7122,uslm_only
474,52,uslm_only
474,448,both
474,472,uslm_only
475,263,both
475,263A,both
475,267,both
475,707,both
475,1091,uslm_only
475,1092,both
475,1236,both
475,1256,both
475,1259,both
475,1402,uslm_only
475,7704,uslm_only
481,172,both
481,1212,uslm_only
481,1314,both
481,1362,uslm_only
482,367,uslm_only
483,163,both
483,267,both
483,1235,uslm_only
483,1272,uslm_only
483,1273,both
483,1274,both
483,1274A,uslm_only
483,1275,uslm_only
501,1,uslm_only
501,24,uslm_only
501,45J,both
501,115,uslm_only
501,152,uslm_only
501,170,both
501,192,both
501,213,both
501,219,uslm_only
501,306A,cornell_target_not_in_uslm
501,306B,cornell_target_not_in_uslm
501,311,both
501,401,both
501,402,uslm_only
501,414,both
501,502,uslm_only
501,503,uslm_only
501,509,uslm_only
501,511,both
501,513,both
501,514,both
501,545,uslm_only
501,581,uslm_only
501,591,uslm_only
501,642,uslm_only
501,816,both
501,831,both
501,856,uslm_only
501,1031,both
501,1033,uslm_only
501,1381,uslm_only
501,1563,both
501,2032A,both
501,2055,uslm_only
501,2106,uslm_only
501,2522,uslm_only
501,4223,uslm_only
501,4911,both
501,4944,both
501,4979,uslm_only
501,7428,uslm_only
501,9501,uslm_only
502,501,both
502,512,both
503,267,uslm_only
503,401,both
503,501,both
503,4975,uslm_only
504,501,both
505,79,uslm_only
505,401,both
505,414,both
505,501,both
505,861,uslm_only
505,911,both
506,501,both
506,6104,both
507,170,both
507,501,both
507,509,both
507,642,uslm_only
507,4946,both
507,6104,uslm_only
508,170,uslm_only
508,501,both
508,507,both
508,509,uslm_only
508,545,uslm_only
508,642,uslm_only
508,2055,uslm_only
508,2106,uslm_only
508,2522,uslm_only
508,4941,both
508,4942,uslm_only
508,4943,uslm_only
508,4944,uslm_only
508,4945,uslm_only
508,4947,both
508,4966,both
509,170,both
509,501,both
509,507,both
509,511,uslm_only
509,512,both
509,513,both
509,4946,both
509,4958,both
511,1,uslm_only
511,11,uslm_only
511,401,uslm_only
511,501,both
511,512,uslm_only
512,1,uslm_only
512,103,uslm_only
512,168,uslm_only
512,170,both
512,172,both
512,198,uslm_only
512,243,uslm_only
512,245,uslm_only
512,267,both
512,318,uslm_only
512,409,both
512,419A,both
512,482,uslm_only
512,501,both
512,511,both
512,513,both
512,514,both
512,581,both
512,591,both
512,631,uslm_only
512,707,uslm_only
512,951,both
512,953,uslm_only
512,1034,uslm_only
512,1058,uslm_only
512,1236,both
512,1245,both
512,1250,uslm_only
512,1361,both
512,1366,uslm_only
512,4975,uslm_only
512,6621,uslm_only
513,1,uslm_only
513,170,both
513,401,uslm_only
513,501,both
513,511,uslm_only
513,512,both
513,681,uslm_only
514,167,uslm_only
514,168,both
514,170,uslm_only
514,267,both
514,401,uslm_only
514,403,uslm_only
514,501,both
514,509,uslm_only
514,511,uslm_only
514,512,both
514,513,uslm_only
514,581,both
514,591,uslm_only
514,704,both
514,707,both
514,1212,uslm_only
514,1274,uslm_only
514,4975,both
515,511,uslm_only
515,901,uslm_only
521,1388,uslm_only
527,11,uslm_only
527,162,uslm_only
527,168,both
527,172,uslm_only
527,271,uslm_only
527,501,both
527,509,both
527,511,uslm_only
527,513,both
527,6033,uslm_only
527,6104,both
527,6652,uslm_only
528,172,uslm_only
529,25A,both
529,72,both
529,152,uslm_only
529,168,uslm_only
529,197,uslm_only
529,221,uslm_only
529,408,both
529,408A,uslm_only
529,501,uslm_only
529,511,uslm_only
529,514,uslm_only
529,529A,uslm_only
529,530,both
529,2503,uslm_only
529,2651,both
529A,72,both
529A,152,uslm_only
529A,219,both
529A,401,both
529A,403,uslm_only
529A,408,both
529A,414,both
529A,457,uslm_only
529A,511,uslm_only
529A,529,uslm_only
529A,530A,uslm_only
529A,2503,both
530,25A,uslm_only
530,72,both
530,168,uslm_only
530,197,both
530,220,uslm_only
530,408,both
530,408A,both
530,511,uslm_only
530,529,both
530,911,uslm_only
530,931,uslm_only
530,933,uslm_only
530A,1,uslm_only
530A,24,both
530A,72,both
530A,128,uslm_only
530A,170,uslm_only
530A,219,both
530A,408,both
530A,501,uslm_only
530A,529A,uslm_only
530A,1256,both
530A,4973,uslm_only
530A,6434,uslm_only
531,532,uslm_only
531,535,uslm_only
532,501,uslm_only
532,531,both
532,542,both
532,1297,both
533,532,uslm_only
534,531,uslm_only
534,6861,uslm_only
535,170,both
535,172,both
535,241,uslm_only
535,248,uslm_only
535,275,both
535,531,uslm_only
535,541,uslm_only
535,561,both
535,563,uslm_only
535,904,uslm_only
535,951,both
535,960,uslm_only
535,1212,both
535,1561,uslm_only
536,443,uslm_only
536,531,uslm_only
537,172,uslm_only
537,303,both
537,4943,both
541,542,uslm_only
541,545,uslm_only
542,162,uslm_only
542,164,uslm_only
542,167,uslm_only
542,368,uslm_only
542,401,both
542,404,uslm_only
542,501,both
542,509,both
542,541,uslm_only
542,543,both
542,544,both
542,581,uslm_only
542,642,uslm_only
542,801,uslm_only
542,1501,uslm_only
542,1504,both
542,7701,uslm_only
543,162,both
543,167,uslm_only
543,174,uslm_only
543,174A,uslm_only
543,195,uslm_only
543,544,both
543,562,both
543,563,both
543,565,both
543,832,uslm_only
543,951,both
543,957,uslm_only
543,1221,uslm_only
543,1231,uslm_only
543,1504,uslm_only
544,542,uslm_only
544,543,both
545,162,uslm_only
545,167,uslm_only
545,170,uslm_only
545,172,uslm_only
545,241,uslm_only
545,248,uslm_only
545,275,both
545,531,uslm_only
545,541,uslm_only
545,543,uslm_only
545,561,uslm_only
545,958,uslm_only
545,960,uslm_only
546,443,uslm_only
546,541,uslm_only
547,541,both
547,561,both
547,563,uslm_only
547,6501,uslm_only
547,7121,uslm_only
561,562,uslm_only
561,563,uslm_only
561,564,uslm_only
561,565,both
562,67,uslm_only
562,302,both
562,316,both
562,542,both
562,857,both
563,531,uslm_only
563,541,uslm_only
563,562,uslm_only
564,545,both
564,561,uslm_only
565,316,uslm_only
565,561,uslm_only
565,562,uslm_only
565,1441,uslm_only
565,1442,uslm_only
581,582,uslm_only
581,584,uslm_only
582,165,uslm_only
582,166,uslm_only
582,591,uslm_only
584,1,uslm_only
584,170,uslm_only
584,172,both
584,357,both
584,368,uslm_only
584,1504,uslm_only
585,166,uslm_only
585,481,uslm_only
585,581,both
585,1563,both
585,6655,uslm_only
593,103,uslm_only
593,165,both
593,166,uslm_only
593,317,both
593,381,both
593,481,both
593,501,uslm_only
593,513,both
593,581,both
593,585,both
593,591,uslm_only
593,597,uslm_only
593,904,uslm_only
593,1368,both
593,1504,both
593,1563,uslm_only
593,7701,both
594,11,uslm_only
594,816,uslm_only
597,381,both
597,7701,both
611,167,uslm_only
611,613,both
612,1011,both
613,199A,uslm_only
613,611,uslm_only
613,613A,uslm_only
613,1245,uslm_only
613A,45K,uslm_only
613A,172,uslm_only
613A,199A,uslm_only
613A,267,both
613A,611,both
613A,613,both
613A,704,uslm_only
613A,707,uslm_only
613A,732,uslm_only
613A,1212,uslm_only
613A,1563,both
614,613,uslm_only
616,59,uslm_only
616,167,uslm_only
616,611,both
616,613,uslm_only
616,1016,uslm_only
617,59,uslm_only
617,167,uslm_only
617,611,both
617,613,both
617,614,both
617,631,both
617,751,both
617,1245,uslm_only
617,1254,both
631,267,both
631,272,uslm_only
631,535,uslm_only
631,545,uslm_only
631,613,uslm_only
631,707,uslm_only
636,613,uslm_only
636,614,uslm_only
638,861,uslm_only
638,862,uslm_only
641,1,uslm_only
641,55,both
641,170,uslm_only
641,642,both
641,1211,uslm_only
641,1361,uslm_only
641,1366,uslm_only
642,1,uslm_only
642,67,uslm_only
642,68,uslm_only
642,151,both
642,167,uslm_only
642,169,both
642,170,both
642,172,both
642,197,both
642,501,both
642,611,uslm_only
642,651,uslm_only
642,661,uslm_only
642,681,uslm_only
642,901,uslm_only
642,1202,uslm_only
642,1212,uslm_only
642,2053,uslm_only
642,2054,uslm_only
642,2621,uslm_only
642,2622,uslm_only
642,6334,uslm_only
643,31,both
643,103,uslm_only
643,265,uslm_only
643,267,uslm_only
643,642,both
643,651,uslm_only
643,661,both
643,662,both
643,663,uslm_only
643,707,uslm_only
643,894,uslm_only
643,1202,uslm_only
643,3406,both
644,501,both
644,4947,uslm_only
645,672,uslm_only
645,676,uslm_only
646,1,uslm_only
646,103,uslm_only
646,301,uslm_only
646,311,uslm_only
646,641,both
646,643,uslm_only
646,651,uslm_only
646,661,uslm_only
646,6039H,uslm_only
651,642,uslm_only
652,651,uslm_only
661,642,both
662,642,uslm_only
662,661,uslm_only
663,508,uslm_only
663,642,both
663,651,uslm_only
663,661,both
663,662,both
663,681,uslm_only
663,4948,uslm_only
664,170,both
664,267,uslm_only
664,318,uslm_only
664,401,uslm_only
664,404,both
664,409,uslm_only
664,415,both
664,512,uslm_only
664,2032A,uslm_only
664,4940,uslm_only
664,4975,both
664,4978,both
664,4979A,both
664,6212,uslm_only
664,6621,uslm_only
664,7520,uslm_only
665,643,both
665,661,both
665,666,uslm_only
665,667,uslm_only
665,672,uslm_only
666,55,uslm_only
666,661,both
667,103,uslm_only
667,662,both
667,665,both
667,666,both
667,668,uslm_only
667,904,both
668,666,both
668,667,both
668,6621,uslm_only
671,61,uslm_only
672,674,uslm_only
672,675,uslm_only
672,957,both
672,1297,uslm_only
672,2503,uslm_only
674,170,uslm_only
674,664,uslm_only
674,672,both
674,673,uslm_only
674,677,both
674,4975,uslm_only
675,672,both
676,673,both
677,170,uslm_only
677,661,uslm_only
677,662,uslm_only
677,673,uslm_only
677,674,uslm_only
678,661,uslm_only
678,662,uslm_only
678,671,both
678,679,both
678,1361,uslm_only
679,643,uslm_only
679,957,both
679,6048,both
679,7701,uslm_only
681,501,uslm_only
681,508,uslm_only
681,512,uslm_only
681,642,uslm_only
681,4948,uslm_only
683,351,both
683,642,both
684,671,uslm_only
685,1,uslm_only
685,642,uslm_only
691,1,uslm_only
691,27,uslm_only
691,72,both
691,162,uslm_only
691,163,uslm_only
691,164,uslm_only
691,212,uslm_only
691,421,uslm_only
691,453,uslm_only
691,453B,both
691,611,uslm_only
691,753,uslm_only
691,1202,uslm_only
691,1211,uslm_only
691,2001,both
691,2101,uslm_only
692,112,both
692,6013,uslm_only
702,1,uslm_only
702,170,both
702,901,uslm_only
702,1231,uslm_only
702,6221,uslm_only
703,108,uslm_only
703,151,uslm_only
703,164,uslm_only
703,170,uslm_only
703,172,uslm_only
703,611,both
703,617,uslm_only
703,702,both
703,901,uslm_only
704,702,uslm_only
704,706,uslm_only
704,1031,both
705,613A,uslm_only
705,703,uslm_only
705,722,uslm_only
705,733,uslm_only
705,742,uslm_only
706,441,uslm_only
706,584,uslm_only
706,644,uslm_only
706,702,uslm_only
706,707,uslm_only
706,755,uslm_only
706,1378,both
707,61,uslm_only
707,162,uslm_only
707,263,uslm_only
707,267,both
707,1221,both
709,165,uslm_only
721,351,both
721,367,uslm_only
722,721,both
723,721,both
724,351,uslm_only
724,751,both
724,1231,uslm_only
731,732,uslm_only
731,733,both
731,734,both
731,736,uslm_only
731,737,both
731,751,both
731,1092,both
732,743,uslm_only
732,751,uslm_only
732,754,uslm_only
732,1504,uslm_only
733,732,uslm_only
734,731,uslm_only
734,732,uslm_only
734,743,both
734,754,both
734,755,uslm_only
735,351,uslm_only
735,751,both
735,1223,uslm_only
735,1231,uslm_only
736,707,uslm_only
736,751,both
737,704,both
737,731,uslm_only
737,751,both
741,751,uslm_only
743,704,uslm_only
743,732,uslm_only
743,734,uslm_only
743,754,both
743,755,uslm_only
751,617,uslm_only
751,731,uslm_only
751,732,uslm_only
751,736,uslm_only
751,741,uslm_only
751,992,uslm_only
751,995,uslm_only
751,1221,uslm_only
751,1231,uslm_only
751,1245,uslm_only
751,1248,both
751,1250,uslm_only
751,1252,uslm_only
751,1253,uslm_only
751,1254,uslm_only
751,1278,uslm_only
751,1283,uslm_only
753,691,uslm_only
753,736,both
754,734,uslm_only
754,743,uslm_only
755,267,both
755,707,both
755,734,both
755,743,uslm_only
755,1231,uslm_only
761,469,both
761,704,uslm_only
761,706,uslm_only
761,708,uslm_only
761,743,uslm_only
801,11,both
803,807,both
804,805,uslm_only
805,72,both
805,163,uslm_only
805,170,both
805,171,both
805,172,uslm_only
805,243,both
805,245,both
805,246,uslm_only
805,264,both
805,807,both
805,808,both
805,811,uslm_only
805,812,both
805,1212,uslm_only
805,1504,both
807,264,uslm_only
807,381,uslm_only
807,481,uslm_only
807,803,uslm_only
807,805,uslm_only
807,811,uslm_only
807,816,both
807,817,uslm_only
807,846,uslm_only
808,419,both
808,809,uslm_only
808,811,uslm_only
811,103,both
811,171,both
811,443,uslm_only
811,808,both
811,816,both
811,1273,both
812,805,uslm_only
812,807,uslm_only
814,367,uslm_only
814,881,uslm_only
814,882,uslm_only
814,1442,uslm_only
816,831,uslm_only
816,842,uslm_only
817,72,uslm_only
817,805,both
817,807,uslm_only
817,816,uslm_only
817,851,uslm_only
817,7702,uslm_only
817A,72,uslm_only
817A,807,both
817A,811,uslm_only
817A,816,both
817A,817,both
817A,7702,uslm_only
817A,7702A,uslm_only
818,101,uslm_only
818,165,uslm_only
818,167,uslm_only
818,401,uslm_only
818,403,uslm_only
818,408,both
818,414,both
818,457,uslm_only
818,501,uslm_only
818,805,uslm_only
818,807,both
818,808,uslm_only
818,861,both
818,862,both
818,863,both
818,1016,both
818,1221,uslm_only
818,1223,uslm_only
818,1231,uslm_only
818,1501,both
818,1504,uslm_only
818,7702B,uslm_only
831,1,uslm_only
831,11,both
831,172,both
831,267,uslm_only
831,501,uslm_only
831,707,uslm_only
831,816,uslm_only
831,842,uslm_only
831,1563,both
832,11,uslm_only
832,103,both
832,162,uslm_only
832,163,uslm_only
832,164,uslm_only
832,165,both
832,167,uslm_only
832,170,uslm_only
832,243,both
832,245,both
832,264,uslm_only
832,381,uslm_only
832,501,both
832,611,uslm_only
832,805,both
832,807,uslm_only
832,816,both
832,831,both
832,834,uslm_only
832,835,both
832,846,uslm_only
832,1212,uslm_only
832,1501,uslm_only
832,1504,both
833,243,uslm_only
833,245,uslm_only
833,832,both
834,103,both
834,164,both
834,167,uslm_only
834,171,both
834,172,both
834,246,uslm_only
834,248,uslm_only
834,611,uslm_only
834,831,both
834,1212,uslm_only
834,1273,uslm_only
835,11,uslm_only
835,831,uslm_only
841,801,both
841,831,uslm_only
841,832,both
841,901,uslm_only
841,904,uslm_only
841,906,uslm_only
842,103,uslm_only
842,807,uslm_only
842,816,both
842,834,both
842,881,both
842,894,uslm_only
845,482,uslm_only
846,430,uslm_only
846,807,both
848,197,both
848,220,both
848,223,both
848,803,uslm_only
848,807,both
848,808,uslm_only
848,811,both
848,816,both
848,818,both
848,842,uslm_only
848,1563,both
851,11,uslm_only
851,103,uslm_only
851,512,uslm_only
851,584,uslm_only
851,951,uslm_only
851,959,uslm_only
851,1293,uslm_only
851,7704,both
852,11,uslm_only
852,103,both
852,171,both
852,172,both
852,241,uslm_only
852,246,both
852,248,uslm_only
852,265,both
852,301,both
852,311,both
852,443,uslm_only
852,454,uslm_only
852,561,both
852,562,uslm_only
852,851,both
852,853,uslm_only
852,855,both
852,860,both
852,897,uslm_only
852,1212,both
852,4982,both
852,6621,both
853,164,both
853,851,uslm_only
853,852,both
853,901,both
853,7701,uslm_only
853A,1,uslm_only
853A,54,both
853A,54A,cornell_target_not_in_uslm
853A,54AA,both
853A,852,both
853A,855,both
853A,1397E,both
854,1,uslm_only
854,243,both
854,246,both
854,246A,uslm_only
854,501,uslm_only
854,521,uslm_only
854,852,both
854,856,uslm_only
855,852,uslm_only
855,853,both
856,11,uslm_only
856,52,uslm_only
856,318,both
856,355,uslm_only
856,356,uslm_only
856,401,uslm_only
856,467,both
856,475,uslm_only
856,501,uslm_only
856,511,uslm_only
856,512,both
856,542,both
856,544,both
856,562,uslm_only
856,582,uslm_only
856,631,uslm_only
856,857,both
856,985,uslm_only
856,987,uslm_only
856,988,both
856,989,both
856,1221,both
856,1272,uslm_only
856,1275,both
856,1361,both
856,4975,uslm_only
856,6110,both
856,7701,both
856,7872,uslm_only
857,1,uslm_only
857,11,uslm_only
857,172,both
857,241,uslm_only
857,243,uslm_only
857,246,both
857,248,uslm_only
857,302,both
857,337,uslm_only
857,443,uslm_only
857,467,uslm_only
857,482,both
857,561,both
857,562,uslm_only
857,856,both
857,858,both
857,860,both
857,860E,both
857,897,uslm_only
857,988,both
857,1031,both
857,1033,both
857,1221,both
857,1272,both
857,4981,uslm_only
858,857,uslm_only
859,442,uslm_only
859,856,uslm_only
860,561,both
860,852,both
860,855,uslm_only
860,857,both
860,858,uslm_only
860,6501,uslm_only
860,6601,both
860,7121,uslm_only
860B,1272,uslm_only
860B,1274,uslm_only
860C,212,uslm_only
860C,703,both
860C,860E,uslm_only
860C,860G,uslm_only
860C,1276,both
860C,1277,uslm_only
860D,860E,both
860D,860F,both
860E,11,uslm_only
860E,55,both
860E,168,uslm_only
860E,172,both
860E,511,uslm_only
860E,521,both
860E,817,both
860E,857,uslm_only
860E,860C,uslm_only
860E,1274,both
860E,1381,uslm_only
860F,171,uslm_only
860F,860E,both
860F,1091,both
860F,1276,both
860F,7701,both
860G,11,uslm_only
860G,216,uslm_only
860G,856,both
860G,857,both
860G,860D,uslm_only
860G,871,both
860G,881,both
860G,1273,both
860G,1441,both
860G,1442,both
861,86,both
861,243,both
861,245,uslm_only
861,832,both
861,862,uslm_only
861,865,uslm_only
861,871,both
861,884,uslm_only
861,897,both
861,901,both
861,992,both
861,993,uslm_only
861,995,uslm_only
861,1245,both
861,1563,both
862,861,uslm_only
862,865,both
862,897,both
863,638,both
863,861,uslm_only
863,862,uslm_only
863,865,both
864,174,both
864,174A,uslm_only
864,243,both
864,245,uslm_only
864,246A,uslm_only
864,267,both
864,332,uslm_only
864,351,uslm_only
864,354,uslm_only
864,355,uslm_only
864,356,uslm_only
864,361,uslm_only
864,581,both
864,591,both
864,861,uslm_only
864,862,both
864,863,uslm_only
864,871,both
864,881,uslm_only
864,882,both
864,897,uslm_only
864,904,uslm_only
864,936,both
864,951,uslm_only
864,952,uslm_only
864,954,both
864,956,uslm_only
864,957,both
864,958,uslm_only
864,1221,uslm_only
864,1504,both
865,168,uslm_only
865,861,uslm_only
865,862,uslm_only
865,863,uslm_only
865,864,both
865,877,both
865,904,uslm_only
865,907,uslm_only
865,911,both
865,931,uslm_only
865,933,uslm_only
865,960,uslm_only
865,971,both
865,988,uslm_only
865,1221,uslm_only
865,1248,uslm_only
865,1504,both
865,7701,both
871,1,both
871,55,both
871,86,both
871,103,uslm_only
871,163,uslm_only
871,265,uslm_only
871,267,both
871,291,uslm_only
871,318,both
871,401,both
871,402,uslm_only
871,403,uslm_only
871,501,uslm_only
871,591,both
871,631,both
871,707,uslm_only
871,852,both
871,855,both
871,861,both
871,864,both
871,877,uslm_only
871,881,both
871,891,uslm_only
871,896,uslm_only
871,897,uslm_only
871,1092,both
871,1202,uslm_only
871,1212,uslm_only
871,1272,both
871,1273,both
871,1286,uslm_only
871,1441,both
871,1504,both
871,4948,uslm_only
871,6013,uslm_only
873,151,uslm_only
873,165,both
873,170,uslm_only
873,871,uslm_only
873,906,uslm_only
874,31,uslm_only
874,33,uslm_only
874,34,uslm_only
874,151,uslm_only
874,901,uslm_only
874,906,uslm_only
876,1,uslm_only
876,931,uslm_only
876,933,uslm_only
877,1,uslm_only
877,38,uslm_only
877,55,uslm_only
877,165,uslm_only
877,267,both
877,707,both
877,871,uslm_only
877,872,both
877,873,uslm_only
877,877A,uslm_only
877,903,uslm_only
877,951,both
877,957,both
877,958,uslm_only
877,1212,uslm_only
877,2107,uslm_only
877,2501,uslm_only
877,6039G,uslm_only
877,7701,both
877A,1,uslm_only
877A,72,uslm_only
877A,83,both
877A,219,uslm_only
877A,220,uslm_only
877A,223,uslm_only
877A,408,uslm_only
877A,409A,uslm_only
877A,529,uslm_only
877A,529A,uslm_only
877A,530,uslm_only
877A,684,uslm_only
877A,871,uslm_only
877A,877,both
877A,1091,both
877A,1441,uslm_only
877A,2801,uslm_only
877A,6325,uslm_only
877A,6601,uslm_only
877A,7701,both
878,512,uslm_only
878,4948,uslm_only
879,911,uslm_only
879,1402,uslm_only
879,6013,both
879,7703,uslm_only
881,163,uslm_only
881,318,both
881,631,both
881,864,both
881,871,both
881,884,uslm_only
881,891,uslm_only
881,954,uslm_only
881,957,both
881,1273,both
881,1442,uslm_only
881,7701,uslm_only
882,1,uslm_only
882,11,uslm_only
882,33,uslm_only
882,34,uslm_only
882,55,uslm_only
882,59A,uslm_only
882,170,both
882,541,uslm_only
882,631,both
882,871,both
882,881,both
882,897,uslm_only
882,901,uslm_only
882,906,uslm_only
882,6012,both
883,872,both
883,957,both
884,861,both
884,871,both
884,881,both
884,882,uslm_only
884,883,both
884,897,uslm_only
884,921,cornell_target_not_in_uslm
884,926,cornell_target_not_in_uslm
884,953,uslm_only
884,1441,both
884,1442,both
884,7701,both
885,842,uslm_only
885,864,uslm_only
885,896,uslm_only
885,906,uslm_only
885,1442,uslm_only
887,863,both
887,871,both
887,881,uslm_only
887,882,uslm_only
887,883,uslm_only
891,1,uslm_only
891,3,uslm_only
891,11,uslm_only
891,151,uslm_only
891,801,uslm_only
891,831,uslm_only
891,852,uslm_only
891,871,uslm_only
891,881,uslm_only
893,892,both
894,584,uslm_only
894,877,uslm_only
894,7852,uslm_only
897,55,both
897,165,both
897,267,both
897,301,both
897,302,both
897,318,both
897,331,both
897,704,both
897,707,both
897,857,both
897,861,both
897,871,uslm_only
897,882,uslm_only
897,894,uslm_only
897,1445,uslm_only
897,6039C,uslm_only
897,7704,both
898,951,uslm_only
898,953,both
898,958,both
901,26,uslm_only
901,78,both
901,164,uslm_only
901,246,both
901,275,both
901,338,both
901,482,both
901,611,both
901,613,both
901,642,uslm_only
901,672,uslm_only
901,703,uslm_only
901,754,uslm_only
901,853,both
901,876,uslm_only
901,904,uslm_only
901,906,uslm_only
901,931,uslm_only
901,936,uslm_only
901,957,uslm_only
901,960,both
901,992,both
901,1221,uslm_only
901,1235,both
901,6038,uslm_only
903,164,uslm_only
903,275,uslm_only
904,1,uslm_only
904,11,uslm_only
904,78,uslm_only
904,151,both
904,164,uslm_only
904,172,uslm_only
904,245A,both
904,250,both
904,267,uslm_only
904,316,both
904,318,uslm_only
904,332,uslm_only
904,351,both
904,368,uslm_only
904,381,uslm_only
904,642,uslm_only
904,666,uslm_only
904,667,uslm_only
904,721,both
904,861,uslm_only
904,863,both
904,864,both
904,865,both
904,901,uslm_only
904,902,both
904,907,both
904,922,cornell_target_not_in_uslm
904,923,cornell_target_not_in_uslm
904,927,cornell_target_not_in_uslm
904,936,uslm_only
904,951,both
904,951A,both
904,953,both
904,954,both
904,957,both
904,958,uslm_only
904,960,both
904,989,uslm_only
904,992,both
904,1212,uslm_only
904,1231,both
904,1248,uslm_only
904,1293,both
904,1297,both
904,1501,uslm_only
904,1504,both
904,1563,both
904,6724,uslm_only
904,7701,uslm_only
905,164,uslm_only
905,901,uslm_only
905,986,uslm_only
905,6511,uslm_only
906,871,uslm_only
906,873,uslm_only
906,882,uslm_only
906,884,uslm_only
906,901,uslm_only
906,904,uslm_only
907,11,uslm_only
907,172,both
907,901,both
907,904,both
907,960,both
908,78,uslm_only
908,275,uslm_only
908,901,both
908,960,uslm_only
908,993,uslm_only
908,999,both
909,245A,both
909,267,both
909,707,uslm_only
909,960,uslm_only
909,964,uslm_only
909,986,both
911,1,both
911,55,both
911,112,uslm_only
911,162,uslm_only
911,163,both
911,164,both
911,216,uslm_only
911,402,uslm_only
911,403,uslm_only
911,1250,both
911,6001,uslm_only
911,6011,uslm_only
911,6012,uslm_only
931,151,uslm_only
932,934,both
932,7654,both
933,151,both
934,932,uslm_only
934,958,both
937,865,uslm_only
937,876,uslm_only
937,881,uslm_only
937,901,uslm_only
937,911,both
937,957,uslm_only
937,3401,uslm_only
937,7654,uslm_only
937,7701,uslm_only
951,956,uslm_only
951,957,uslm_only
951,958,both
951,959,uslm_only
951,1293,uslm_only
951A,168,uslm_only
951A,535,uslm_only
951A,851,uslm_only
951A,904,uslm_only
951A,907,uslm_only
951A,951,both
951A,952,uslm_only
951A,953,uslm_only
951A,954,both
951A,958,both
951A,959,uslm_only
951A,961,uslm_only
951A,962,uslm_only
951A,993,uslm_only
951A,996,uslm_only
951A,1248,uslm_only
951A,6501,uslm_only
951A,6654,uslm_only
951A,6655,uslm_only
951B,951,both
951B,951A,both
951B,957,both
951B,958,both
951B,1297,both
952,162,uslm_only
952,312,both
952,884,both
952,901,both
952,904,uslm_only
952,951,both
952,953,both
952,954,both
952,999,both
952,1504,uslm_only
953,72,uslm_only
953,101,uslm_only
953,172,uslm_only
953,354,both
953,367,uslm_only
953,803,uslm_only
953,805,both
953,817,uslm_only
953,832,uslm_only
953,883,both
953,884,both
953,951,both
953,952,uslm_only
953,954,both
953,957,both
953,958,both
953,989,both
953,1248,both
953,1503,both
953,4371,both
953,7702,uslm_only
954,11,uslm_only
954,475,both
954,807,both
954,817,both
954,832,both
954,865,uslm_only
954,904,both
954,952,uslm_only
954,953,both
954,956,uslm_only
954,958,both
954,988,both
954,989,uslm_only
954,1058,both
954,1221,both
954,1231,uslm_only
954,1274,uslm_only
954,1504,both
956,316,both
956,475,uslm_only
956,864,uslm_only
956,951,uslm_only
956,952,uslm_only
956,953,uslm_only
956,954,both
956,958,both
956,959,both
957,933,uslm_only
957,953,uslm_only
957,958,both
957,7701,both
958,318,both
958,951,uslm_only
958,954,uslm_only
958,956,both
958,957,uslm_only
958,960,both
958,7701,uslm_only
959,316,both
959,951,both
959,958,uslm_only
959,960,uslm_only
959,1248,uslm_only
960,164,uslm_only
960,901,both
960,904,both
960,951,both
960,951A,both
960,959,both
961,245A,both
961,951,uslm_only
961,958,both
961,959,both
961,962,uslm_only
961,1059,uslm_only
962,1,uslm_only
962,11,both
962,55,uslm_only
962,951,uslm_only
962,959,uslm_only
962,960,both
964,162,both
964,245A,both
964,312,uslm_only
964,951,uslm_only
964,952,uslm_only
964,954,both
964,956,uslm_only
964,958,uslm_only
964,961,both
964,1248,both
964,6038,uslm_only
964,6046,uslm_only
965,11,uslm_only
965,15,uslm_only
965,78,both
965,172,uslm_only
965,461,both
965,705,uslm_only
965,856,uslm_only
965,857,uslm_only
965,901,both
965,951,both
965,952,both
965,959,both
965,960,both
965,961,uslm_only
965,964,uslm_only
965,986,uslm_only
965,1297,both
965,1367,uslm_only
965,1368,uslm_only
965,1504,both
965,6037,uslm_only
965,6501,uslm_only
965,7874,uslm_only
970,954,uslm_only
970,957,uslm_only
970,971,uslm_only
971,954,uslm_only
971,957,both
982,6501,uslm_only
982,6531,uslm_only
985,481,both
986,905,uslm_only
986,959,both
986,1293,both
988,162,both
988,212,both
988,267,both
988,475,uslm_only
988,707,both
988,904,both
988,911,both
988,954,uslm_only
988,1092,uslm_only
988,1256,both
988,1274,both
988,7701,both
988,7704,both
989,905,uslm_only
989,951,uslm_only
989,1248,uslm_only
989,1293,uslm_only
991,992,both
992,501,uslm_only
992,541,uslm_only
992,542,both
992,543,uslm_only
992,581,both
992,851,both
992,993,uslm_only
993,3,uslm_only
993,174,both
993,613,both
993,613A,uslm_only
993,951,both
993,1563,both
993,7701,uslm_only
994,482,both
995,31,both
995,32,both
995,34,both
995,162,uslm_only
995,351,uslm_only
995,355,uslm_only
995,368,uslm_only
995,511,both
995,512,uslm_only
995,992,uslm_only
995,993,both
995,996,both
995,999,uslm_only
995,1221,both
995,1231,both
995,6601,uslm_only
996,951,both
996,992,both
996,995,both
996,2032,uslm_only
999,304,both
999,908,uslm_only
999,951,both
999,952,uslm_only
999,993,both
999,995,both
999,6671,both
1001,164,both
1001,1011,uslm_only
1001,1014,uslm_only
1001,1015,uslm_only
1001,1041,uslm_only
1011,170,uslm_only
1011,1012,uslm_only
1011,1016,uslm_only
1012,164,both
1012,6045,uslm_only
1014,72,uslm_only
1014,691,uslm_only
1014,811,uslm_only
1014,992,uslm_only
1014,995,uslm_only
1014,996,uslm_only
1014,2001,uslm_only
1014,2031,uslm_only
1014,2032,uslm_only
1014,2032A,uslm_only
1014,2044,uslm_only
1014,6018,uslm_only
1014,6035,both
1015,1016,uslm_only
1015,1041,uslm_only
1015,2503,uslm_only
1015,2513,uslm_only
1015,2521,uslm_only
1015,2522,uslm_only
1015,2523,uslm_only
1016,1,uslm_only
1016,23,uslm_only
1016,25C,uslm_only
1016,25D,uslm_only
1016,30B,uslm_only
1016,30C,uslm_only
1016,30D,uslm_only
1016,38,uslm_only
1016,45F,uslm_only
1016,45G,uslm_only
1016,45L,uslm_only
1016,50,uslm_only
1016,59,uslm_only
1016,75,both
1016,77,uslm_only
1016,137,uslm_only
1016,167,uslm_only
1016,171,uslm_only
1016,173,uslm_only
1016,174,uslm_only
1016,174A,uslm_only
1016,179B,uslm_only
1016,179D,uslm_only
1016,266,uslm_only
1016,268,uslm_only
1016,272,uslm_only
1016,614,uslm_only
1016,616,uslm_only
1016,811,uslm_only
1016,961,both
1016,1020,uslm_only
1016,1034,uslm_only
1016,1042,uslm_only
1016,1043,uslm_only
1016,1045,uslm_only
1016,1059,uslm_only
1016,1367,both
1016,1397B,uslm_only
1016,2001,uslm_only
1016,2032,uslm_only
1016,2032A,both
1016,4064,uslm_only
1016,6601,uslm_only
1017,108,both
1017,522,uslm_only
1017,1221,uslm_only
1017,1245,both
1017,1250,both
1017,1501,both
1019,109,uslm_only
1023,301,uslm_only
1031,267,both
1031,357,uslm_only
1031,707,uslm_only
1031,761,uslm_only
1031,1033,both
1031,1035,uslm_only
1031,1036,uslm_only
1031,1037,uslm_only
1032,362,uslm_only
1032,1234B,both
1033,121,uslm_only
1033,165,uslm_only
1033,179,uslm_only
1033,267,both
1033,707,uslm_only
1033,1012,uslm_only
1033,1017,both
1033,1223,uslm_only
1033,1231,uslm_only
1033,6212,both
1033,6501,uslm_only
1035,1031,uslm_only
1036,351,both
1036,1031,uslm_only
1037,454,both
1037,1031,both
1037,1271,uslm_only
1038,121,uslm_only
1038,691,both
1040,2032A,both
1042,83,uslm_only
1042,165,uslm_only
1042,304,uslm_only
1042,318,both
1042,368,uslm_only
1042,401,uslm_only
1042,409,uslm_only
1042,422,uslm_only
1042,423,uslm_only
1042,424,uslm_only
1042,581,uslm_only
1042,954,both
1042,1278,uslm_only
1042,1362,uslm_only
1042,1504,both
1042,1563,both
1042,4975,both
1042,4978,both
1042,4979A,both
1043,1012,uslm_only
1045,1012,both
1045,1202,both
1045,1223,uslm_only
1052,113,uslm_only
1053,1016,uslm_only
1054,162,uslm_only
1055,163,uslm_only
1058,1236,both
1059,243,both
1059,246,both
1059,301,uslm_only
1059,302,uslm_only
1059,304,both
1059,318,uslm_only
1059,356,both
1059A,482,both
1060,197,both
1060,267,both
1060,318,both
1060,338,uslm_only
1060,707,both
1060,755,both
1060,1031,uslm_only
1060,6721,uslm_only
1061,1,uslm_only
1061,2,uslm_only
1061,83,both
1061,318,uslm_only
1061,475,uslm_only
1062,2032A,uslm_only
1091,165,both
1091,1234B,uslm_only
1092,246,both
1092,263,both
1092,1091,uslm_only
1092,1221,both
1092,1233,both
1092,1256,both
1092,1501,both
1092,1504,both
1202,1,uslm_only
1202,41,uslm_only
1202,174,both
1202,174A,uslm_only
1202,195,uslm_only
1202,267,both
1202,304,uslm_only
1202,351,both
1202,368,uslm_only
1202,543,both
1202,613,both
1202,613A,uslm_only
1202,707,both
1202,1223,uslm_only
1202,1244,both
1202,1397C,uslm_only
1202,1563,both
1202,7703,uslm_only
1212,151,both
1212,165,uslm_only
1212,172,both
1212,851,both
1212,856,both
1212,1211,both
1212,1256,both
1221,167,uslm_only
1221,1256,both
1222,1211,both
1222,1212,uslm_only
1223,307,uslm_only
1223,355,both
1223,356,uslm_only
1223,735,uslm_only
1223,1014,both
1223,1033,uslm_only
1223,1040,both
1223,1042,uslm_only
1223,1043,uslm_only
1223,1045,uslm_only
1223,1091,uslm_only
1223,1202,uslm_only
1223,1221,both
1223,1231,uslm_only
1223,1234B,uslm_only
1223,1256,both
1223,1397B,uslm_only
1223,2032A,both
1231,167,uslm_only
1231,631,both
1231,1211,uslm_only
1231,1221,uslm_only
1233,1092,both
1233,1223,uslm_only
1233,1234,both
1233,1234B,both
1233,1236,both
1234,1221,uslm_only
1234,1233,uslm_only
1234,1256,both
1234A,1234B,uslm_only
1234A,1256,uslm_only
1234B,1092,both
1234B,1221,uslm_only
1234B,1233,uslm_only
1234B,1256,both
1235,267,both
1235,707,uslm_only
1235,871,uslm_only
1236,582,uslm_only
1237,267,both
1239,167,uslm_only
1239,267,both
1239,318,both
1239,419,both
1242,172,uslm_only
1244,172,both
1244,243,both
1244,245,both
1244,368,both
1244,6013,uslm_only
1245,167,uslm_only
1245,168,both
1245,169,both
1245,179,both
1245,179B,both
1245,179C,both
1245,179D,both
1245,179E,both
1245,181,both
1245,188,both
1245,190,both
1245,193,both
1245,194,both
1245,197,both
1245,332,uslm_only
1245,351,uslm_only
1245,361,uslm_only
1245,511,uslm_only
1245,513,uslm_only
1245,521,both
1245,691,uslm_only
1245,721,uslm_only
1245,731,uslm_only
1245,751,both
1245,1031,both
1245,1033,uslm_only
1248,245A,uslm_only
1248,303,uslm_only
1248,311,both
1248,312,uslm_only
1248,337,both
1248,355,both
1248,361,both
1248,902,uslm_only
1248,922,cornell_target_not_in_uslm
1248,923,cornell_target_not_in_uslm
1248,951,uslm_only
1248,957,uslm_only
1248,958,both
1248,959,uslm_only
1248,1221,uslm_only
1248,1293,both
1249,958,both
1249,1231,uslm_only
1249,7701,both
1250,167,both
1250,168,both
1250,291,uslm_only
1250,332,uslm_only
1250,351,uslm_only
1250,361,uslm_only
1250,511,uslm_only
1250,513,uslm_only
1250,521,both
1250,691,uslm_only
1250,721,uslm_only
1250,731,uslm_only
1250,751,both
1250,1016,uslm_only
1250,1031,uslm_only
1250,1033,uslm_only
1250,1039,uslm_only
1250,1223,both
1250,1245,uslm_only
1252,175,uslm_only
1252,1245,both
1253,162,uslm_only
1254,263,both
1254,611,both
1254,614,uslm_only
1254,616,both
1254,617,both
1254,751,uslm_only
1254,1245,uslm_only
1255,126,both
1255,170,uslm_only
1255,751,uslm_only
1255,1245,both
1256,263,uslm_only
1256,461,both
1256,465,uslm_only
1256,1091,uslm_only
1256,1092,both
1256,1221,uslm_only
1256,1234B,uslm_only
1257,170,uslm_only
1257,751,uslm_only
1257,1245,both
1258,263,uslm_only
1258,461,both
1258,1092,both
1258,1256,both
1258,1274,both
1258,6621,uslm_only
1259,246,both
1259,267,both
1259,453,both
1259,707,uslm_only
1259,860G,uslm_only
1259,1092,uslm_only
1260,1,uslm_only
1260,55,uslm_only
1260,1274,both
1260,1297,both
1260,6601,both
1271,1272,both
1271,1286,both
1272,811,both
1273,1274,both
1274,121,both
1274,483,both
1274,1235,uslm_only
1274,1244,both
1274,1273,both
1274,1274A,both
1274,6420,both
1274,6662,both
1274A,1,uslm_only
1274A,38,uslm_only
1274A,48,uslm_only
1274A,483,both
1274A,1274,both
1275,72,both
1275,103,uslm_only
1275,163,both
1275,212,uslm_only
1275,483,both
1275,501,uslm_only
1275,1272,uslm_only
1275,1273,both
1275,1274,both
1275,6706,uslm_only
1276,103,both
1276,351,uslm_only
1276,354,both
1276,355,both
1276,356,both
1276,732,uslm_only
1276,871,both
1276,881,both
1276,1245,both
1276,1272,both
1276,1441,both
1276,1442,both
1276,6049,both
1277,265,uslm_only
1277,291,uslm_only
1277,585,both
1277,1276,both
1278,103,both
1278,368,both
1278,453B,both
1278,871,both
1278,881,both
1278,1012,uslm_only
1278,1272,uslm_only
1278,1275,both
1278,1276,both
1278,1277,both
1278,1441,both
1278,1442,both
1278,6049,both
1281,581,both
1281,1256,both
1281,1283,uslm_only
1282,1277,both
1282,1281,both
1282,1283,uslm_only
1283,454,uslm_only
1283,1271,both
1283,1273,both
1283,1275,both
1283,1281,both
1283,1282,both
1286,305,uslm_only
1286,1272,uslm_only
1286,1273,uslm_only
1286,1275,both
1287,163,uslm_only
1287,4701,both
1288,163,uslm_only
1288,483,uslm_only
1288,1272,both
1288,1273,both
1288,1274,uslm_only
1288,1275,uslm_only
1288,1283,both
1291,1,uslm_only
1291,11,uslm_only
1291,78,uslm_only
1291,475,uslm_only
1291,642,both
1291,901,both
1291,904,uslm_only
1291,957,both
1291,959,both
1291,1014,uslm_only
1291,1223,uslm_only
1291,1248,both
1291,1293,uslm_only
1291,1296,both
1291,6601,both
1291,6621,both
1293,11,uslm_only
1293,312,both
1293,902,uslm_only
1293,951,uslm_only
1293,957,both
1293,959,uslm_only
1293,960,both
1293,1298,both
1294,951,both
1294,1293,both
1294,6165,uslm_only
1294,6601,uslm_only
1296,851,uslm_only
1296,954,uslm_only
1296,1014,both
1296,1291,both
1297,951,uslm_only
1297,954,both
1297,958,uslm_only
1297,971,both
1297,1298,both
1298,174,both
1298,367,uslm_only
1298,531,both
1298,642,uslm_only
1298,951,both
1298,954,both
1298,957,uslm_only
1298,959,both
1298,1274,both
1298,1291,both
1298,1293,both
1298,1297,both
1301,1,uslm_only
1301,263A,uslm_only
1311,1312,uslm_only
1311,1313,uslm_only
1311,1314,uslm_only
1311,6212,uslm_only
1311,7122,uslm_only
1312,1015,uslm_only
1312,1311,both
1312,1313,uslm_only
1313,1504,both
1313,7121,uslm_only
1313,7701,uslm_only
1314,172,uslm_only
1314,1212,uslm_only
1314,1311,uslm_only
1314,1313,uslm_only
1314,6211,uslm_only
1341,172,both
1341,1212,both
1341,7701,both
1351,11,uslm_only
1351,27,uslm_only
1351,38,uslm_only
1351,111,uslm_only
1351,165,both
1351,166,uslm_only
1351,172,uslm_only
1351,801,uslm_only
1351,807,uslm_only
1351,1033,uslm_only
1351,1212,uslm_only
1351,1273,uslm_only
1351,1314,uslm_only
1352,11,both
1353,883,both
1355,52,both
1355,1354,both
1358,482,both
1358,1352,uslm_only
1359,6212,both
1361,152,both
1361,170,both
1361,351,both
1361,368,both
1361,401,both
1361,408,uslm_only
1361,408A,uslm_only
1361,465,uslm_only
1361,469,uslm_only
1361,481,uslm_only
1361,501,uslm_only
1361,581,uslm_only
1361,585,both
1361,593,both
1361,641,uslm_only
1361,643,uslm_only
1361,663,both
1361,664,both
1361,678,uslm_only
1361,1012,uslm_only
1361,1362,both
1361,1368,both
1362,338,uslm_only
1362,443,both
1362,542,both
1362,581,uslm_only
1362,1221,uslm_only
1362,1361,both
1362,1366,uslm_only
1362,1504,uslm_only
1363,248,both
1363,291,uslm_only
1363,471,both
1363,472,uslm_only
1363,617,uslm_only
1363,703,both
1363,901,uslm_only
1363,1362,both
1363,1366,both
1363,1367,both
1363,1371,both
1363,6601,uslm_only
1366,34,uslm_only
1366,465,uslm_only
1366,702,uslm_only
1366,704,uslm_only
1366,1041,uslm_only
1366,1367,both
1366,1374,both
1366,1375,both
1367,165,uslm_only
1367,166,uslm_only
1367,170,uslm_only
1367,613A,uslm_only
1367,691,uslm_only
1367,1014,uslm_only
1367,1366,uslm_only
1367,1368,uslm_only
1368,301,both
1368,302,both
1368,303,uslm_only
1368,1361,both
1368,1367,both
1371,49,both
1371,50,both
1371,481,both
1371,1362,uslm_only
1371,1368,both
1371,1377,uslm_only
1372,318,uslm_only
1373,904,uslm_only
1374,11,uslm_only
1374,34,both
1374,39,both
1374,453,uslm_only
1374,593,uslm_only
1374,1362,both
1374,1371,uslm_only
1374,1375,both
1375,11,uslm_only
1375,34,both
1375,63,both
1375,172,uslm_only
1375,248,uslm_only
1375,1362,uslm_only
1375,1374,uslm_only
1377,1313,uslm_only
1377,1362,both
1377,1366,uslm_only
1377,1368,both
1377,1371,uslm_only
1379,1362,uslm_only
1379,1372,uslm_only
1379,1375,uslm_only
1381,11,uslm_only
1381,501,uslm_only
1381,521,uslm_only
1382,1381,both
1382,1388,both
1383,1382,both
1385,1381,both
1385,1382,uslm_only
1388,381,both
1388,521,uslm_only
1388,1382,both
1388,1385,uslm_only
1391,1392,both
1391,1393,both
1392,143,both
1392,1391,both
1393,143,both
1393,168,uslm_only
1393,1391,uslm_only
1394,144,uslm_only
1394,146,uslm_only
1394,147,both
1394,150,uslm_only
1394,1391,both
1394,1397C,both
1394,1397D,uslm_only
1396,38,uslm_only
1396,51,uslm_only
1396,144,uslm_only
1396,381,both
1396,416,both
1396,2032A,uslm_only
1397,51,uslm_only
1397,52,both
1397,127,uslm_only
1397,267,uslm_only
1397,707,uslm_only
1397,1396,uslm_only
1397A,179,both
1397B,1012,both
1397B,1202,uslm_only
1397B,1223,uslm_only
1397B,1391,both
1397B,1397C,both
1397C,144,uslm_only
1397C,168,both
1397C,408,both
1397C,1221,uslm_only
1397C,1397,both
1397C,2032A,uslm_only
1397D,168,both
1397D,179,uslm_only
1398,1,uslm_only
1398,111,uslm_only
1398,170,uslm_only
1398,172,both
1398,442,uslm_only
1398,443,uslm_only
1398,503,uslm_only
1398,522,uslm_only
1398,1212,uslm_only
1398,7703,both
1399,1398,uslm_only
1401,3121,both
1401,7703,uslm_only
1402,107,uslm_only
1402,119,uslm_only
1402,151,both
1402,162,uslm_only
1402,164,uslm_only
1402,172,both
1402,199,both
1402,414,uslm_only
1402,631,both
1402,702,both
1402,707,both
1402,761,both
1402,911,both
1402,931,both
1402,933,uslm_only
1402,1256,both
1402,1401,both
1402,3121,both
1402,3201,uslm_only
1402,3211,uslm_only
1402,3231,uslm_only
1402,7873,uslm_only
1403,6017,uslm_only
1403,7651,uslm_only
1411,1,uslm_only
1411,2,uslm_only
1411,67,both
1411,170,uslm_only
1411,401,uslm_only
1411,403,uslm_only
1411,408,uslm_only
1411,408A,uslm_only
1411,457,uslm_only
1411,469,both
1411,475,both
1411,911,both
1411,1401,uslm_only
1411,6013,both
1411,7703,uslm_only
1441,117,both
1441,170,uslm_only
1441,501,both
1441,631,uslm_only
1441,638,uslm_only
1441,871,both
1441,874,both
1441,1273,uslm_only
1441,1451,both
1442,842,uslm_only
1442,871,uslm_only
1442,881,both
1442,882,uslm_only
1442,1441,uslm_only
1443,511,uslm_only
1443,512,both
1443,4948,uslm_only
1444,871,uslm_only
1444,881,uslm_only
1444,1441,both
1444,1442,both
1445,11,both
1445,301,uslm_only
1445,302,uslm_only
1445,871,both
1445,882,uslm_only
1445,897,both
1446,1,uslm_only
1446,11,uslm_only
1446,33,uslm_only
1446,613,uslm_only
1446,613A,uslm_only
1446,703,both
1446,704,both
1446,864,both
1446,1445,both
1446,6655,both
1471,475,both
1471,954,both
1471,1441,uslm_only
1471,1504,uslm_only
1471,6041,both
1471,6042,both
1471,6045,both
1471,6049,both
1472,937,uslm_only
1472,1471,both
1473,501,both
1473,581,both
1473,584,both
1473,664,uslm_only
1473,851,both
1473,856,both
1473,861,both
1473,871,both
1473,882,both
1473,1471,both
1473,4947,uslm_only
1474,1471,both
1474,3406,both
1474,6103,uslm_only
1501,1502,uslm_only
1503,34,uslm_only
1503,50,uslm_only
1503,108,both
1503,172,uslm_only
1503,312,both
1503,801,uslm_only
1503,1212,uslm_only
1503,1231,both
1503,1502,both
1503,1504,both
1504,243,uslm_only
1504,501,uslm_only
1504,542,uslm_only
1504,801,both
1504,992,both
1504,1563,both
1505,482,uslm_only
1505,6503,uslm_only
1561,535,both
1561,1563,uslm_only
1563,401,both
1563,501,both
1563,511,uslm_only
1563,801,both
1563,881,both
1563,3121,uslm_only
2001,2010,uslm_only
2001,2012,uslm_only
2001,2035,uslm_only
2001,2502,both
2001,2503,both
2001,2505,uslm_only
2001,2513,both
2001,2701,uslm_only
2001,6501,both
2010,1,uslm_only
2010,2001,both
2010,2521,both
2010,6501,uslm_only
2012,2001,uslm_only
2012,2010,uslm_only
2012,2055,uslm_only
2012,2056,uslm_only
2012,2106,uslm_only
2012,2503,both
2012,2513,uslm_only
2012,2522,uslm_only
2012,2523,uslm_only
2013,2001,both
2013,2010,uslm_only
2013,2012,uslm_only
2013,2014,uslm_only
2013,2032A,both
2013,2041,both
2013,2053,uslm_only
2013,2054,uslm_only
2013,2055,uslm_only
2013,2056,uslm_only
2013,2101,uslm_only
2013,2106,uslm_only
2014,2001,both
2014,2010,uslm_only
2014,2012,uslm_only
2014,2053,both
2014,2055,uslm_only
2014,2056,uslm_only
2014,6018,uslm_only
2014,6161,uslm_only
2014,6213,uslm_only
2014,6511,both
2014,6512,both
2015,2001,uslm_only
2015,2014,uslm_only
2015,2101,uslm_only
2015,6163,uslm_only
2016,2014,uslm_only
2016,6501,uslm_only
2031,170,uslm_only
2031,2001,uslm_only
2031,2032A,both
2031,2055,both
2031,2057,both
2031,7517,uslm_only
2032,2055,both
2032,2056,uslm_only
2032,2106,uslm_only
2032A,1,uslm_only
2032A,152,both
2032A,170,both
2032A,1014,uslm_only
2032A,1031,both
2032A,1033,both
2032A,1402,uslm_only
2032A,2001,both
2032A,2053,uslm_only
2032A,6166,uslm_only
2032A,6324B,both
2035,303,uslm_only
2035,672,uslm_only
2035,676,both
2035,2032A,uslm_only
2035,2036,both
2035,2037,both
2035,2038,both
2035,2042,both
2035,6019,both
2035,6166,both
2036,318,uslm_only
2036,2035,both
2037,2041,both
2041,2035,both
2041,2036,uslm_only
2041,2037,uslm_only
2043,2035,uslm_only
2043,2041,uslm_only
2043,2053,uslm_only
2043,2516,uslm_only
2044,2056,both
2044,2519,uslm_only
2044,2523,both
2045,2034,both
2046,2518,uslm_only
2051,2001,uslm_only
2053,2001,uslm_only
2053,2014,both
2053,2043,uslm_only
2053,2044,uslm_only
2053,2054,both
2053,2055,both
2053,2106,uslm_only
2053,6166,both
2053,6501,uslm_only
2053,6601,uslm_only
2054,2001,uslm_only
2055,170,both
2055,501,both
2055,508,both
2055,509,uslm_only
2055,642,uslm_only
2055,664,both
2055,2001,uslm_only
2055,2032,uslm_only
2055,2041,uslm_only
2055,4942,uslm_only
2055,4943,both
2055,4947,uslm_only
2055,4948,both
2055,4966,both
2055,7871,uslm_only
2056,170,uslm_only
2056,664,both
2056,2001,both
2056,2013,uslm_only
2056,2033,uslm_only
2056,2039,uslm_only
2056,2040,both
2056,2056A,both
2056,4975,both
2056A,303,uslm_only
2056A,643,uslm_only
2056A,1015,uslm_only
2056A,2001,both
2056A,2010,uslm_only
2056A,2014,uslm_only
2056A,2032,uslm_only
2056A,2032A,uslm_only
2056A,2055,uslm_only
2056A,2056,uslm_only
2056A,2058,uslm_only
2056A,2204,uslm_only
2056A,2501,both
2056A,2505,uslm_only
2056A,6161,uslm_only
2056A,6166,uslm_only
2056A,6324,uslm_only
2058,2001,uslm_only
2058,6018,uslm_only
2058,6161,uslm_only
2058,6166,uslm_only
2058,6213,uslm_only
2058,6511,uslm_only
2058,6512,uslm_only
2058,6532,uslm_only
2101,2001,both
2101,2106,uslm_only
2101,2107,uslm_only
2101,2503,both
2101,2511,uslm_only
2102,2010,uslm_only
2102,2012,both
2102,2013,both
2102,2101,uslm_only
2102,2209,uslm_only
2102,2505,both
2103,2031,both
2103,2101,uslm_only
2104,2035,uslm_only
2104,2105,both
2105,851,uslm_only
2105,871,both
2105,2104,uslm_only
2106,501,both
2106,2032,uslm_only
2106,2041,uslm_only
2106,2053,both
2106,2054,both
2106,2055,uslm_only
2106,2056,uslm_only
2106,2058,uslm_only
2106,2101,uslm_only
2106,2103,uslm_only
2106,6018,uslm_only
2106,7871,uslm_only
2107,877,uslm_only
2107,958,both
2107,2001,uslm_only
2107,2010,uslm_only
2107,2012,uslm_only
2107,2013,uslm_only
2107,2035,uslm_only
2107,2101,both
2107,2102,both
2107,2103,uslm_only
2107,2106,uslm_only
2108,2101,uslm_only
2201,112,both
2201,692,both
2201,2001,both
2201,2010,uslm_only
2201,2101,both
2204,6103,uslm_only
2204,6161,both
2204,6163,both
2204,6166,both
2204,6324A,uslm_only
2204,6501,uslm_only
2206,2056,uslm_only
2207,2041,uslm_only
2207,2056,uslm_only
2207A,2044,uslm_only
2207A,2519,uslm_only
2207B,664,both
2207B,2036,uslm_only
2501,501,uslm_only
2501,527,both
2501,877,uslm_only
2501,958,both
2501,1015,uslm_only
2501,2502,uslm_only
2501,2511,both
2502,2001,uslm_only
2502,2501,both
2503,1,uslm_only
2503,170,both
2503,213,both
2503,401,both
2503,417,uslm_only
2503,501,uslm_only
2503,509,uslm_only
2503,2514,uslm_only
2503,2522,uslm_only
2503,4942,both
2504,2001,both
2504,2502,both
2504,2521,both
2504,2701,uslm_only
2504,6501,both
2505,2010,uslm_only
2505,2501,both
2505,2502,uslm_only
2505,2521,both
2511,2501,both
2512,7517,uslm_only
2513,2514,uslm_only
2513,6212,uslm_only
2519,2056,both
2519,2207A,uslm_only
2519,2523,both
2522,170,both
2522,501,both
2522,508,both
2522,642,uslm_only
2522,664,both
2522,2055,both
2522,4943,both
2522,4948,both
2522,4966,both
2522,7871,uslm_only
2523,2044,both
2523,2056,both
2523,2503,both
2523,2515,both
2523,2515A,both
2523,2519,both
2523,6019,uslm_only
2523,6075,both
2524,2522,both
2524,2523,both
2602,2601,both
2603,2601,both
2603,2661,uslm_only
2611,2503,uslm_only
2612,2651,both
2622,2053,uslm_only
2624,2032,uslm_only
2624,2032A,uslm_only
2631,2010,both
2632,664,uslm_only
2632,2503,both
2632,2522,uslm_only
2632,2631,both
2632,2642,both
2632,6075,both
2641,2001,uslm_only
2642,2001,uslm_only
2642,2035,both
2642,2044,uslm_only
2642,2055,both
2642,2503,both
2642,2513,uslm_only
2642,2522,both
2642,2632,uslm_only
2642,2652,both
2642,6019,uslm_only
2642,6075,both
2651,511,uslm_only
2652,642,uslm_only
2652,664,uslm_only
2652,2055,uslm_only
2652,2056,both
2652,2203,uslm_only
2652,2513,uslm_only
2652,2523,both
2652,2653,uslm_only
2653,2651,both
2654,645,uslm_only
2654,1014,uslm_only
2654,1015,uslm_only
2654,2518,uslm_only
2654,2601,both
2654,2642,uslm_only
2661,2001,uslm_only
2661,2501,uslm_only
2661,2601,uslm_only
2662,2603,both
2663,2032A,uslm_only
2663,2652,uslm_only
2701,707,uslm_only
2701,2056,both
2701,2106,uslm_only
2701,2503,uslm_only
2701,2523,uslm_only
2702,2701,both
2702,2704,uslm_only
2702,7520,uslm_only
2704,2701,both
2801,164,both
2801,877A,uslm_only
2801,2001,both
2801,2055,uslm_only
2801,2056,uslm_only
2801,2503,both
2801,2522,uslm_only
2801,2523,uslm_only
3101,3121,both
3101,7703,uslm_only
3102,3101,both
3102,3121,both
3102,6051,both
3102,6053,both
3111,38,uslm_only
3111,41,both
3111,51,both
3111,501,uslm_only
3111,3121,both
3112,3111,both
3121,1,uslm_only
3121,74,uslm_only
3121,83,both
3121,101,uslm_only
3121,108,uslm_only
3121,117,uslm_only
3121,119,uslm_only
3121,125,both
3121,127,uslm_only
3121,129,uslm_only
3121,132,uslm_only
3121,134,uslm_only
3121,217,both
3121,274,uslm_only
3121,280G,both
3121,401,both
3121,402,both
3121,402A,uslm_only
3121,403,both
3121,408,both
3121,414,both
3121,422,both
3121,423,uslm_only
3121,457,both
3121,501,both
3121,509,uslm_only
3121,513,both
3121,521,uslm_only
3121,954,both
3121,1402,both
3121,1563,uslm_only
3121,3101,both
3121,3102,uslm_only
3121,3111,both
3121,3231,uslm_only
3121,3310,uslm_only
3121,4985,uslm_only
3121,5312,uslm_only
3121,6051,uslm_only
3121,6053,uslm_only
3121,6413,uslm_only
3121,6651,uslm_only
3121,7873,uslm_only
3122,3111,uslm_only
3122,3121,uslm_only
3124,3121,uslm_only
3125,3101,uslm_only
3125,3111,both
3125,3121,uslm_only
3126,3101,uslm_only
3126,3111,uslm_only
3127,1402,uslm_only
3127,3101,uslm_only
3127,3111,uslm_only
3131,41,uslm_only
3131,45A,uslm_only
3131,45P,uslm_only
3131,45S,uslm_only
3131,51,uslm_only
3131,106,uslm_only
3131,401,uslm_only
3131,414,both
3131,501,uslm_only
3131,3111,uslm_only
3131,3121,uslm_only
3131,3132,uslm_only
3131,3134,uslm_only
3131,3221,both
3131,3231,uslm_only
3131,5000,both
3131,5102,both
3131,6402,uslm_only
3131,6413,uslm_only
3131,6501,uslm_only
3131,6656,uslm_only
3132,41,uslm_only
3132,45A,uslm_only
3132,45P,uslm_only
3132,45S,uslm_only
3132,51,uslm_only
3132,106,uslm_only
3132,414,both
3132,501,uslm_only
3132,3111,uslm_only
3132,3121,uslm_only
3132,3131,both
3132,3134,uslm_only
3132,3221,both
3132,3231,uslm_only
3132,5000,both
3132,6402,uslm_only
3132,6413,uslm_only
3132,6501,uslm_only
3132,6656,uslm_only
3133,3111,uslm_only
3133,3131,uslm_only
3133,3132,uslm_only
3133,3221,uslm_only
3134,41,uslm_only
3134,45A,uslm_only
3134,45P,uslm_only
3134,45R,both
3134,45S,uslm_only
3134,51,both
3134,52,uslm_only
3134,106,uslm_only
3134,280C,both
3134,414,uslm_only
3134,448,both
3134,501,uslm_only
3134,1396,uslm_only
3134,3111,uslm_only
3134,3121,uslm_only
3134,3131,uslm_only
3134,3132,uslm_only
3134,3221,both
3134,3231,uslm_only
3134,3504,both
3134,3511,uslm_only
3134,4980H,both
3134,5000,both
3134,6033,uslm_only
3134,6213,uslm_only
3134,6402,uslm_only
3134,6413,uslm_only
3134,6501,uslm_only
3134,6511,uslm_only
3134,6656,uslm_only
3201,3101,both
3201,3231,uslm_only
3201,3241,uslm_only
3202,3201,both
3202,3231,uslm_only
3202,6051,both
3202,6053,uslm_only
3211,3101,uslm_only
3211,3111,uslm_only
3211,3231,uslm_only
3211,3241,uslm_only
3212,3231,uslm_only
3221,3111,both
3221,3231,uslm_only
3221,3241,uslm_only
3231,74,uslm_only
3231,106,uslm_only
3231,108,uslm_only
3231,117,uslm_only
3231,119,uslm_only
3231,127,uslm_only
3231,132,uslm_only
3231,422,both
3231,423,uslm_only
3231,1401,uslm_only
3231,3101,uslm_only
3231,3121,both
3231,3201,both
3231,3211,both
3231,3221,both
3231,6053,uslm_only
3241,3201,uslm_only
3241,3211,uslm_only
3241,3221,uslm_only
3301,3306,uslm_only
3302,3301,both
3302,3303,uslm_only
3302,3304,uslm_only
3302,6071,uslm_only
3302,7705,both
3303,501,both
3303,3302,both
3303,3304,both
3303,3511,uslm_only
3303,7705,both
3304,3302,uslm_only
3304,3303,both
3304,3305,uslm_only
3304,3306,both
3304,3309,both
3304,6402,both
3305,3301,uslm_only
3305,3302,uslm_only
3305,3304,uslm_only
3305,3306,uslm_only
3305,3310,uslm_only
3306,74,uslm_only
3306,106,uslm_only
3306,108,uslm_only
3306,117,uslm_only
3306,119,uslm_only
3306,125,both
3306,127,uslm_only
3306,129,uslm_only
3306,132,uslm_only
3306,134,uslm_only
3306,139B,uslm_only
3306,217,both
3306,274,uslm_only
3306,401,both
3306,402,uslm_only
3306,403,uslm_only
3306,408,both
3306,414,both
3306,422,both
3306,423,uslm_only
3306,501,both
3306,521,uslm_only
3306,3101,uslm_only
3306,3121,both
3306,3301,both
3306,3302,uslm_only
3306,3305,uslm_only
3306,6053,uslm_only
3308,3301,both
3309,501,uslm_only
3309,3304,both
3309,3306,uslm_only
3310,1254,uslm_only
3310,3303,uslm_only
3310,3304,uslm_only
3322,3307,both
3322,3308,both
3401,74,uslm_only
3401,83,both
3401,105,both
3401,106,uslm_only
3401,108,uslm_only
3401,112,uslm_only
3401,117,uslm_only
3401,127,uslm_only
3401,129,uslm_only
3401,132,uslm_only
3401,134,uslm_only
3401,139B,uslm_only
3401,217,both
3401,274,uslm_only
3401,401,uslm_only
3401,402,uslm_only
3401,403,uslm_only
3401,408,both
3401,409A,uslm_only
3401,457,both
3401,501,uslm_only
3401,911,uslm_only
3401,3121,both
3401,6053,both
3402,1,uslm_only
3402,2,uslm_only
3402,24,both
3402,62,uslm_only
3402,63,both
3402,77,uslm_only
3402,83,both
3402,85,both
3402,86,both
3402,151,both
3402,199A,both
3402,451,both
3402,1441,uslm_only
3402,1442,uslm_only
3402,3102,uslm_only
3402,3202,uslm_only
3402,3401,both
3402,3403,uslm_only
3402,3404,uslm_only
3402,3405,both
3402,3501,both
3402,6051,uslm_only
3402,6053,uslm_only
3402,7205,uslm_only
3402,7703,uslm_only
3405,401,both
3405,402,uslm_only
3405,403,uslm_only
3405,404,uslm_only
3405,414,uslm_only
3405,457,uslm_only
3405,877,both
3405,3402,both
3405,7701,both
3406,1,uslm_only
3406,31,uslm_only
3406,453,both
3406,3402,both
3406,6041,both
3406,6041A,both
3406,6042,uslm_only
3406,6044,uslm_only
3406,6045,both
3406,6049,both
3406,6050A,uslm_only
3406,6050N,uslm_only
3406,6050W,both
3406,6103,both
3406,7205,uslm_only
3406,7431,uslm_only
3502,3101,uslm_only
3502,3201,uslm_only
3502,3211,uslm_only
3505,3102,uslm_only
3505,3202,uslm_only
3505,3402,uslm_only
3505,3403,uslm_only
3505,6323,uslm_only
3508,401,uslm_only
3509,3121,uslm_only
3509,3401,uslm_only
3509,3402,uslm_only
3509,6041,both
3509,6041A,both
3509,6051,both
3509,6521,uslm_only
3510,31,uslm_only
3510,3121,uslm_only
3510,3306,uslm_only
3510,3402,uslm_only
3510,6157,both
3510,6654,both
3511,41,both
3511,45A,both
3511,45AA,both
3511,45B,both
3511,45C,both
3511,45R,both
3511,51,both
3511,267,uslm_only
3511,707,uslm_only
3511,1396,both
3511,3121,both
3511,3231,both
3511,3302,uslm_only
3511,3306,both
3511,7705,both
3512,168,both
3512,414,uslm_only
3512,3121,both
3512,3306,uslm_only
3512,3401,uslm_only
4041,40,both
4041,45K,both
4041,170,both
4041,501,both
4041,4081,both
4041,4083,both
4041,4221,both
4041,4261,both
4041,6420,uslm_only
4041,6421,uslm_only
4041,6427,both
4041,7701,both
4042,4041,both
4042,4081,both
4051,4071,both
4052,168,both
4052,4051,both
4052,4216,uslm_only
4052,4217,both
4052,5061,both
4053,4051,uslm_only
4064,6416,uslm_only
4072,4053,uslm_only
4073,4071,uslm_only
4081,4,uslm_only
4081,4042,uslm_only
4081,4101,both
4081,6427,both
4082,4041,both
4082,4043,both
4082,4081,both
4082,4101,both
4082,4221,both
4082,6421,uslm_only
4082,6427,both
4083,4041,both
4083,4043,both
4083,4261,both
4083,4271,both
4083,4281,uslm_only
4083,4282,uslm_only
4083,6717,uslm_only
4083,7342,both
4084,6420,uslm_only
4084,6421,uslm_only
4084,6427,uslm_only
4101,40,uslm_only
4101,40A,uslm_only
4101,40B,uslm_only
4101,45Z,uslm_only
4101,4041,both
4101,4081,uslm_only
4101,4222,both
4101,6323,both
4101,6416,both
4101,6426,uslm_only
4102,4083,both
4103,4041,both
4103,4081,uslm_only
4104,34,uslm_only
4104,40,uslm_only
4104,40A,uslm_only
4104,4041,both
4104,4222,both
4104,6426,both
4104,6427,both
4105,4081,uslm_only
4105,4101,uslm_only
4121,638,uslm_only
4131,4132,uslm_only
4132,4131,both
4132,4221,uslm_only
4132,4612,uslm_only
4132,7652,both
4161,1,uslm_only
4162,465,uslm_only
4162,4161,both
4162,4216,both
4182,52,both
4182,4181,both
4182,5811,uslm_only
4216,1504,both
4216,4217,both
4216,6416,both
4217,4064,both
4217,4216,both
4218,4071,uslm_only
4218,4121,uslm_only
4218,4223,uslm_only
4221,170,both
4221,501,uslm_only
4221,4051,uslm_only
4221,4053,uslm_only
4221,4064,both
4221,4071,both
4221,4081,both
4221,4121,both
4221,4131,uslm_only
4221,7701,both
4222,4053,uslm_only
4222,4064,uslm_only
4222,4101,uslm_only
4222,4182,uslm_only
4222,4221,both
4222,4293,uslm_only
4223,4216,uslm_only
4223,4218,both
4223,4221,both
4227,7871,uslm_only
4253,112,uslm_only
4253,170,uslm_only
4253,501,uslm_only
4253,4251,both
4253,4252,uslm_only
4253,7701,uslm_only
4254,4251,both
4261,1,uslm_only
4261,465,both
4261,4043,uslm_only
4261,4262,uslm_only
4261,4263,uslm_only
4261,4271,both
4261,4281,both
4261,4282,both
4263,4261,both
4271,4272,uslm_only
4272,4262,uslm_only
4281,4261,both
4281,4271,both
4282,1504,both
4282,4261,uslm_only
4282,4271,uslm_only
4291,4263,uslm_only
4293,4041,uslm_only
4293,4051,uslm_only
4293,4064,uslm_only
4293,4121,uslm_only
4371,4372,uslm_only
4372,4371,uslm_only
4373,882,uslm_only
4373,4371,both
4375,9832,uslm_only
4376,501,uslm_only
4377,4375,both
4377,4376,uslm_only
4401,4412,both
4402,4462,both
4403,6001,uslm_only
4405,4421,both
4411,4401,both
4413,4901,both
4413,4902,both
4413,4904,both
4413,4905,both
4413,4906,both
4414,4421,both
4421,501,uslm_only
4421,521,uslm_only
4423,7605,uslm_only
4424,6103,both
4424,7602,uslm_only
4462,4042,uslm_only
4462,4461,both
4475,7701,uslm_only
4482,4481,both
4483,4053,uslm_only
4483,4481,both
4483,6421,uslm_only
4483,7701,uslm_only
4484,7871,uslm_only
4501,317,both
4501,368,uslm_only
4501,851,both
4501,7704,both
4501,7874,both
4611,1,uslm_only
4612,38,uslm_only
4612,613,uslm_only
4612,638,uslm_only
4612,1504,both
4612,4611,both
4612,7652,both
4662,1221,uslm_only
4662,4221,both
4662,4612,uslm_only
4662,4661,both
4662,4672,both
4662,7652,both
4671,4611,both
4671,4661,both
4671,4662,uslm_only
4672,4662,uslm_only
4672,4671,uslm_only
4672,7652,both
4681,4671,both
4682,34,both
4682,4612,uslm_only
4682,4662,both
4682,4681,both
4682,7652,both
4701,149,uslm_only
4701,163,uslm_only
4901,4411,both
4903,4411,uslm_only
4905,4412,uslm_only
4907,4411,uslm_only
4911,170,both
4911,501,both
4912,501,both
4912,4955,uslm_only
4940,103,uslm_only
4940,167,uslm_only
4940,170,both
4940,265,uslm_only
4940,501,both
4940,507,uslm_only
4940,509,both
4940,511,both
4940,512,both
4940,611,uslm_only
4940,613,uslm_only
4940,1031,uslm_only
4940,4942,both
4940,4946,both
4941,74,both
4941,117,uslm_only
4941,170,uslm_only
4941,401,uslm_only
4941,404,uslm_only
4941,501,uslm_only
4941,503,both
4941,4946,both
4941,6212,uslm_only
4941,7872,uslm_only
4942,11,both
4942,103,uslm_only
4942,170,both
4942,265,uslm_only
4942,483,uslm_only
4942,501,both
4942,509,uslm_only
4942,513,both
4942,514,both
4942,4940,uslm_only
4942,4943,both
4942,4946,both
4942,4963,both
4942,6212,both
4942,6213,uslm_only
4943,501,uslm_only
4943,509,uslm_only
4943,512,uslm_only
4943,4942,both
4943,4946,both
4943,4947,uslm_only
4943,4958,both
4943,4966,both
4943,4975,uslm_only
4943,6212,both
4944,170,uslm_only
4944,6212,uslm_only
4945,74,both
4945,117,uslm_only
4945,170,uslm_only
4945,501,uslm_only
4945,509,both
4945,4940,both
4945,4942,uslm_only
4945,4946,uslm_only
4945,6212,uslm_only
4946,267,uslm_only
4946,507,uslm_only
4946,4941,uslm_only
4946,4943,uslm_only
4947,170,both
4947,501,uslm_only
4947,507,both
4947,508,uslm_only
4947,509,uslm_only
4947,545,both
4947,642,both
4947,664,uslm_only
4947,2055,both
4947,2106,both
4947,2522,both
4947,4941,uslm_only
4947,4943,both
4947,4944,both
4947,4945,uslm_only
4947,4975,uslm_only
4948,170,uslm_only
4948,501,both
4948,507,uslm_only
4948,508,uslm_only
4948,545,uslm_only
4948,642,uslm_only
4948,861,uslm_only
4948,2055,uslm_only
4948,2106,uslm_only
4948,2522,uslm_only
4948,4940,both
4948,4942,both
4948,4946,uslm_only
4948,6684,uslm_only
4951,267,uslm_only
4951,501,both
4951,6212,uslm_only
4952,192,uslm_only
4952,501,both
4952,6212,uslm_only
4953,192,both
4953,501,both
4953,4951,both
4953,4952,both
4955,501,both
4955,4945,both
4955,4958,uslm_only
4955,6212,both
4958,501,uslm_only
4958,507,both
4958,509,both
4958,4946,both
4958,4966,both
4958,6212,both
4959,501,both
4960,11,uslm_only
4960,115,uslm_only
4960,162,both
4960,280G,both
4960,402A,uslm_only
4960,403,both
4960,414,uslm_only
4960,457,uslm_only
4960,501,uslm_only
4960,509,both
4960,521,uslm_only
4960,527,uslm_only
4960,3401,both
4961,6213,uslm_only
4961,6502,both
4961,7421,uslm_only
4961,7422,uslm_only
4962,501,both
4962,4941,uslm_only
4962,4955,uslm_only
4963,4941,uslm_only
4963,4942,uslm_only
4963,4943,uslm_only
4963,4944,uslm_only
4963,4945,uslm_only
4963,4951,uslm_only
4963,4952,uslm_only
4963,4955,uslm_only
4963,4958,uslm_only
4963,4961,uslm_only
4963,4966,uslm_only
4963,4967,uslm_only
4963,4971,uslm_only
4963,4975,uslm_only
4963,6212,uslm_only
4963,6213,both
4965,11,uslm_only
4965,170,both
4965,457,both
4965,501,both
4965,529,uslm_only
4965,529A,uslm_only
4965,4973,uslm_only
4965,4979,uslm_only
4965,6707A,both
4965,7701,both
4966,170,both
4966,509,both
4966,4943,both
4966,4945,uslm_only
4967,4958,both
4968,25A,both
4968,509,both
4968,511,uslm_only
4968,4940,uslm_only
4971,275,uslm_only
4971,412,both
4971,413,uslm_only
4971,414,uslm_only
4971,430,both
4971,431,uslm_only
4971,432,both
4971,433,both
4972,401,both
4972,403,uslm_only
4972,404,both
4972,408,both
4972,412,both
4972,431,both
4972,447,uslm_only
4972,501,uslm_only
4972,4980,both
4973,72,uslm_only
4973,106,uslm_only
4973,138,uslm_only
4973,219,both
4973,220,both
4973,223,both
4973,402,both
4973,403,both
4973,408,both
4973,408A,both
4973,415,uslm_only
4973,457,both
4973,529A,both
4973,530,both
4973,530A,uslm_only
4974,401,both
4974,403,uslm_only
4974,408,uslm_only
4974,457,uslm_only
4974,501,uslm_only
4974,6212,uslm_only
4975,1,uslm_only
4975,220,both
4975,223,uslm_only
4975,267,uslm_only
4975,270,uslm_only
4975,318,uslm_only
4975,401,both
4975,402,both
4975,403,uslm_only
4975,406,uslm_only
4975,408,both
4975,409,both
4975,410,uslm_only
4975,414,both
4975,475,both
4975,501,uslm_only
4975,530,both
4975,581,uslm_only
4975,664,uslm_only
4975,1362,both
4975,1368,uslm_only
4975,6212,uslm_only
4975,7701,both
4976,419,both
4976,419A,uslm_only
4976,505,both
4976,512,both
4977,132,uslm_only
4977,414,both
4978,72,both
4978,332,both
4978,368,both
4978,401,uslm_only
4978,409,uslm_only
4978,411,both
4978,664,both
4978,1042,both
4978,4975,uslm_only
4978,4979A,both
4979,401,both
4979,403,uslm_only
4979,408,uslm_only
4979,414,uslm_only
4979,501,uslm_only
4979A,409,uslm_only
4979A,664,both
4979A,1042,both
4979A,4978,uslm_only
4980,401,both
4980,403,uslm_only
4980,409,both
4980,414,both
4980,415,both
4980,420,uslm_only
4980,4975,uslm_only
4980B,35,uslm_only
4980B,213,both
4980B,401,both
4980B,414,both
4980B,861,uslm_only
4980B,911,uslm_only
4980B,1561,uslm_only
4980B,5000,uslm_only
4980B,7702B,uslm_only
4980C,21,uslm_only
4980C,22,uslm_only
4980C,24,uslm_only
4980C,25,uslm_only
4980C,7702B,both
4980D,414,both
4980D,1561,uslm_only
4980D,9803,uslm_only
4980D,9811,uslm_only
4980D,9826,both
4980D,9832,both
4980E,220,both
4980E,414,both
4980F,401,both
4980F,410,uslm_only
4980F,411,both
4980F,412,uslm_only
4980F,414,both
4980F,501,uslm_only
4980F,1561,uslm_only
4980G,414,uslm_only
4980G,4980E,both
4980H,36B,uslm_only
4980H,275,uslm_only
4980H,414,uslm_only
4980H,5000A,both
4981,561,both
4981,857,both
4981,858,uslm_only
4981,860,both
4981,1222,both
4982,401,uslm_only
4982,501,uslm_only
4982,561,both
4982,817,both
4982,852,both
4982,855,uslm_only
4982,860,both
4982,988,both
4982,1222,both
4982,1256,uslm_only
4982,1296,uslm_only
4985,1,uslm_only
4985,83,both
4985,267,both
4985,280G,uslm_only
4985,1504,both
4985,7874,both
4999,280G,uslm_only
4999,3401,uslm_only
4999,3402,uslm_only
5000,52,both
5000,414,both
5000A,1,uslm_only
5000A,36B,both
5000A,45A,both
5000A,151,uslm_only
5000A,152,uslm_only
5000A,501,uslm_only
5000A,911,both
5000A,937,both
5000A,1311,both
5000A,1402,uslm_only
5000A,6012,both
5000D,4132,both
5000D,4612,uslm_only
5000D,4662,both
5001,1563,uslm_only
5001,5002,both
5001,5051,both
5001,5214,uslm_only
5001,5232,uslm_only
5001,5314,uslm_only
5001,5511,uslm_only
5001,6611,both
5001,6621,both
5001,7510,uslm_only
5001,7652,uslm_only
5002,5102,uslm_only
5002,5121,uslm_only
5002,5122,uslm_only
5003,5008,uslm_only
5003,5214,uslm_only
5003,5232,uslm_only
5003,5313,uslm_only
5003,5373,uslm_only
5003,5505,uslm_only
5003,5511,uslm_only
5003,7510,uslm_only
5003,7653,uslm_only
5004,5001,both
5004,5214,uslm_only
5004,5223,uslm_only
5004,7510,uslm_only
5005,5001,uslm_only
5005,5008,both
5005,5043,uslm_only
5005,5173,uslm_only
5005,5212,uslm_only
5005,5214,uslm_only
5005,5223,uslm_only
5005,5391,uslm_only
5005,7510,uslm_only
5006,5008,uslm_only
5006,5213,uslm_only
5006,6501,uslm_only
5007,5001,uslm_only
5007,5006,uslm_only
5007,5061,uslm_only
5007,5232,both
5007,5688,uslm_only
5007,6201,uslm_only
5008,5001,both
5008,5006,uslm_only
5008,5066,uslm_only
5008,5214,both
5008,5215,uslm_only
5008,5373,uslm_only
5008,7652,both
5010,5001,both
5010,5006,both
5010,5041,both
5010,5114,uslm_only
5011,38,uslm_only
5011,5005,uslm_only
5011,6621,both
5041,5042,both
5041,5051,both
5041,6611,both
5041,6621,both
5042,5362,uslm_only
5042,5370,uslm_only
5042,5372,uslm_only
5043,5061,uslm_only
5043,5362,uslm_only
5043,5364,uslm_only
5044,5041,uslm_only
5044,5361,both
5051,1563,uslm_only
5051,5053,uslm_only
5051,5054,both
5051,6611,both
5051,6621,both
5052,5053,uslm_only
5053,5362,both
5054,5051,both
5054,5053,uslm_only
5054,5061,uslm_only
5054,5418,uslm_only
5056,5222,uslm_only
5061,1563,uslm_only
5061,5001,both
5061,5006,both
5061,5041,both
5061,5043,uslm_only
5061,5051,both
5061,5054,both
5061,5505,uslm_only
5061,7503,both
5061,7652,uslm_only
5066,5001,uslm_only
5066,5062,both
5066,5214,both
5067,5001,both
5067,5041,both
5067,5051,both
5101,5601,uslm_only
5101,5615,uslm_only
5101,5687,uslm_only
5114,6665,uslm_only
5121,5123,uslm_only
5121,5207,uslm_only
5121,5603,uslm_only
5122,5121,uslm_only
5122,5123,uslm_only
5124,5121,uslm_only
5124,5122,uslm_only
5131,5121,both
5131,5206,uslm_only
5132,5121,uslm_only
5132,5687,uslm_only
5132,7302,uslm_only
5171,5271,uslm_only
5171,5601,uslm_only
5172,5171,uslm_only
5173,5214,uslm_only
5173,5354,both
5173,5551,uslm_only
5173,7510,uslm_only
5175,5173,both
5176,5173,both
5176,5175,uslm_only
5177,5173,uslm_only
5177,5175,uslm_only
5177,5551,both
5177,5601,uslm_only
5177,5615,uslm_only
5178,5171,uslm_only
5178,5235,uslm_only
5178,5552,uslm_only
5178,5601,both
5179,5101,uslm_only
5179,5601,uslm_only
5179,5615,uslm_only
5180,5681,uslm_only
5181,5212,uslm_only
5181,5214,uslm_only
5182,5121,uslm_only
5182,5122,uslm_only
5203,5687,uslm_only
5206,5204,uslm_only
5206,5301,uslm_only
5206,5604,uslm_only
5206,5613,uslm_only
5207,5603,uslm_only
5207,5615,uslm_only
5211,5214,uslm_only
5211,5223,uslm_only
5212,5001,both
5212,5235,both
5213,5173,uslm_only
5214,170,both
5214,501,uslm_only
5214,5002,both
5214,5066,uslm_only
5214,5175,uslm_only
5214,5181,uslm_only
5214,5241,uslm_only
5214,5242,uslm_only
5214,5271,uslm_only
5214,5273,both
5214,5362,uslm_only
5214,5373,uslm_only
5214,7510,uslm_only
5215,5001,both
5215,5008,uslm_only
5221,5601,uslm_only
5221,5615,uslm_only
5222,5042,both
5222,5053,uslm_only
5222,5362,uslm_only
5222,5601,uslm_only
5222,5615,uslm_only
5231,5211,both
5244,5214,uslm_only
5244,5271,uslm_only
5271,5214,both
5272,5271,uslm_only
5273,5001,uslm_only
5273,5002,uslm_only
5273,5214,both
5273,5607,uslm_only
5275,5214,uslm_only
5291,5002,uslm_only
5291,5605,uslm_only
5301,5002,both
5301,5606,uslm_only
5314,5001,uslm_only
5314,5214,uslm_only
5314,7652,uslm_only
5351,5042,both
5351,5551,uslm_only
5354,5041,uslm_only
5355,5354,uslm_only
5355,5551,uslm_only
5361,5351,uslm_only
5362,5043,uslm_only
5363,5352,uslm_only
5364,5381,uslm_only
5373,5008,uslm_only
5381,5382,uslm_only
5382,5383,uslm_only
5382,5384,uslm_only
5382,5511,both
5384,5383,uslm_only
5385,5382,uslm_only
5386,5382,uslm_only
5387,5382,uslm_only
5391,5001,both
5392,5381,uslm_only
5392,5385,uslm_only
5392,5386,uslm_only
5392,5387,uslm_only
5401,5053,uslm_only
5401,5414,uslm_only
5401,5551,uslm_only
5402,5052,uslm_only
5403,5551,uslm_only
5403,5552,uslm_only
5412,5222,uslm_only
5412,5414,both
5413,5054,uslm_only
5505,5179,uslm_only
5505,5203,uslm_only
5505,5501,both
5505,5504,uslm_only
5505,5552,uslm_only
5505,5553,uslm_only
5505,5555,uslm_only
5505,5556,uslm_only
5505,5601,uslm_only
5511,5178,uslm_only
5511,5179,uslm_only
5511,5203,uslm_only
5511,5382,uslm_only
5512,5001,uslm_only
5551,5061,both
5555,5051,uslm_only
5558,7608,uslm_only
5601,5171,uslm_only
5601,5178,both
5601,5179,uslm_only
5601,5181,both
5601,5221,both
5604,5203,uslm_only
5604,5206,uslm_only
5604,5301,both
5604,5557,uslm_only
5604,7608,uslm_only
5605,5291,uslm_only
5606,5301,uslm_only
5607,5214,both
5607,5223,both
5607,5273,uslm_only
5612,5215,uslm_only
5615,5101,uslm_only
5615,5179,both
5615,5207,both
5615,5221,uslm_only
5671,5051,uslm_only
5671,5415,uslm_only
5672,5415,uslm_only
5674,5053,uslm_only
5675,5412,uslm_only
5681,5121,uslm_only
5681,5124,uslm_only
5681,5171,uslm_only
5681,5180,both
5684,6601,uslm_only
5684,6651,uslm_only
5684,6653,uslm_only
5684,6656,uslm_only
5684,6665,uslm_only
5684,7201,uslm_only
5684,7203,uslm_only
5685,5845,both
5685,5872,uslm_only
5686,7302,uslm_only
5688,5243,uslm_only
5702,4216,both
5702,5701,both
5702,5704,uslm_only
5702,7652,uslm_only
5703,5061,uslm_only
5703,5701,both
5703,5704,uslm_only
5703,6501,uslm_only
5703,7503,both
5705,7652,uslm_only
5712,5713,both
5713,5711,both
5713,5712,both
5731,448,both
5731,5061,both
5751,5704,uslm_only
5751,5723,both
5754,5704,both
5754,5761,uslm_only
5754,5762,uslm_only
5761,5704,both
5761,5754,uslm_only
5761,6651,uslm_only
5761,6653,uslm_only
5761,6656,uslm_only
5761,6665,uslm_only
5762,5751,both
5762,5752,uslm_only
5763,5723,both
5763,7302,uslm_only
5801,448,both
5801,5061,both
5846,5801,uslm_only
5846,5811,uslm_only
5846,5821,uslm_only
5851,5801,uslm_only
5852,5811,both
5852,5821,uslm_only
5853,5811,uslm_only
5853,5821,uslm_only
5854,5811,uslm_only
5861,5801,both
5861,5802,uslm_only
5861,5844,uslm_only
5881,267,both
5881,707,uslm_only
5881,1223,both
5891,72,uslm_only
5891,104,uslm_only
5891,130,both
5891,461,uslm_only
5891,3405,both
6001,6053,uslm_only
6011,511,both
6011,912,both
6011,922,cornell_target_not_in_uslm
6011,1461,uslm_only
6011,1471,both
6011,1474,uslm_only
6011,4965,both
6011,6039K,both
6011,6058,uslm_only
6012,2,uslm_only
6012,63,both
6012,121,uslm_only
6012,151,both
6012,408,uslm_only
6012,527,both
6012,528,both
6012,871,uslm_only
6012,881,uslm_only
6012,911,uslm_only
6012,7703,uslm_only
6013,2,uslm_only
6013,15,uslm_only
6013,63,uslm_only
6013,101,uslm_only
6013,112,both
6013,151,uslm_only
6013,443,uslm_only
6013,692,uslm_only
6013,5561,uslm_only
6013,5562,uslm_only
6013,6212,uslm_only
6013,6213,uslm_only
6013,6501,uslm_only
6013,6502,uslm_only
6013,6511,uslm_only
6013,6651,uslm_only
6013,7121,both
6013,7122,uslm_only
6013,7206,uslm_only
6013,7207,uslm_only
6013,7851,uslm_only
6014,1,uslm_only
6014,63,uslm_only
6014,3401,uslm_only
6014,6012,uslm_only
6015,1,both
6015,55,both
6015,86,uslm_only
6015,6013,both
6015,6502,uslm_only
6015,6511,both
6015,6512,both
6015,6532,both
6015,6662,uslm_only
6015,6851,uslm_only
6015,6861,uslm_only
6015,7121,both
6015,7122,both
6015,7421,uslm_only
6015,7485,uslm_only
6017,6013,uslm_only
6018,2001,both
6018,2010,both
6018,2521,both
6019,2503,both
6019,2522,both
6019,2523,uslm_only
6031,512,both
6031,743,both
6031,761,uslm_only
6031,6221,both
6031,6225,uslm_only
6031,6226,uslm_only
6032,581,uslm_only
6032,6012,uslm_only
6032,6062,uslm_only
6033,11,both
6033,162,both
6033,170,uslm_only
6033,401,uslm_only
6033,501,both
6033,506,uslm_only
6033,509,both
6033,512,both
6033,527,both
6033,4911,both
6033,4912,uslm_only
6033,4946,uslm_only
6033,4947,uslm_only
6033,4955,uslm_only
6033,4958,both
6033,4959,uslm_only
6033,4962,uslm_only
6033,4965,both
6033,4966,both
6033,4968,both
6033,6001,uslm_only
6033,6043,uslm_only
6033,6056,uslm_only
6033,6058,uslm_only
6033,6652,uslm_only
6034,642,both
6034,4947,both
6034A,6012,both
6034A,6213,both
6035,6018,both
6036,2203,uslm_only
6037,6012,uslm_only
6037,6213,both
6038,267,both
6038,318,both
6038,898,both
6038,901,uslm_only
6038,902,both
6038,904,uslm_only
6038,960,uslm_only
6038,7203,uslm_only
6038,7701,uslm_only
6038A,59A,both
6038A,267,uslm_only
6038A,318,both
6038A,482,both
6038A,707,uslm_only
6038A,6038C,both
6038A,6501,uslm_only
6038A,6531,uslm_only
6038A,7203,uslm_only
6038A,7602,uslm_only
6038A,7603,uslm_only
6038A,7604,both
6038A,7701,uslm_only
6038B,332,uslm_only
6038B,336,both
6038B,351,uslm_only
6038B,354,uslm_only
6038B,355,uslm_only
6038B,356,uslm_only
6038B,361,uslm_only
6038B,482,both
6038B,721,both
6038B,6046A,both
6038C,6038A,both
6038C,7602,uslm_only
6038C,7603,uslm_only
6038C,7604,uslm_only
6038D,1471,both
6038D,1473,both
6038E,5001,both
6038E,5041,both
6038E,5051,both
6039,422,uslm_only
6039,423,uslm_only
6039C,897,both
6039C,1445,uslm_only
6039D,79,uslm_only
6039D,105,uslm_only
6039D,106,uslm_only
6039D,125,uslm_only
6039D,127,uslm_only
6039D,129,uslm_only
6039D,137,uslm_only
6039F,1,uslm_only
6039F,501,uslm_only
6039F,2503,both
6039F,6048,uslm_only
6039G,877,both
6039G,877A,both
6039G,7701,both
6039H,247,both
6039H,646,both
6039H,6034A,both
6039I,101,both
6039K,1400Z-2,cornell_target_not_in_uslm
6039K,4980H,both
6039L,6039K,uslm_only
6040,905,uslm_only
6040,2016,uslm_only
6040,2204,uslm_only
6040,3402,uslm_only
6040,6051,uslm_only
6040,6164,uslm_only
6040,6212,uslm_only
6040,6411,uslm_only
6040,6805,uslm_only
6040,6901,uslm_only
6040,6903,uslm_only
6041,1,uslm_only
6041,106,both
6041,213,both
6041,224,uslm_only
6041,225,both
6041,409A,both
6041,3401,uslm_only
6041,6042,uslm_only
6041,6044,uslm_only
6041,6045,uslm_only
6041,6047,uslm_only
6041,6049,uslm_only
6041,6050N,uslm_only
6041,6051,uslm_only
6041,6053,uslm_only
6041A,224,uslm_only
6041A,6041,uslm_only
6041A,6050M,both
6041A,6051,uslm_only
6041A,6052,uslm_only
6041A,6053,uslm_only
6042,316,both
6042,6049,uslm_only
6043,304,uslm_only
6043,401,uslm_only
6043,501,both
6043,509,uslm_only
6043,6652,uslm_only
6044,521,uslm_only
6044,1381,uslm_only
6044,1382,uslm_only
6044,1388,both
6045,121,uslm_only
6045,143,both
6045,164,uslm_only
6045,1012,both
6045,1091,uslm_only
6045,1222,both
6045,1234,both
6045,6041,both
6045,6045A,both
6045,6051,uslm_only
6045,6721,uslm_only
6045,6722,uslm_only
6045A,6045,both
6045B,6045,both
6046,953,both
6046,6679,uslm_only
6046,7203,uslm_only
6046,7701,both
6046A,6038,uslm_only
6046A,6679,uslm_only
6046A,7203,uslm_only
6047,219,uslm_only
6047,401,both
6047,402A,uslm_only
6047,403,uslm_only
6047,404,uslm_only
6047,408,uslm_only
6047,414,both
6047,501,uslm_only
6047,3405,uslm_only
6047,6050Y,uslm_only
6047,6652,uslm_only
6047,6704,uslm_only
6047,6721,uslm_only
6047,6722,uslm_only
6047,7207,uslm_only
6048,402,uslm_only
6048,404,uslm_only
6048,404A,uslm_only
6048,501,uslm_only
6048,668,uslm_only
6048,679,both
6048,6034A,both
6048,6038A,both
6048,6677,both
6048,7602,both
6048,7603,both
6048,7604,both
6049,54,both
6049,54A,cornell_target_not_in_uslm
6049,501,both
6049,584,both
6049,664,uslm_only
6049,856,both
6049,860B,both
6049,871,uslm_only
6049,1272,both
6049,1273,both
6049,1441,both
6049,4947,uslm_only
6049,6045,both
6050A,3121,both
6050AA,163,both
6050B,85,uslm_only
6050F,86,uslm_only
6050G,72,uslm_only
6050G,86,both
6050H,216,both
6050I,6045,both
6050K,751,uslm_only
6050L,170,both
6050L,501,uslm_only
6050M,102,uslm_only
6050N,6049,uslm_only
6050P,581,uslm_only
6050P,591,uslm_only
6050P,6050M,uslm_only
6050Q,101,uslm_only
6050R,6050I,uslm_only
6050S,25A,both
6050S,221,uslm_only
6050T,7527,uslm_only
6050U,72,both
6050V,168,uslm_only
6050V,170,uslm_only
6050V,2055,uslm_only
6050V,2522,uslm_only
6050W,224,uslm_only
6050X,162,both
6050Y,72,both
6050Y,101,uslm_only
6050Z,401,uslm_only
6051,32,uslm_only
6051,83,both
6051,104,uslm_only
6051,106,both
6051,125,both
6051,129,uslm_only
6051,162,uslm_only
6051,220,uslm_only
6051,223,uslm_only
6051,224,uslm_only
6051,225,both
6051,402,uslm_only
6051,402A,uslm_only
6051,409A,both
6051,457,uslm_only
6051,3101,uslm_only
6051,3111,uslm_only
6051,3121,both
6051,3201,both
6051,3211,uslm_only
6051,3401,uslm_only
6051,3402,uslm_only
6051,4980B,uslm_only
6051,6041,uslm_only
6051,6053,uslm_only
6051,6674,uslm_only
6051,7204,uslm_only
6051,9831,both
6051,9832,both
6052,79,both
6053,52,uslm_only
6053,3101,uslm_only
6053,3102,uslm_only
6053,3121,uslm_only
6053,3201,uslm_only
6053,3202,uslm_only
6053,3231,uslm_only
6053,3401,uslm_only
6053,3511,both
6053,6051,both
6055,36B,uslm_only
6055,45R,uslm_only
6055,5000A,uslm_only
6056,4980H,both
6056,5000A,both
6056,6051,both
6056,6055,uslm_only
6057,403,uslm_only
6057,414,both
6057,6652,uslm_only
6057,6690,uslm_only
6058,401,uslm_only
6058,403,uslm_only
6058,414,both
6058,4973,uslm_only
6058,4974,uslm_only
6058,6652,uslm_only
6059,412,uslm_only
6059,414,uslm_only
6059,430,uslm_only
6059,431,uslm_only
6059,433,uslm_only
6059,7701,uslm_only
6061,6062,uslm_only
6061,6063,uslm_only
6061,6103,both
6062,6012,uslm_only
6063,6031,uslm_only
6071,4901,uslm_only
6071,5732,uslm_only
6072,401,uslm_only
6072,501,uslm_only
6072,1381,uslm_only
6072,1388,uslm_only
6072,6011,uslm_only
6072,6012,uslm_only
6072,6013,uslm_only
6072,6017,uslm_only
6072,6031,uslm_only
6072,6037,uslm_only
6075,6018,uslm_only
6075,6019,both
6081,7508,uslm_only
6081,7508A,uslm_only
6091,911,uslm_only
6091,931,uslm_only
6091,933,uslm_only
6091,4181,uslm_only
6091,6018,both
6091,6851,uslm_only
6091,6852,uslm_only
6096,9006,both
6103,1,uslm_only
6103,24,uslm_only
6103,25A,uslm_only
6103,36B,uslm_only
6103,61,uslm_only
6103,86,uslm_only
6103,135,both
6103,151,both
6103,263A,uslm_only
6103,737,both
6103,911,both
6103,931,both
6103,933,both
6103,1362,both
6103,1398,both
6103,1402,both
6103,1441,both
6103,2513,uslm_only
6103,3121,uslm_only
6103,3304,both
6103,3401,both
6103,4424,both
6103,4481,uslm_only
6103,5000,both
6103,5181,uslm_only
6103,6050I,both
6103,6051,both
6103,6057,uslm_only
6103,6104,both
6103,6109,both
6103,6110,both
6103,6159,both
6103,6306,uslm_only
6103,6311,both
6103,6323,uslm_only
6103,6330,uslm_only
6103,6402,both
6103,6502,uslm_only
6103,6672,both
6103,6694,uslm_only
6103,6695,uslm_only
6103,7121,uslm_only
6103,7122,uslm_only
6103,7213,both
6103,7213A,both
6103,7214,both
6103,7216,uslm_only
6103,7345,uslm_only
6103,7513,uslm_only
6103,7527,uslm_only
6103,7623,both
6103,7624,uslm_only
6103,7703,uslm_only
6103,7802,uslm_only
6104,170,uslm_only
6104,401,both
6104,403,uslm_only
6104,408,uslm_only
6104,501,both
6104,507,uslm_only
6104,508,uslm_only
6104,509,uslm_only
6104,511,uslm_only
6104,527,uslm_only
6104,6011,both
6104,6031,uslm_only
6104,6033,both
6104,6034,uslm_only
6104,6058,uslm_only
6104,6103,both
6105,6103,uslm_only
6105,7213,uslm_only
6105,7213A,uslm_only
6105,7431,uslm_only
6107,6060,uslm_only
6107,6696,uslm_only
6108,6103,uslm_only
6108,7803,both
6109,163,uslm_only
6109,6696,uslm_only
6109,7213,both
6110,412,uslm_only
6110,442,uslm_only
6110,446,uslm_only
6110,501,uslm_only
6110,509,uslm_only
6110,706,uslm_only
6110,4942,uslm_only
6110,6103,uslm_only
6110,6104,both
6110,6105,both
6110,7453,uslm_only
6110,7458,uslm_only
6110,7461,uslm_only
6111,6707A,uslm_only
6112,6111,both
6112,6707A,uslm_only
6113,170,both
6113,501,uslm_only
6113,527,both
6115,170,uslm_only
6117,4102,uslm_only
6151,6014,both
6151,6302,uslm_only
6155,6212,uslm_only
6155,6213,uslm_only
6155,6873,uslm_only
6157,3301,both
6157,3306,both
6159,7122,uslm_only
6161,6151,uslm_only
6161,6165,uslm_only
6161,6166,both
6161,6503,uslm_only
6161,7508,uslm_only
6161,7508A,uslm_only
6163,6165,uslm_only
6164,172,uslm_only
6164,1314,uslm_only
6164,6411,uslm_only
6166,267,both
6166,303,both
6166,304,uslm_only
6166,355,uslm_only
6166,356,uslm_only
6166,368,both
6166,643,both
6166,661,uslm_only
6166,1504,both
6166,2001,both
6166,2035,uslm_only
6166,2053,uslm_only
6166,2054,uslm_only
6166,2601,uslm_only
6166,2612,uslm_only
6166,6075,uslm_only
6166,6151,uslm_only
6166,6165,uslm_only
6166,6324A,uslm_only
6166,6503,uslm_only
6166,6601,both
6167,1351,both
6167,6165,uslm_only
6167,6503,uslm_only
6167,6601,uslm_only
6201,73,uslm_only
6201,6157,uslm_only
6201,6213,uslm_only
6201,6225,both
6201,6311,both
6201,6654,both
6201,6655,both
6201,7422,both
6204,6213,uslm_only
6205,3101,both
6205,3111,both
6205,3122,uslm_only
6205,3125,both
6205,3201,both
6205,3221,both
6205,3402,both
6206,4081,uslm_only
6206,6416,uslm_only
6206,6420,uslm_only
6206,6421,uslm_only
6206,6427,uslm_only
6206,6435,uslm_only
6206,6675,uslm_only
6207,5006,uslm_only
6207,5703,uslm_only
6207,6342,uslm_only
6207,7421,uslm_only
6207,7507,uslm_only
6211,21,both
6211,31,uslm_only
6211,33,uslm_only
6211,6014,uslm_only
6211,6851,uslm_only
6211,6852,uslm_only
6212,63,uslm_only
6212,183,uslm_only
6212,505,uslm_only
6212,1033,uslm_only
6212,4940,uslm_only
6212,6213,uslm_only
6212,6214,uslm_only
6212,6512,uslm_only
6212,6851,uslm_only
6212,6852,uslm_only
6212,6861,uslm_only
6212,6903,uslm_only
6213,21,both
6213,24,both
6213,25A,both
6213,25C,uslm_only
6213,25E,uslm_only
6213,30D,uslm_only
6213,32,both
6213,36,both
6213,45W,uslm_only
6213,108,uslm_only
6213,151,uslm_only
6213,224,uslm_only
6213,225,uslm_only
6213,905,uslm_only
6213,1341,uslm_only
6213,1401,uslm_only
6213,2016,uslm_only
6213,4941,uslm_only
6213,4963,uslm_only
6213,6109,both
6213,6201,both
6213,6211,both
6213,6212,both
6213,6404,uslm_only
6213,6411,uslm_only
6213,6428,both
6213,6428A,both
6213,6434,uslm_only
6213,6512,uslm_only
6213,6851,uslm_only
6213,6852,uslm_only
6213,6861,uslm_only
6213,7421,uslm_only
6214,507,uslm_only
6214,4963,uslm_only
6214,6512,uslm_only
6214,7463,uslm_only
6214,7481,uslm_only
6215,6161,uslm_only
6215,6673,uslm_only
6215,7459,uslm_only
6215,7485,uslm_only
6221,6031,both
6221,6037,uslm_only
6222,6213,both
6225,1,uslm_only
6225,11,uslm_only
6225,168,both
6225,469,both
6225,702,both
6225,6222,uslm_only
6225,6226,uslm_only
6225,6227,uslm_only
6225,6231,uslm_only
6225,6232,uslm_only
6225,6234,uslm_only
6225,6501,both
6225,6511,both
6226,6221,uslm_only
6226,6225,both
6226,6234,uslm_only
6226,6621,uslm_only
6227,905,uslm_only
6227,6225,both
6227,6226,both
6227,6231,uslm_only
6231,6227,uslm_only
6231,6234,both
6231,6235,both
6232,6213,both
6232,6222,both
6232,6225,both
6232,6226,both
6232,6227,both
6232,6234,both
6232,6241,both
6232,6621,both
6232,6651,uslm_only
6232,7421,uslm_only
6233,6226,uslm_only
6233,6603,uslm_only
6233,6651,both
6234,1,uslm_only
6234,6231,both
6235,905,uslm_only
6235,6020,uslm_only
6235,6225,both
6235,6227,uslm_only
6235,6231,uslm_only
6235,6501,uslm_only
6241,951,uslm_only
6241,953,uslm_only
6241,957,uslm_only
6241,1293,uslm_only
6241,1295,uslm_only
6241,1297,both
6241,6011,uslm_only
6241,6031,uslm_only
6241,6213,both
6241,6225,uslm_only
6241,6226,uslm_only
6241,6232,uslm_only
6241,6234,uslm_only
6241,6501,uslm_only
6241,6502,uslm_only
6241,6851,uslm_only
6241,6861,uslm_only
6302,4251,both
6302,4261,both
6302,4271,both
6302,4481,uslm_only
6302,5061,uslm_only
6302,5703,uslm_only
6303,6203,uslm_only
6303,7508A,uslm_only
6304,7433,uslm_only
6305,452,both
6305,6303,uslm_only
6305,6334,uslm_only
6306,165,both
6306,6103,uslm_only
6306,6304,uslm_only
6306,6307,uslm_only
6306,7433A,uslm_only
6306,7602,uslm_only
6306,7811,uslm_only
6307,6306,uslm_only
6311,6103,both
6311,7431,uslm_only
6314,2204,uslm_only
6314,6051,uslm_only
6317,6157,uslm_only
6320,6321,uslm_only
6320,6323,uslm_only
6320,6330,both
6320,7345,uslm_only
6322,6321,both
6323,1,uslm_only
6323,581,uslm_only
6323,591,uslm_only
6323,6159,both
6323,6321,both
6323,6324,both
6323,6332,uslm_only
6323,6334,uslm_only
6324,401,uslm_only
6324,2034,uslm_only
6324,2204,uslm_only
6324,6323,uslm_only
6324A,2204,both
6324A,6151,uslm_only
6324A,6165,both
6324A,6166,both
6324A,6323,both
6324A,6324,both
6324A,6324B,uslm_only
6324B,2032A,both
6324B,6324A,both
6325,6321,both
6325,6323,both
6325,6324,both
6325,6324B,uslm_only
6325,6621,both
6325,7122,uslm_only
6325,7426,both
6327,545,uslm_only
6327,724,uslm_only
6327,5004,uslm_only
6330,6159,both
6330,6320,both
6330,6331,both
6330,6502,uslm_only
6330,6531,uslm_only
6330,6532,uslm_only
6330,6702,uslm_only
6330,7421,uslm_only
6331,3401,uslm_only
6331,6159,both
6331,6334,uslm_only
6331,6335,uslm_only
6331,6343,uslm_only
6331,6402,uslm_only
6331,6502,both
6331,6672,both
6331,7122,uslm_only
6331,7345,uslm_only
6331,7421,uslm_only
6332,408,both
6332,6323,uslm_only
6332,6331,uslm_only
6332,6621,both
6334,1,uslm_only
6334,121,both
6334,151,both
6334,6331,both
6335,6331,uslm_only
6335,6336,uslm_only
6335,6863,uslm_only
6335,7433,uslm_only
6337,6335,uslm_only
6337,6340,uslm_only
6338,6335,uslm_only
6338,6337,uslm_only
6339,6335,both
6339,6338,uslm_only
6339,6342,uslm_only
6339,7426,uslm_only
6340,6335,uslm_only
6342,6332,uslm_only
6343,402,both
6343,402A,both
6343,403,uslm_only
6343,408,both
6343,408A,uslm_only
6343,457,uslm_only
6343,6159,both
6343,6335,uslm_only
6343,6621,both
6344,6502,uslm_only
6344,6503,uslm_only
6344,6807,uslm_only
6344,7506,uslm_only
6344,7804,uslm_only
6401,33,uslm_only
6401,1446,uslm_only
6401,6013,uslm_only
6402,24,both
6402,3304,uslm_only
6403,6402,uslm_only
6404,6212,both
6404,6213,uslm_only
6404,6512,both
6404,6602,both
6404,6651,uslm_only
6404,6664,both
6404,7430,both
6404,7508A,uslm_only
6405,165,uslm_only
6405,6411,uslm_only
6411,39,uslm_only
6411,172,uslm_only
6411,1212,uslm_only
6411,1314,uslm_only
6411,1341,both
6411,6065,uslm_only
6411,6164,both
6411,6611,uslm_only
6412,4071,uslm_only
6412,4081,uslm_only
6413,31,uslm_only
6413,3101,both
6413,3111,both
6413,3121,uslm_only
6413,3122,uslm_only
6413,3125,both
6413,3201,both
6413,3221,both
6413,3231,uslm_only
6413,3302,uslm_only
6413,3402,both
6415,4251,both
6415,4261,both
6415,4271,both
6416,4041,uslm_only
6416,4051,both
6416,4064,uslm_only
6416,4071,both
6416,4081,both
6416,4101,uslm_only
6416,4121,uslm_only
6416,4131,uslm_only
6416,4216,both
6416,4221,uslm_only
6416,4223,uslm_only
6416,6427,uslm_only
6416,7701,both
6417,24,uslm_only
6417,30C,both
6417,30D,both
6417,38,both
6417,45,both
6417,45Q,both
6417,45U,uslm_only
6417,45V,both
6417,45W,both
6417,45X,both
6417,45Y,both
6417,45Z,uslm_only
6417,48,uslm_only
6417,48C,uslm_only
6417,48E,uslm_only
6417,50,both
6417,168,uslm_only
6417,705,uslm_only
6417,1366,uslm_only
6417,6011,both
6417,6033,uslm_only
6417,6418,uslm_only
6417,6662,uslm_only
6418,30C,both
6418,38,uslm_only
6418,39,uslm_only
6418,40A,uslm_only
6418,45,uslm_only
6418,45Q,uslm_only
6418,45U,uslm_only
6418,45V,uslm_only
6418,45X,uslm_only
6418,45Y,uslm_only
6418,45Z,uslm_only
6418,46,uslm_only
6418,48,uslm_only
6418,48C,uslm_only
6418,48E,uslm_only
6418,50,both
6418,267,both
6418,705,uslm_only
6418,707,both
6418,1366,uslm_only
6418,6417,uslm_only
6418,7701,both
6420,34,uslm_only
6420,501,uslm_only
6420,4041,uslm_only
6420,4081,both
6420,4083,uslm_only
6420,6675,uslm_only
6420,7201,uslm_only
6420,7504,both
6420,7602,uslm_only
6420,7871,uslm_only
6421,34,uslm_only
6421,212,uslm_only
6421,501,uslm_only
6421,4041,uslm_only
6421,4081,both
6421,4083,both
6421,4221,both
6421,6420,both
6421,6427,uslm_only
6421,6675,uslm_only
6421,7201,uslm_only
6421,7602,uslm_only
6421,7871,uslm_only
6422,547,uslm_only
6422,860,uslm_only
6422,905,uslm_only
6422,7486,uslm_only
6425,11,uslm_only
6425,55,uslm_only
6425,59A,uslm_only
6425,6065,uslm_only
6425,6655,both
6426,40,both
6426,40A,both
6426,40B,both
6426,45K,both
6426,45Z,both
6426,4041,uslm_only
6426,4081,uslm_only
6426,4083,both
6426,4101,uslm_only
6427,34,uslm_only
6427,501,uslm_only
6427,4041,both
6427,4081,both
6427,4083,both
6427,4101,uslm_only
6427,4221,both
6427,6416,both
6427,6420,uslm_only
6427,6421,both
6427,6426,both
6427,6621,uslm_only
6427,6675,uslm_only
6427,7201,uslm_only
6427,7602,uslm_only
6427,7871,uslm_only
6428,2,uslm_only
6428,24,both
6428,151,both
6428,6213,both
6428A,2,uslm_only
6428A,24,both
6428A,101,uslm_only
6428A,151,both
6428A,6213,both
6428A,6428,uslm_only
6428B,2,uslm_only
6428B,152,uslm_only
6428B,6072,both
6428B,6213,both
6428B,6428,both
6428B,6428A,uslm_only
6428B,7508A,uslm_only
6430,4041,uslm_only
6430,4081,both
6430,4082,uslm_only
6430,6435,uslm_only
6432,139E,uslm_only
6432,501,uslm_only
6432,3111,uslm_only
6432,3131,uslm_only
6432,3132,uslm_only
6432,3134,both
6432,3221,uslm_only
6432,3504,both
6432,6402,uslm_only
6432,6413,uslm_only
6432,6501,uslm_only
6432,6656,uslm_only
6432,9501,uslm_only
6433,1,uslm_only
6433,2,uslm_only
6433,72,both
6433,102,both
6433,151,both
6433,152,both
6433,219,both
6433,401,both
6433,402,both
6433,402A,both
6433,403,both
6433,404,uslm_only
6433,408,both
6433,408A,both
6433,414,uslm_only
6433,415,uslm_only
6433,416,uslm_only
6433,457,both
6433,911,uslm_only
6433,931,uslm_only
6433,933,uslm_only
6433,4974,both
6433,6013,uslm_only
6433,6058,uslm_only
6433,6402,both
6434,24,uslm_only
6434,152,both
6434,530A,uslm_only
6434,6402,both
6434,6611,both
6435,4081,both
6435,4082,uslm_only
6435,6675,uslm_only
6501,30B,both
6501,30C,both
6501,30D,both
6501,35,both
6501,40,both
6501,43,both
6501,45B,both
6501,45C,both
6501,45H,both
6501,51,both
6501,501,both
6501,507,uslm_only
6501,543,uslm_only
6501,544,uslm_only
6501,904,uslm_only
6501,905,uslm_only
6501,907,uslm_only
6501,951,uslm_only
6501,992,uslm_only
6501,1295,both
6501,1298,uslm_only
6501,2016,uslm_only
6501,2503,uslm_only
6501,2701,uslm_only
6501,4912,uslm_only
6501,4940,uslm_only
6501,4942,uslm_only
6501,4973,both
6501,4974,both
6501,4975,uslm_only
6501,4980H,uslm_only
6501,6011,uslm_only
6501,6013,uslm_only
6501,6020,uslm_only
6501,6033,uslm_only
6501,6038,uslm_only
6501,6038A,uslm_only
6501,6038B,uslm_only
6501,6038D,both
6501,6046,uslm_only
6501,6046A,uslm_only
6501,6048,uslm_only
6501,6056,both
6501,6112,uslm_only
6501,6201,uslm_only
6501,6213,uslm_only
6501,6231,uslm_only
6501,6234,uslm_only
6501,6411,uslm_only
6501,6511,uslm_only
6501,6707A,both
6501,7701,both
6502,6335,both
6502,6343,both
6503,507,uslm_only
6503,547,uslm_only
6503,860,uslm_only
6503,1294,both
6503,4963,uslm_only
6503,4971,uslm_only
6503,4975,uslm_only
6503,6161,uslm_only
6503,6163,uslm_only
6503,6166,uslm_only
6503,6167,both
6503,6211,uslm_only
6503,6212,uslm_only
6503,6325,both
6503,6343,uslm_only
6503,6501,both
6503,6502,both
6503,6694,uslm_only
6503,7426,both
6504,63,uslm_only
6504,905,uslm_only
6504,1033,uslm_only
6504,2204,uslm_only
6504,6206,uslm_only
6504,6420,uslm_only
6504,6421,uslm_only
6504,6427,uslm_only
6504,6601,uslm_only
6504,6675,uslm_only
6504,6694,both
6504,6695,uslm_only
6504,6696,uslm_only
6504,7507,uslm_only
6504,7508,uslm_only
6511,39,uslm_only
6511,165,uslm_only
6511,166,uslm_only
6511,832,uslm_only
6511,901,uslm_only
6511,2014,uslm_only
6511,2015,uslm_only
6511,4912,uslm_only
6511,4975,uslm_only
6511,6013,uslm_only
6511,6411,both
6511,6412,uslm_only
6511,6420,uslm_only
6511,6421,uslm_only
6511,6501,both
6511,6513,uslm_only
6511,6694,both
6511,6695,uslm_only
6511,6696,uslm_only
6511,7122,uslm_only
6511,7436,uslm_only
6512,505,uslm_only
6512,6212,uslm_only
6512,6213,uslm_only
6512,6402,uslm_only
6512,6511,both
6512,6532,uslm_only
6512,7430,uslm_only
6512,7463,uslm_only
6512,7481,uslm_only
6512,7483,uslm_only
6513,31,uslm_only
6513,1462,uslm_only
6513,1474,uslm_only
6513,6012,both
6513,6157,uslm_only
6513,6402,uslm_only
6513,6511,both
6513,6512,both
6514,6401,uslm_only
6514,6532,uslm_only
6514,7405,uslm_only
6515,547,uslm_only
6515,860,uslm_only
6515,6411,uslm_only
6515,6532,uslm_only
6515,7508,uslm_only
6521,1402,uslm_only
6521,3101,uslm_only
6521,7122,uslm_only
6531,6513,uslm_only
6531,7206,uslm_only
6531,7207,uslm_only
6531,7212,uslm_only
6531,7214,uslm_only
6532,505,uslm_only
6532,6343,uslm_only
6532,7405,uslm_only
6532,7422,uslm_only
6532,7426,uslm_only
6533,7508,uslm_only
6601,1,uslm_only
6601,531,both
6601,2001,both
6601,2010,uslm_only
6601,3301,both
6601,6157,uslm_only
6601,6159,uslm_only
6601,6166,both
6601,6205,uslm_only
6601,6211,uslm_only
6601,6213,uslm_only
6601,6511,uslm_only
6601,6611,uslm_only
6601,6621,both
6601,6651,both
6601,6653,both
6601,6654,both
6601,6655,uslm_only
6602,6621,uslm_only
6602,7405,uslm_only
6603,6601,uslm_only
6603,6611,uslm_only
6603,6621,uslm_only
6611,6406,uslm_only
6611,6411,both
6611,6511,uslm_only
6611,6513,both
6611,6621,uslm_only
6612,2014,uslm_only
6612,6413,uslm_only
6621,1274,both
6621,6212,both
6621,6601,both
6621,6654,uslm_only
6622,6654,both
6622,6655,uslm_only
6651,1,uslm_only
6651,6020,both
6651,6159,both
6651,6213,uslm_only
6651,6226,both
6651,6331,uslm_only
6651,6654,both
6651,6655,uslm_only
6652,1,uslm_only
6652,83,uslm_only
6652,142,uslm_only
6652,402,uslm_only
6652,506,uslm_only
6652,527,uslm_only
6652,1202,both
6652,3101,uslm_only
6652,3121,uslm_only
6652,3201,uslm_only
6652,3231,uslm_only
6652,3405,uslm_only
6652,3511,both
6652,4965,both
6652,6012,uslm_only
6652,6033,both
6652,6034,both
6652,6039C,both
6652,6042,uslm_only
6652,6043,both
6652,6044,uslm_only
6652,6053,both
6652,6057,uslm_only
6652,6058,uslm_only
6652,6104,both
6652,6724,uslm_only
6652,7705,both
6652,9831,uslm_only
6653,6671,both
6654,31,both
6654,67,uslm_only
6654,143,both
6654,511,both
6654,951,both
6654,1402,both
6654,3101,both
6654,6072,uslm_only
6654,6621,uslm_only
6654,7703,uslm_only
6655,1,both
6655,11,both
6655,55,uslm_only
6655,56A,both
6655,59A,uslm_only
6655,172,both
6655,511,uslm_only
6655,856,uslm_only
6655,881,uslm_only
6655,887,uslm_only
6655,951,both
6655,958,uslm_only
6655,1201,uslm_only
6655,1212,uslm_only
6655,1371,uslm_only
6655,1374,uslm_only
6655,1375,uslm_only
6655,1561,uslm_only
6655,4940,both
6655,6425,both
6655,6621,uslm_only
6656,6302,uslm_only
6656,6303,uslm_only
6656,6331,uslm_only
6656,6861,both
6656,6862,both
6656,7430,uslm_only
6658,6651,uslm_only
6658,6654,uslm_only
6658,6655,uslm_only
6659,6434,uslm_only
6659,6662,uslm_only
6662,45X,both
6662,45Y,both
6662,48E,both
6662,55,both
6662,170,uslm_only
6662,199A,both
6662,404,uslm_only
6662,482,both
6662,542,both
6662,1014,uslm_only
6662,6038,both
6662,6038B,both
6662,6038D,both
6662,6046A,both
6662,6048,both
6662,6211,both
6662,6662A,both
6662,6663,both
6662,6664,both
6662,6694,both
6662,7701,both
6662A,1,uslm_only
6662A,11,both
6662A,1211,both
6662A,6662,both
6662A,6663,uslm_only
6662A,6664,both
6662A,6707A,uslm_only
6664,170,uslm_only
6664,267,uslm_only
6664,707,uslm_only
6664,6011,both
6664,6020,both
6664,6111,uslm_only
6664,6211,both
6664,6662,both
6664,6662A,both
6664,6663,both
6664,6707A,uslm_only
6665,6211,uslm_only
6665,6651,uslm_only
6665,6654,both
6665,6655,uslm_only
6672,6212,both
6672,6501,both
6672,6502,both
6672,6653,uslm_only
6672,7421,uslm_only
6673,7433,both
6674,3111,uslm_only
6674,6051,both
6674,6053,both
6674,7204,uslm_only
6675,6206,uslm_only
6675,6416,uslm_only
6675,6420,uslm_only
6675,6421,uslm_only
6675,6427,uslm_only
6675,6435,uslm_only
6676,6662,both
6677,6048,both
6679,6046,both
6679,6046A,both
6682,3402,uslm_only
6682,3406,uslm_only
6685,6104,uslm_only
6685,7207,uslm_only
6686,6011,uslm_only
6686,7203,uslm_only
6688,937,uslm_only
6688,7654,both
6689,404A,uslm_only
6689,905,both
6690,3111,uslm_only
6690,6057,both
6692,412,uslm_only
6692,414,uslm_only
6692,6059,uslm_only
6693,220,uslm_only
6693,223,uslm_only
6693,408,both
6693,529,uslm_only
6693,529A,uslm_only
6693,530,uslm_only
6693,530A,uslm_only
6693,6724,both
6694,6502,both
6694,6662,both
6694,6662A,uslm_only
6694,7421,uslm_only
6694,7701,uslm_only
6695,1,uslm_only
6695,2,uslm_only
6695,24,uslm_only
6695,25A,uslm_only
6695,32,uslm_only
6695,581,uslm_only
6695,6060,both
6695,6107,both
6695,6109,both
6695A,6662,both
6695A,6664,both
6695B,6662,uslm_only
6695B,6664,both
6695B,7701,both
6696,6226,uslm_only
6696,6227,uslm_only
6696,6694,both
6696,6695,both
6696,6695A,both
6696,6695B,both
6698,1,uslm_only
6698,6031,both
6698,6226,uslm_only
6698,7203,uslm_only
6699,1,uslm_only
6699,6037,uslm_only
6699,7203,uslm_only
6701,6694,both
6701,6700,both
6702,6159,uslm_only
6702,6226,uslm_only
6702,6227,uslm_only
6702,6320,uslm_only
6702,6330,uslm_only
6702,6662,uslm_only
6702,7122,uslm_only
6702,7811,uslm_only
6703,6502,both
6703,6700,uslm_only
6703,6701,uslm_only
6703,6702,uslm_only
6703,7421,uslm_only
6704,6047,both
6705,3406,both
6706,1275,uslm_only
6707,6111,both
6707,6707A,uslm_only
6707A,6011,both
6707A,6662,both
6707A,6662A,both
6708,6112,both
6709,25,uslm_only
6710,6113,both
6711,501,uslm_only
6711,527,both
6711,6710,uslm_only
6712,6114,uslm_only
6713,6103,both
6713,7216,both
6714,6115,both
6715,4082,both
6715A,1504,both
6715A,4082,both
6717,1504,both
6717,4083,both
6718,4101,both
6719,4101,uslm_only
6720,1,uslm_only
6720,170,both
6720A,45H,both
6720B,170,both
6720B,501,uslm_only
6721,1,uslm_only
6721,5,uslm_only
6721,448,both
6721,6041A,uslm_only
6721,6045,uslm_only
6721,6050H,uslm_only
6721,6050I,both
6721,6050J,uslm_only
6721,6050K,uslm_only
6721,6050L,uslm_only
6721,6050V,uslm_only
6721,6722,uslm_only
6721,6724,both
6722,1,uslm_only
6722,5,uslm_only
6722,6041A,uslm_only
6722,6045,uslm_only
6722,6050K,uslm_only
6722,6050L,uslm_only
6722,6721,uslm_only
6722,6724,both
6724,72,uslm_only
6724,110,uslm_only
6724,264,uslm_only
6724,338,uslm_only
6724,408,both
6724,1060,uslm_only
6724,4101,uslm_only
6724,6011,uslm_only
6724,6031,both
6724,6035,both
6724,6039,uslm_only
6724,6039K,uslm_only
6724,6039L,uslm_only
6724,6041,uslm_only
6724,6041A,uslm_only
6724,6042,uslm_only
6724,6043A,uslm_only
6724,6044,uslm_only
6724,6045,uslm_only
6724,6045A,uslm_only
6724,6045B,uslm_only
6724,6047,both
6724,6048,uslm_only
6724,6049,uslm_only
6724,6050A,uslm_only
6724,6050AA,uslm_only
6724,6050H,uslm_only
6724,6050I,uslm_only
6724,6050J,uslm_only
6724,6050K,uslm_only
6724,6050L,uslm_only
6724,6050N,uslm_only
6724,6050P,uslm_only
6724,6050Q,uslm_only
6724,6050R,uslm_only
6724,6050S,uslm_only
6724,6050T,uslm_only
6724,6050U,uslm_only
6724,6050V,uslm_only
6724,6050W,uslm_only
6724,6050Y,uslm_only
6724,6050Z,uslm_only
6724,6051,uslm_only
6724,6052,uslm_only
6724,6053,uslm_only
6724,6055,uslm_only
6724,6056,uslm_only
6724,6109,both
6724,6226,uslm_only
6724,6721,both
6724,6722,both
6725,4101,both
6726,1,uslm_only
6726,6039K,both
6751,6651,both
6751,6654,both
6751,6655,both
6751,6662,both
6802,6302,uslm_only
6803,6802,uslm_only
6804,6801,both
6807,5688,both
6851,6212,uslm_only
6851,6331,uslm_only
6851,6861,both
6851,7429,uslm_only
6852,501,both
6852,4955,both
6852,6851,both
6852,6861,both
6861,6211,uslm_only
6861,6212,uslm_only
6861,6213,uslm_only
6861,6331,uslm_only
6861,6402,uslm_only
6861,6863,uslm_only
6862,6331,uslm_only
6863,6213,uslm_only
6863,6336,uslm_only
6863,6851,both
6863,6852,uslm_only
6863,6861,uslm_only
6863,6862,uslm_only
6863,7429,uslm_only
6864,6164,uslm_only
6867,1,uslm_only
6867,6851,uslm_only
6867,6861,uslm_only
6867,7429,uslm_only
6871,6213,both
6872,6036,uslm_only
6873,6161,uslm_only
6873,6503,uslm_only
6901,368,uslm_only
6901,6212,uslm_only
6901,6324,uslm_only
6901,6511,uslm_only
6901,6903,uslm_only
6901,7508,uslm_only
6904,7421,uslm_only
6905,2204,uslm_only
7001,7231,uslm_only
7011,4905,both
7012,4101,uslm_only
7012,4412,uslm_only
7012,5124,uslm_only
7012,5802,uslm_only
7012,5841,uslm_only
7012,5861,uslm_only
7012,7262,uslm_only
7012,7272,uslm_only
7101,7485,both
7103,905,uslm_only
7103,6165,uslm_only
7103,6325,both
7103,6336,uslm_only
7103,6672,uslm_only
7103,6863,uslm_only
7103,7324,uslm_only
7103,7325,uslm_only
7103,7485,uslm_only
7122,6159,both
7122,6702,uslm_only
7123,170,uslm_only
7123,501,both
7123,509,uslm_only
7123,4942,uslm_only
7123,7121,both
7123,7122,uslm_only
7124,7206,uslm_only
7203,6050I,uslm_only
7203,6654,both
7203,6655,both
7204,6051,uslm_only
7204,6674,both
7205,3402,both
7205,3406,uslm_only
7206,6331,uslm_only
7206,7121,uslm_only
7206,7122,uslm_only
7207,527,both
7207,6047,uslm_only
7207,6104,uslm_only
7208,7271,uslm_only
7210,6420,uslm_only
7210,6421,uslm_only
7210,6427,uslm_only
7210,7602,uslm_only
7210,7603,uslm_only
7210,7604,uslm_only
7213,6103,both
7213,6104,uslm_only
7213,7216,uslm_only
7213,7612,both
7213,7701,uslm_only
7213A,6103,both
7213A,6104,uslm_only
7213A,7213,uslm_only
7215,7512,both
7216,6713,both
7217,6103,both
7231,7001,uslm_only
7232,4083,both
7232,4101,uslm_only
7269,6018,uslm_only
7269,6036,uslm_only
7270,4374,uslm_only
7271,6804,uslm_only
7272,4101,both
7272,4412,uslm_only
7272,7011,uslm_only
7273,6806,both
7275,4261,uslm_only
7275,4262,both
7303,7207,both
7303,7208,uslm_only
7303,7271,uslm_only
7323,7324,uslm_only
7324,7101,uslm_only
7324,7301,uslm_only
7324,7302,uslm_only
7324,7323,both
7342,7606,uslm_only
7345,1,uslm_only
7345,6015,both
7345,6159,both
7345,6320,uslm_only
7345,6323,uslm_only
7345,6325,uslm_only
7345,6330,both
7345,6331,uslm_only
7345,7122,uslm_only
7403,6166,both
7404,6213,uslm_only
7404,6601,uslm_only
7405,6514,uslm_only
7405,6532,uslm_only
7405,6602,uslm_only
7407,6694,both
7407,6695,uslm_only
7407,7402,both
7408,6700,uslm_only
7408,6701,uslm_only
7408,6707,uslm_only
7408,6708,uslm_only
7408,7402,both
7409,501,both
7409,4955,uslm_only
7409,7402,uslm_only
7410,1396,uslm_only
7421,6015,uslm_only
7421,6212,uslm_only
7422,507,uslm_only
7422,1346,uslm_only
7422,1502,uslm_only
7422,2001,both
7422,2502,uslm_only
7422,4941,both
7422,4942,both
7422,4943,both
7422,4944,both
7422,4945,both
7422,4951,both
7422,4952,both
7422,4955,both
7422,4958,both
7422,4963,uslm_only
7422,4971,both
7422,4975,both
7422,6166,both
7422,6212,uslm_only
7422,6700,uslm_only
7422,6701,uslm_only
7422,7479,both
7424,1444,uslm_only
7426,6325,uslm_only
7426,6335,uslm_only
7426,6532,uslm_only
7426,6621,both
7426,7422,uslm_only
7426,7433,both
7427,6694,both
7428,170,both
7428,501,both
7428,509,both
7428,521,both
7428,4942,both
7428,6033,uslm_only
7428,7481,both
7429,1402,cornell_only
7429,6213,uslm_only
7429,6331,both
7429,6851,both
7429,6852,both
7429,6861,both
7429,6862,both
7430,1,uslm_only
7430,6110,uslm_only
7430,7463,both
7431,3406,both
7431,6103,both
7431,6104,uslm_only
7431,6311,uslm_only
7431,7213,uslm_only
7431,7213A,uslm_only
7431,7430,both
7432,6325,uslm_only
7433,105,uslm_only
7433,362,uslm_only
7433,7430,uslm_only
7433,7432,uslm_only
7433A,6306,uslm_only
7433A,7433,both
7434,6724,uslm_only
7436,6213,uslm_only
7436,6214,uslm_only
7436,6215,uslm_only
7436,6503,uslm_only
7436,6512,uslm_only
7436,7430,both
7436,7453,both
7436,7463,both
7436,7481,both
7437,505,uslm_only
7437,545,uslm_only
7437,724,uslm_only
7437,7482,uslm_only
7443,135,uslm_only
7443,5505,uslm_only
7443A,6320,both
7443A,6330,uslm_only
7443A,7436,uslm_only
7443A,7443,both
7443A,7463,both
7443A,7623,uslm_only
7447,7443,both
7447,7448,both
7447A,7443A,both
7447A,7447,uslm_only
7448,2107,uslm_only
7448,7443,uslm_only
7448,7443A,uslm_only
7448,7447,both
7448,7447A,uslm_only
7453,7436,uslm_only
7453,7463,uslm_only
7454,501,uslm_only
7454,4912,uslm_only
7454,4941,uslm_only
7454,4944,uslm_only
7454,4945,uslm_only
7454,4946,both
7454,4951,uslm_only
7454,4952,uslm_only
7454,4955,uslm_only
7454,4958,uslm_only
7454,6902,uslm_only
7457,7456,uslm_only
7459,6234,uslm_only
7459,6673,uslm_only
7459,7428,uslm_only
7459,7460,uslm_only
7463,6015,both
7463,6212,uslm_only
7463,6214,both
7463,6330,both
7463,6404,uslm_only
7463,6512,both
7463,7453,uslm_only
7463,7459,uslm_only
7463,7460,uslm_only
7465,6902,uslm_only
7466,354,uslm_only
7466,361,uslm_only
7466,7443,uslm_only
7471,7443A,uslm_only
7472,7475,uslm_only
7473,7470A,uslm_only
7473,7475,uslm_only
7476,401,both
7476,403,uslm_only
7478,103,uslm_only
7479,6166,both
7479,6532,uslm_only
7481,2001,both
7481,2053,both
7481,6166,uslm_only
7481,6215,both
7481,6512,both
7481,7436,both
7481,7463,both
7482,1254,uslm_only
7482,6015,uslm_only
7482,6213,uslm_only
7482,6234,uslm_only
7482,6320,both
7482,6330,both
7482,7428,both
7482,7476,uslm_only
7482,7478,uslm_only
7482,7483,both
7485,6234,uslm_only
7485,6241,uslm_only
7485,7482,uslm_only
7485,7483,uslm_only
7487,7463,uslm_only
7487,7474,uslm_only
7491,645,uslm_only
7491,7430,uslm_only
7501,6672,uslm_only
7501,7202,uslm_only
7502,6302,both
7508,112,both
7508,6013,uslm_only
7508,6502,uslm_only
7508,6611,both
7508,6851,uslm_only
7508,7345,uslm_only
7508A,165,both
7508A,219,uslm_only
7508A,402,uslm_only
7508A,403,uslm_only
7508A,404,uslm_only
7508A,408,uslm_only
7508A,408A,uslm_only
7508A,692,uslm_only
7508A,1033,both
7508A,4974,both
7508A,6511,uslm_only
7508A,7508,both
7512,581,uslm_only
7513,7213,uslm_only
7518,1,uslm_only
7518,11,both
7518,103,uslm_only
7518,167,both
7518,172,both
7518,243,uslm_only
7518,316,uslm_only
7518,381,both
7518,531,uslm_only
7518,6601,uslm_only
7518,6651,uslm_only
7519,1,uslm_only
7519,280H,both
7519,444,both
7519,702,both
7519,707,uslm_only
7519,1366,both
7520,1274,both
7522,6155,uslm_only
7522,6212,uslm_only
7522,6303,uslm_only
7525,6662,both
7526,501,uslm_only
7526,7463,uslm_only
7526A,32,both
7526A,102,uslm_only
7526A,501,uslm_only
7526A,7526,uslm_only
7527,35,both
7527,4980B,uslm_only
7527,9801,uslm_only
7527A,24,both
7527A,937,uslm_only
7527A,6103,both
7527A,6402,both
7527A,6428A,both
7528,408,uslm_only
7528,414,uslm_only
7528,7705,both
7529,6051,uslm_only
7530,1,uslm_only
7601,7212,uslm_only
7602,6103,uslm_only
7602,7604,both
7603,501,uslm_only
7603,581,both
7603,851,uslm_only
7603,6045,both
7603,6420,uslm_only
7603,6421,uslm_only
7603,6427,uslm_only
7603,7602,uslm_only
7603,7612,both
7604,6420,uslm_only
7604,6421,uslm_only
7604,6427,uslm_only
7604,7210,uslm_only
7604,7402,uslm_only
7604,7602,uslm_only
7605,6420,uslm_only
7605,6421,uslm_only
7605,6427,uslm_only
7605,7602,uslm_only
7605,7611,uslm_only
7606,7342,uslm_only
7608,6301,uslm_only
7609,6420,uslm_only
7609,6421,uslm_only
7609,6427,uslm_only
7609,6501,both
7609,6531,uslm_only
7609,6903,uslm_only
7609,7601,uslm_only
7609,7602,both
7609,7603,both
7609,7604,uslm_only
7609,7612,uslm_only
7610,6420,uslm_only
7610,6421,uslm_only
7610,6427,uslm_only
7610,7602,uslm_only
7611,170,uslm_only
7611,501,both
7611,511,both
7611,513,both
7611,6851,uslm_only
7611,6852,uslm_only
7611,6861,uslm_only
7611,7428,both
7611,7430,both
7611,7609,both
7612,267,both
7612,707,uslm_only
7612,6103,uslm_only
7612,7604,both
7613,4423,uslm_only
7613,5557,uslm_only
7613,7302,uslm_only
7651,28,uslm_only
7652,5001,both
7652,5111,both
7652,5314,uslm_only
7652,6302,uslm_only
7652,7651,uslm_only
7654,931,uslm_only
7654,932,uslm_only
7655,931,uslm_only
7655,933,uslm_only
7701,1,uslm_only
7701,2,uslm_only
7701,3,uslm_only
7701,4,uslm_only
7701,5,uslm_only
7701,45X,both
7701,45Y,uslm_only
7701,48,uslm_only
7701,48E,uslm_only
7701,79,both
7701,101,uslm_only
7701,103,uslm_only
7701,104,uslm_only
7701,105,uslm_only
7701,106,uslm_only
7701,125,uslm_only
7701,167,uslm_only
7701,168,uslm_only
7701,170,uslm_only
7701,263A,uslm_only
7701,267,uslm_only
7701,318,both
7701,401,both
7701,402,uslm_only
7701,408,uslm_only
7701,461,uslm_only
7701,501,uslm_only
7701,707,uslm_only
7701,856,uslm_only
7701,860E,both
7701,871,uslm_only
7701,872,uslm_only
7701,877,both
7701,877A,uslm_only
7701,911,both
7701,989,both
7701,1055,uslm_only
7701,1250,uslm_only
7701,1296,both
7701,1441,uslm_only
7701,1442,uslm_only
7701,1443,uslm_only
7701,1461,uslm_only
7701,1501,uslm_only
7701,1504,both
7701,2516,uslm_only
7701,3121,both
7701,6013,both
7701,6109,uslm_only
7701,7806,uslm_only
7701,7871,both
7702,72,both
7702,101,uslm_only
7702,414,both
7702,817,both
7702,1274,uslm_only
7702A,72,both
7702A,7702,both
7702B,11,uslm_only
7702B,12,uslm_only
7702B,23,uslm_only
7702B,72,both
7702B,101,uslm_only
7702B,152,uslm_only
7702B,213,both
7702B,401,both
7702B,403,uslm_only
7702B,404,both
7702B,501,uslm_only
7702B,808,uslm_only
7702B,816,uslm_only
7702B,818,uslm_only
7702B,4980C,uslm_only
7703,151,uslm_only
7703,152,both
7704,11,uslm_only
7704,40A,uslm_only
7704,40B,uslm_only
7704,45,uslm_only
7704,45J,both
7704,45Q,both
7704,48,both
7704,318,uslm_only
7704,611,uslm_only
7704,613,uslm_only
7704,851,both
7704,856,both
7704,1221,both
7704,1231,uslm_only
7704,6426,both
7704,6655,both
7705,414,both
7705,3511,both
7801,301,uslm_only
7803,448,both
7803,6103,both
7803,6108,uslm_only
7803,6212,both
7803,6227,uslm_only
7803,6304,uslm_only
7803,6320,both
7803,6330,uslm_only
7803,6501,uslm_only
7803,6702,both
7803,7521,both
7803,7802,uslm_only
7803,7811,uslm_only
7809,6103,uslm_only
7809,6108,uslm_only
7809,6110,uslm_only
7809,6306,uslm_only
7809,7122,uslm_only
7809,7506,uslm_only
7809,7516,uslm_only
7809,7624,uslm_only
7809,7651,uslm_only
7809,7652,uslm_only
7809,7654,uslm_only
7809,7810,uslm_only
7810,7425,uslm_only
7811,6306,both
7812,9504,uslm_only
7812,9505,uslm_only
7851,1,uslm_only
7851,13,cornell_target_not_in_uslm
7851,26,both
7851,143,uslm_only
7851,144,uslm_only
7851,362,uslm_only
7851,421,uslm_only
7851,4082,both
7851,5411,uslm_only
7851,5554,uslm_only
7851,6405,uslm_only
7851,6416,uslm_only
7851,6531,uslm_only
7851,7502,both
7851,7503,uslm_only
7871,103,both
7871,105,uslm_only
7871,141,uslm_only
7871,144,both
7871,146,both
7871,150,both
7871,164,uslm_only
7871,168,both
7871,170,uslm_only
7871,403,uslm_only
7871,454,uslm_only
7871,511,uslm_only
7871,2055,uslm_only
7871,2106,uslm_only
7871,2522,uslm_only
7871,3121,uslm_only
7872,1,uslm_only
7872,121,uslm_only
7872,163,uslm_only
7872,217,both
7872,483,both
7872,643,both
7872,1272,both
7872,1274,both
7874,11,uslm_only
7874,172,uslm_only
7874,267,both
7874,482,both
7874,707,both
7874,860E,both
7874,894,uslm_only
7874,901,both
7874,1221,uslm_only
7874,1504,both
7874,7701,uslm_only
7874,7852,uslm_only
8021,6103,uslm_only
8022,6405,uslm_only
9002,9003,uslm_only
9002,9004,uslm_only
9002,9006,uslm_only
9003,9002,both
9003,9004,uslm_only
9003,9006,both
9003,9007,uslm_only
9004,9003,uslm_only
9004,9006,uslm_only
9005,9003,uslm_only
9005,9004,uslm_only
9005,9006,both
9005,9007,uslm_only
9005,9011,uslm_only
9006,6096,uslm_only
9006,9005,uslm_only
9006,9008,uslm_only
9006,9037,uslm_only
9007,9004,uslm_only
9007,9006,both
9008,6096,uslm_only
9008,9006,uslm_only
9008,9007,both
9009,9005,both
9009,9007,both
9010,6096,uslm_only
9010,9007,uslm_only
9010,9011,uslm_only
9012,501,both
9012,9002,uslm_only
9012,9004,both
9012,9006,uslm_only
9032,9034,uslm_only
9032,9037,uslm_only
9033,9032,uslm_only
9033,9035,uslm_only
9033,9037,both
9033,9038,uslm_only
9034,9032,uslm_only
9034,9033,uslm_only
9034,9037,uslm_only
9036,9033,both
9036,9034,uslm_only
9036,9037,uslm_only
9036,9038,uslm_only
9036,9041,uslm_only
9037,9006,uslm_only
9037,9008,uslm_only
9037,9033,uslm_only
9037,9036,uslm_only
9038,9034,uslm_only
9038,9037,uslm_only
9039,9036,both
9039,9038,both
9040,9038,uslm_only
9042,9035,uslm_only
9042,9037,uslm_only
9501,402,both
9501,422,both
9501,427,cornell_target_not_in_uslm
9501,433,both
9501,435,cornell_target_not_in_uslm
9501,501,uslm_only
9501,4121,uslm_only
9502,34,both
9502,4041,uslm_only
9502,4043,uslm_only
9502,4081,both
9502,4261,uslm_only
9502,4271,uslm_only
9502,6402,uslm_only
9502,6415,uslm_only
9502,6420,uslm_only
9502,6427,uslm_only
9502,9503,uslm_only
9502,9602,uslm_only
9503,34,both
9503,4041,both
9503,4051,uslm_only
9503,4071,uslm_only
9503,4081,both
9503,4101,uslm_only
9503,4481,uslm_only
9503,6412,uslm_only
9503,6426,uslm_only
9503,6427,both
9503,6715,both
9503,6715A,both
9503,6717,both
9503,6718,both
9503,6719,both
9503,6720A,both
9503,6725,both
9503,7232,both
9503,7272,both
9503,9508,uslm_only
9503,9602,uslm_only
9504,15,both
9504,4161,uslm_only
9504,9503,both
9504,9602,uslm_only
9505,4461,uslm_only
9505,9602,uslm_only
9506,4042,uslm_only
9506,9602,uslm_only
9507,107,uslm_only
9507,111,uslm_only
9507,4611,uslm_only
9507,4661,uslm_only
9507,4671,uslm_only
9507,9602,uslm_only
9508,4041,both
9508,4042,uslm_only
9508,4081,both
9508,9503,both
9508,9602,uslm_only
9509,311,uslm_only
9509,4611,uslm_only
9509,9602,uslm_only
9510,4131,uslm_only
9510,4132,both
9510,6416,uslm_only
9510,9602,uslm_only
9511,937,uslm_only
9511,9602,uslm_only
9701,52,both
9701,267,uslm_only
9701,404,both
9701,9702,uslm_only
9701,9703,uslm_only
9701,9704,both
9701,9706,uslm_only
9701,9712,uslm_only
9702,501,uslm_only
9702,9706,uslm_only
9703,9704,both
9703,9705,uslm_only
9704,52,uslm_only
9704,404,both
9704,7701,both
9704,9701,both
9704,9703,uslm_only
9704,9705,both
9704,9706,both
9705,4980,uslm_only
9705,9704,uslm_only
9706,6103,both
9706,9704,both
9707,4980B,uslm_only
9707,9704,both
9711,9704,both
9711,9712,both
9712,501,uslm_only
9712,9704,uslm_only
9712,9711,both
9801,4980B,uslm_only
9801,7527,both
9801,9832,both
9802,414,both
9802,9801,both
9802,9831,uslm_only
9802,9832,both
9803,414,both
9803,9802,both
9812,414,both
9812,4980D,uslm_only
9816,514,both
9816,9817,uslm_only
9817,9816,both
9820,9816,both
9826,164,uslm_only
9826,4980D,both
9826,9825,uslm_only
9831,1,uslm_only
9831,105,both
9831,213,uslm_only
9831,4980H,uslm_only
9831,5000A,both
9831,9826,uslm_only
9831,9832,both
9832,213,both
9832,414,uslm_only
9832,4980B,uslm_only
9832,5000,uslm_only
9832,9801,uslm_only
9834,4980D,uslm_only
