source_section,target_section,status
1,1059,both
1,1202,both
1,1212,both
1,1231,both
1,1250,both
1,1295,both
1,1297,both
1,15,both
1,151,both
1,152,both
1,163,both
1,2,both
1,246,both
1,3402,both
1,3406,both
1,404,both
1,408,both
1,501,both
1,521,both
1,57,both
1,591,both
1,6012,both
1,6013,both
1,63,both
1,642,both
1,652,both
1,662,both
1,68,both
1,751,both
1,7703,both
1,7874,both
1,854,both
1,857,both
1,904,both
1,911,both
1001,1011,both
1001,1014,both
1001,1015,both
1001,1041,both
1001,164,both
101,105,both
101,264,both
101,267,both
101,401,both
101,414,both
101,4980C,both
101,501,both
101,52,both
101,692,both
101,707,both
101,72,both
101,7702,both
101,7702A,both
101,7702B,both
101,817,both
1011,1012,both
1011,1016,both
1011,170,both
1012,164,both
1012,6045,both
1014,2001,both
1014,2031,both
1014,2032,both
1014,2032A,both
1014,2044,both
1014,6018,both
1014,6035,both
1014,691,both
1014,72,both
1014,811,both
1014,992,both
1014,995,both
1014,996,both
1015,1016,both
1015,1041,both
1015,2503,both
1015,2513,both
1015,2521,both
1015,2522,both
1015,2523,both
1016,1,both
1016,1020,both
1016,1034,both
1016,1042,both
1016,1043,both
1016,1045,both
1016,1059,both
1016,1367,both
1016,137,both
1016,1397B,both
1016,167,both
1016,171,both
1016,173,both
1016,174,both
1016,174A,both
1016,179B,both
1016,179D,both
1016,2001,both
1016,2032,both
1016,2032A,both
1016,23,both
1016,25C,both
1016,25D,both
1016,266,both
1016,268,both
1016,272,both
1016,30B,both
1016,30C,both
1016,30D,both
1016,38,both
1016,4064,both
1016,45F,both
1016,45G,both
1016,45L,both
1016,50,both
1016,59,both
1016,614,both
1016,616,both
1016,6601,both
1016,75,both
1016,77,both
1016,811,both
1016,961,both
1017,108,both
1017,1221,both
1017,1245,both
1017,1250,both
1017,1501,both
1019,109,both
102,132,both
102,74,both
1023,301,both
103,141,both
103,148,both
103,149,both
1031,1033,both
1031,1035,both
1031,1036,both
1031,1037,both
1031,267,both
1031,357,both
1031,707,both
1031,761,both
1032,1234B,both
1032,362,both
1033,1012,both
1033,1017,both
1033,121,both
1033,1223,both
1033,1231,both
1033,165,both
1033,179,both
1033,267,both
1033,6212,both
1033,6501,both
1033,707,both
1035,1031,both
1036,1031,both
1036,351,both
1037,1031,both
1037,1271,both
1037,454,both
1038,121,both
1038,691,both
104,106,both
104,213,both
104,401,both
104,403,both
104,404,both
104,501,both
104,692,both
1040,2032A,both
1042,1278,both
1042,1362,both
1042,1504,both
1042,1563,both
1042,165,both
1042,304,both
1042,318,both
1042,368,both
1042,401,both
1042,409,both
1042,422,both
1042,423,both
1042,424,both
1042,4975,both
1042,4978,both
1042,4979A,both
1042,581,both
1042,83,both
1042,954,both
1043,1012,both
1045,1012,both
1045,1202,both
1045,1223,both
105,104,both
105,115,both
105,152,both
105,213,both
105,318,both
105,401,both
105,414,both
105,501,both
105,861,both
105,911,both
1052,113,both
1053,1016,both
1054,162,both
1055,163,both
1058,1236,both
1059,243,both
1059,246,both
1059,301,both
1059,302,both
1059,304,both
1059,318,both
1059,356,both
1059A,482,both
106,105,both
106,213,both
106,220,both
106,223,both
106,4980B,both
106,4980E,both
106,4980G,both
106,5000A,both
106,6012,both
106,72,both
106,7702B,both
106,9831,both
1060,1031,both
1060,197,both
1060,267,both
1060,318,both
1060,338,both
1060,6721,both
1060,707,both
1060,755,both
1061,1,both
1061,2,both
1061,318,both
1061,475,both
1061,83,both
1062,2032A,both
108,1017,both
108,118,both
108,121,both
108,1212,both
108,1245,both
108,1273,both
108,1274,both
108,1275,both
108,1366,both
108,1367,both
108,1398,both
108,163,both
108,166,both
108,170,both
108,24,both
108,267,both
108,27,both
108,354,both
108,355,both
108,356,both
108,368,both
108,38,both
108,414,both
108,469,both
108,49,both
108,501,both
108,53,both
108,704,both
108,707,both
108,731,both
108,752,both
108,856,both
1091,1234B,both
1091,165,both
1092,1091,both
1092,1221,both
1092,1233,both
1092,1256,both
1092,1501,both
1092,1504,both
1092,246,both
1092,263,both
11,55,both
11,594,both
11,882,both
110,168,both
111,46,both
111,531,both
111,541,both
112,351,both
117,132,both
117,170,both
117,414,both
118,108,both
118,1231,both
118,362,both
118,7701,both
119,170,both
12,1442,both
12,511,both
12,55,both
12,891,both
1202,1,both
1202,1223,both
1202,1244,both
1202,1397C,both
1202,1563,both
1202,174,both
1202,174A,both
1202,195,both
1202,267,both
1202,304,both
1202,351,both
1202,368,both
1202,41,both
1202,543,both
1202,613,both
1202,613A,both
1202,707,both
1202,7703,both
121,1031,both
121,1033,both
121,1034,both
121,1041,both
121,1223,both
121,1250,both
121,216,both
121,267,both
121,5,both
121,707,both
121,877,both
1212,1211,both
1212,1256,both
1212,151,both
1212,165,both
1212,172,both
1212,851,both
1212,856,both
122,72,both
1221,1256,both
1221,167,both
1222,1211,both
1222,1212,both
1223,1014,both
1223,1033,both
1223,1040,both
1223,1042,both
1223,1043,both
1223,1045,both
1223,1091,both
1223,1202,both
1223,1221,both
1223,1231,both
1223,1234B,both
1223,1256,both
1223,1397B,both
1223,2032A,both
1223,307,both
1223,355,both
1223,356,both
1223,735,both
1231,1211,both
1231,1221,both
1231,167,both
1231,631,both
1233,1092,both
1233,1223,both
1233,1234,both
1233,1234B,both
1233,1236,both
1234,1221,both
1234,1233,both
1234,1256,both
1234A,1234B,both
1234A,1256,both
1234B,1092,both
1234B,1221,both
1234B,1233,both
1234B,1256,both
1235,267,both
1235,707,both
1235,871,both
1236,582,both
1237,267,both
1239,167,both
1239,267,both
1239,318,both
1239,419,both
1242,172,both
1244,172,both
1244,243,both
1244,245,both
1244,368,both
1244,6013,both
1245,1031,both
1245,1033,both
1245,167,both
1245,168,both
1245,169,both
1245,179,both
1245,179B,both
1245,179C,both
1245,179D,both
1245,179E,both
1245,181,both
1245,188,both
1245,190,both
1245,193,both
1245,194,both
1245,197,both
1245,332,both
1245,351,both
1245,361,both
1245,511,both
1245,513,both
1245,521,both
1245,691,both
1245,721,both
1245,731,both
1245,751,both
1248,1221,both
1248,1293,both
1248,245A,both
1248,303,both
1248,311,both
1248,312,both
1248,337,both
1248,355,both
1248,361,both
1248,902,both
1248,951,both
1248,957,both
1248,958,both
1248,959,both
1249,1231,both
1249,7701,both
1249,958,both
125,1,both
125,105,both
125,106,both
125,117,both
125,127,both
125,129,both
125,132,both
125,152,both
125,170,both
125,401,both
125,410,both
125,414,both
125,416,both
125,52,both
125,6039D,both
125,79,both
1250,1016,both
1250,1031,both
1250,1033,both
1250,1039,both
1250,1223,both
1250,1245,both
1250,167,both
1250,168,both
1250,291,both
1250,332,both
1250,351,both
1250,361,both
1250,511,both
1250,513,both
1250,521,both
1250,691,both
1250,721,both
1250,731,both
1250,751,both
1252,1245,both
1252,175,both
1253,162,both
1254,1245,both
1254,263,both
1254,611,both
1254,614,both
1254,616,both
1254,617,both
1254,751,both
1255,1245,both
1255,126,both
1255,170,both
1255,751,both
1256,1091,both
1256,1092,both
1256,1221,both
1256,1234B,both
1256,263,both
1256,461,both
1256,465,both
1257,1245,both
1257,170,both
1257,751,both
1258,1092,both
1258,1256,both
1258,1274,both
1258,263,both
1258,461,both
1258,6621,both
1259,1092,both
1259,246,both
1259,267,both
1259,453,both
1259,707,both
1259,860G,both
126,1016,both
126,1255,both
1260,1,both
1260,1274,both
1260,1297,both
1260,55,both
1260,6601,both
127,1,both
127,117,both
127,1563,both
127,162,both
127,212,both
127,221,both
127,401,both
127,414,both
127,6039D,both
1271,1272,both
1271,1286,both
1272,811,both
1273,1274,both
1274,121,both
1274,1235,both
1274,1244,both
1274,1273,both
1274,1274A,both
1274,483,both
1274,6420,both
1274,6662,both
1274A,1,both
1274A,1274,both
1274A,38,both
1274A,48,both
1274A,483,both
1275,103,both
1275,1272,both
1275,1273,both
1275,1274,both
1275,163,both
1275,212,both
1275,483,both
1275,501,both
1275,6706,both
1275,72,both
1276,103,both
1276,1245,both
1276,1272,both
1276,1441,both
1276,1442,both
1276,351,both
1276,354,both
1276,355,both
1276,356,both
1276,6049,both
1276,732,both
1276,871,both
1276,881,both
1277,1276,both
1277,265,both
1277,291,both
1277,585,both
1278,1012,both
1278,103,both
1278,1272,both
1278,1275,both
1278,1276,both
1278,1277,both
1278,1441,both
1278,1442,both
1278,368,both
1278,453B,both
1278,6049,both
1278,871,both
1278,881,both
128,1,both
128,129,both
1281,1256,both
1281,1283,both
1281,581,both
1282,1277,both
1282,1281,both
1282,1283,both
1283,1271,both
1283,1273,both
1283,1275,both
1283,1281,both
1283,1282,both
1283,454,both
1286,1272,both
1286,1273,both
1286,1275,both
1286,305,both
1287,163,both
1287,4701,both
1288,1272,both
1288,1273,both
1288,1274,both
1288,1275,both
1288,1283,both
1288,163,both
1288,483,both
129,151,both
129,152,both
129,1563,both
129,21,both
129,32,both
129,401,both
129,410,both
129,414,both
129,501,both
1291,1,both
1291,1014,both
1291,11,both
1291,1223,both
1291,1248,both
1291,1293,both
1291,1296,both
1291,475,both
1291,642,both
1291,6601,both
1291,6621,both
1291,78,both
1291,901,both
1291,904,both
1291,957,both
1291,959,both
1293,11,both
1293,1298,both
1293,312,both
1293,902,both
1293,951,both
1293,957,both
1293,959,both
1293,960,both
1294,1293,both
1294,6165,both
1294,6601,both
1294,951,both
1296,1014,both
1296,1291,both
1296,851,both
1296,954,both
1297,1298,both
1297,951,both
1297,954,both
1297,958,both
1297,971,both
1298,1274,both
1298,1291,both
1298,1293,both
1298,1297,both
1298,174,both
1298,367,both
1298,531,both
1298,642,both
1298,951,both
1298,954,both
1298,957,both
1298,959,both
130,104,both
1301,1,both
1301,263A,both
1311,1312,both
1311,1313,both
1311,1314,both
1311,6212,both
1311,7122,both
1312,1015,both
1312,1311,both
1312,1313,both
1313,1504,both
1313,7121,both
1313,7701,both
1314,1212,both
1314,1311,both
1314,1313,both
1314,172,both
1314,6211,both
132,1,both
132,119,both
132,127,both
132,1504,both
132,152,both
132,162,both
132,167,both
132,217,both
132,219,both
132,401,both
132,414,both
134,112,both
1341,1212,both
1341,172,both
1341,7701,both
135,1,both
135,102,both
135,117,both
135,137,both
135,151,both
135,219,both
135,221,both
135,25A,both
135,469,both
135,529,both
135,530,both
135,72,both
135,7703,both
135,85,both
135,86,both
135,911,both
135,931,both
135,933,both
1351,1033,both
1351,11,both
1351,111,both
1351,1212,both
1351,1273,both
1351,1314,both
1351,165,both
1351,166,both
1351,172,both
1351,27,both
1351,38,both
1351,801,both
1351,807,both
1352,11,both
1353,883,both
1355,1354,both
1355,52,both
1358,1352,both
1358,482,both
1359,6212,both
136,280A,both
1361,1012,both
1361,1362,both
1361,1368,both
1361,152,both
1361,170,both
1361,351,both
1361,368,both
1361,401,both
1361,408,both
1361,408A,both
1361,465,both
1361,469,both
1361,481,both
1361,501,both
1361,581,both
1361,585,both
1361,593,both
1361,641,both
1361,643,both
1361,663,both
1361,664,both
1361,678,both
1362,1221,both
1362,1361,both
1362,1366,both
1362,1504,both
1362,338,both
1362,443,both
1362,542,both
1362,581,both
1363,1362,both
1363,1366,both
1363,1367,both
1363,1371,both
1363,248,both
1363,291,both
1363,471,both
1363,472,both
1363,617,both
1363,6601,both
1363,703,both
1363,901,both
1366,1041,both
1366,1367,both
1366,1374,both
1366,1375,both
1366,34,both
1366,465,both
1366,702,both
1366,704,both
1367,1014,both
1367,1366,both
1367,1368,both
1367,165,both
1367,166,both
1367,170,both
1367,613A,both
1367,691,both
1368,1361,both
1368,1367,both
1368,301,both
1368,302,both
1368,303,both
137,1,both
137,127,both
137,135,both
137,219,both
137,23,both
137,469,both
137,541,both
137,85,both
137,86,both
1371,1362,both
1371,1368,both
1371,1377,both
1371,481,both
1371,49,both
1371,50,both
1372,318,both
1373,904,both
1374,11,both
1374,1362,both
1374,1371,both
1374,1375,both
1374,34,both
1374,39,both
1374,453,both
1374,593,both
1375,11,both
1375,1362,both
1375,1374,both
1375,172,both
1375,248,both
1375,34,both
1375,63,both
1377,1313,both
1377,1362,both
1377,1366,both
1377,1368,both
1377,1371,both
1379,1362,both
1379,1372,both
1379,1375,both
138,220,both
138,72,both
1381,11,both
1381,501,both
1381,521,both
1382,1381,both
1382,1388,both
1383,1382,both
1385,1381,both
1385,1382,both
1388,1382,both
1388,1385,both
1388,381,both
1388,521,both
139,165,both
139,692,both
1391,1392,both
1391,1393,both
1392,1391,both
1392,143,both
1393,1391,both
1393,143,both
1393,168,both
1394,1391,both
1394,1397C,both
1394,1397D,both
1394,144,both
1394,146,both
1394,147,both
1394,150,both
1396,144,both
1396,2032A,both
1396,38,both
1396,381,both
1396,416,both
1396,51,both
1397,127,both
1397,1396,both
1397,267,both
1397,51,both
1397,52,both
1397,707,both
1397A,179,both
1397B,1012,both
1397B,1202,both
1397B,1223,both
1397B,1391,both
1397B,1397C,both
1397C,1221,both
1397C,1397,both
1397C,144,both
1397C,168,both
1397C,2032A,both
1397C,408,both
1397D,168,both
1397D,179,both
1398,1,both
1398,111,both
1398,1212,both
1398,170,both
1398,172,both
1398,442,both
1398,443,both
1398,7703,both
1399,1398,both
139B,164,both
139B,170,both
139C,104,both
139C,402,both
139D,105,both
139D,152,both
139D,213,both
139D,45A,both
139E,152,both
139G,247,both
139G,646,both
139J,530A,both
139K,25F,both
139L,265,both
139L,7701,both
1400Z-2,1202,both
1400Z-2,1397C,both
1400Z-2,144,both
1400Z-2,179,both
1400Z-2,267,both
1400Z-2,6621,both
1400Z-2,691,both
1400Z-2,707,both
1401,3121,both
1401,7703,both
1402,107,both
1402,119,both
1402,1256,both
1402,1401,both
1402,151,both
1402,162,both
1402,164,both
1402,172,both
1402,199,both
1402,3121,both
1402,3201,both
1402,3211,both
1402,3231,both
1402,414,both
1402,631,both
1402,702,both
1402,707,both
1402,761,both
1402,7873,both
1402,911,both
1402,931,both
1402,933,both
1403,6017,both
1403,7651,both
141,1,both
141,142,both
141,146,both
141,147,both
141,148,both
1411,1,both
1411,1401,both
1411,170,both
1411,2,both
1411,401,both
1411,403,both
1411,408,both
1411,408A,both
1411,457,both
1411,469,both
1411,475,both
1411,6013,both
1411,67,both
1411,7703,both
1411,911,both
142,103,both
142,1391,both
142,1393,both
142,141,both
142,143,both
142,144,both
142,146,both
142,147,both
142,150,both
142,167,both
142,168,both
142,179,both
142,42,both
142,45Q,both
142,6652,both
142,7872,both
143,103,both
143,1033,both
143,1034,both
143,1041,both
143,121,both
143,1273,both
143,1274,both
143,141,both
143,142,both
143,148,both
143,165,both
143,216,both
143,25,both
144,103,both
144,1253,both
144,141,both
144,142,both
144,146,both
144,147,both
144,1563,both
144,174A,both
144,197,both
144,267,both
144,41,both
144,513,both
144,707,both
1441,117,both
1441,1273,both
1441,1451,both
1441,170,both
1441,501,both
1441,631,both
1441,638,both
1441,871,both
1441,874,both
1442,1441,both
1442,842,both
1442,871,both
1442,881,both
1442,882,both
1443,4948,both
1443,511,both
1443,512,both
1444,1441,both
1444,1442,both
1444,871,both
1444,881,both
1445,11,both
1445,301,both
1445,302,both
1445,871,both
1445,882,both
1445,897,both
1446,1,both
1446,11,both
1446,1445,both
1446,33,both
1446,613,both
1446,613A,both
1446,6655,both
1446,703,both
1446,704,both
1446,864,both
145,103,both
145,141,both
145,142,both
145,144,both
145,146,both
145,47,both
145,513,both
146,1,both
146,141,both
146,142,both
146,143,both
146,147,both
146,25,both
147,1,both
147,108,both
147,142,both
147,144,both
147,150,both
147,1563,both
147,267,both
147,4261,both
147,47,both
147,6420,both
147,707,both
1471,1441,both
1471,1504,both
1471,475,both
1471,6041,both
1471,6042,both
1471,6045,both
1471,6049,both
1471,954,both
1472,1471,both
1472,937,both
1473,1471,both
1473,4947,both
1473,501,both
1473,581,both
1473,584,both
1473,664,both
1473,851,both
1473,856,both
1473,861,both
1473,871,both
1473,882,both
1474,1471,both
1474,3406,both
1474,6103,both
148,103,both
148,1273,both
148,1274,both
148,141,both
148,142,both
148,147,both
148,165,both
148,57,both
148,6621,both
149,103,both
149,141,both
149,143,both
149,144,both
149,146,both
149,148,both
149,150,both
149,1504,both
149,57,both
15,1,both
15,11,both
150,103,both
150,142,both
150,147,both
150,149,both
150,4942,both
150,501,both
150,513,both
1501,1502,both
1503,108,both
1503,1212,both
1503,1231,both
1503,1502,both
1503,1504,both
1503,172,both
1503,312,both
1503,34,both
1503,50,both
1503,801,both
1504,1563,both
1504,243,both
1504,501,both
1504,542,both
1504,801,both
1504,992,both
1505,482,both
1505,6503,both
151,1,both
151,152,both
151,24,both
151,68,both
151,7703,both
151,911,both
151,931,both
151,933,both
152,105,both
152,121,both
152,132,both
152,151,both
152,170,both
152,2,both
152,213,both
152,22,both
152,24,both
152,32,both
152,501,both
152,6013,both
152,7703,both
153,151,both
153,642,both
153,7703,both
153,873,both
1561,1563,both
1561,535,both
1563,3121,both
1563,401,both
1563,501,both
1563,511,both
1563,801,both
1563,881,both
161,63,both
162,1,both
162,120,both
162,1237,both
162,1253,both
162,1256,both
162,1372,both
162,1402,both
162,1504,both
162,152,both
162,1563,both
162,163,both
162,170,both
162,213,both
162,280G,both
162,3121,both
162,4,both
162,401,both
162,404,both
162,414,both
162,419,both
162,465,both
162,4911,both
162,4985,both
162,5000A,both
162,561,both
162,6033,both
162,62,both
162,67,both
162,7454,both
162,7702B,both
162,954,both
162,9832,both
163,1,both
163,1055,both
163,108,both
163,121,both
163,1272,both
163,1273,both
163,1274,both
163,1275,both
163,1283,both
163,1288,both
163,1297,both
163,149,both
163,168,both
163,170,both
163,172,both
163,199A,both
163,2001,both
163,216,both
163,221,both
163,243,both
163,245,both
163,245A,both
163,246,both
163,246A,both
163,25,both
163,26,both
163,263,both
163,263A,both
163,264,both
163,265,both
163,266,both
163,267,both
163,280A,both
163,448,both
163,453,both
163,469,both
163,475,both
163,59A,both
163,6163,both
163,6166,both
163,6601,both
163,6662A,both
163,6664,both
163,707,both
163,78,both
163,871,both
163,911,both
163,931,both
163,933,both
163,951,both
163,951A,both
163,952,both
163,957,both
163,958,both
163,964,both
164,1401,both
164,212,both
164,2601,both
164,2604,both
164,275,both
164,461,both
164,666,both
164,68,both
164,7871,both
164,911,both
164,931,both
164,933,both
165,1011,both
165,1211,both
165,1212,both
165,1242,both
165,1243,both
165,1244,both
165,1287,both
165,1504,both
165,163,both
165,166,both
165,267,both
165,271,both
165,4701,both
165,581,both
165,582,both
165,591,both
166,1011,both
166,165,both
166,271,both
166,582,both
167,1001,both
167,1011,both
167,1274,both
167,168,both
167,197,both
167,263,both
167,263A,both
167,267,both
167,273,both
167,305,both
167,404,both
167,419,both
167,448,both
167,460,both
167,461,both
167,52,both
167,611,both
167,613A,both
167,638,both
167,6654,both
167,6655,both
168,103,both
168,110,both
168,1245,both
168,1250,both
168,142,both
168,163,both
168,167,both
168,174,both
168,179,both
168,179C,both
168,181,both
168,263A,both
168,280F,both
168,3,both
168,318,both
168,332,both
168,351,both
168,361,both
168,40,both
168,45Y,both
168,465,both
168,48,both
168,48E,both
168,501,both
168,511,both
168,514,both
168,521,both
168,55,both
168,56,both
168,704,both
168,721,both
168,731,both
168,7701,both
168,931,both
168,933,both
168,951,both
168,954,both
169,1245,both
169,167,both
170,1012,both
170,1212,both
170,1221,both
170,1231,both
170,1245,both
170,1250,both
170,1252,both
170,1254,both
170,152,both
170,162,both
170,172,both
170,174,both
170,197,both
170,199A,both
170,2032A,both
170,2055,both
170,2106,both
170,248,both
170,2522,both
170,263A,both
170,267,both
170,3304,both
170,41,both
170,414,both
170,47,both
170,471,both
170,4942,both
170,4943,both
170,4948,both
170,4966,both
170,501,both
170,508,both
170,509,both
170,542,both
170,545,both
170,584,both
170,6033,both
170,6050L,both
170,617,both
170,642,both
170,664,both
170,671,both
170,702,both
170,707,both
170,751,both
170,752,both
170,755,both
170,7871,both
170,873,both
171,1016,both
171,1272,both
171,368,both
171,584,both
171,75,both
172,1202,both
172,151,both
172,165,both
172,167,both
172,199A,both
172,243,both
172,246,both
172,250,both
172,263A,both
172,381,both
172,382,both
172,401,both
172,404,both
172,561,both
172,810,both
172,816,both
172,857,both
172,965,both
173,263,both
173,59,both
174,167,both
174,41,both
174,611,both
174A,167,both
174A,263,both
174A,41,both
174A,611,both
175,167,both
176,3121,both
179,1,both
179,1014,both
179,1245,both
179,1563,both
179,162,both
179,167,both
179,168,both
179,197,both
179,267,both
179,280F,both
179,38,both
179,50,both
179,707,both
179B,1245,both
179B,1382,both
179B,167,both
179B,280B,both
179B,45H,both
179C,1382,both
179C,45K,both
179D,1,both
179D,30D,both
179D,45,both
179E,179,both
181,167,both
181,168,both
181,194,both
181,45D,both
183,162,both
183,212,both
186,172,both
192,162,both
192,501,both
193,212,both
193,263,both
194,1563,both
194,7703,both
194A,501,both
195,163,both
195,164,both
195,165,both
195,174,both
195,174A,both
196,1396,both
196,280C,both
196,38,both
196,39,both
196,40,both
196,40A,both
196,41,both
196,43,both
196,45A,both
196,45B,both
196,45D,both
196,45E,both
196,45H,both
196,45L,both
196,45R,both
196,46,both
196,50,both
196,51,both
197,1014,both
197,1031,both
197,1033,both
197,1253,both
197,167,both
197,168,both
197,212,both
197,267,both
197,332,both
197,351,both
197,361,both
197,41,both
197,707,both
197,721,both
197,731,both
197,732,both
197,734,both
197,743,both
197,848,both
198,1221,both
198,1245,both
198,167,both
198,280B,both
198,4612,both
198,468,both
199A,1,both
199A,1202,both
199A,1221,both
199A,1382,both
199A,1385,both
199A,1504,both
199A,1563,both
199A,167,both
199A,168,both
199A,179,both
199A,199,both
199A,224,both
199A,3401,both
199A,414,both
199A,469,both
199A,475,both
199A,511,both
199A,52,both
199A,55,both
199A,56,both
199A,6051,both
199A,68,both
199A,707,both
199A,751,both
199A,7704,both
199A,857,both
199A,864,both
199A,954,both
2,1,both
2,112,both
2,151,both
2,152,both
2,55,both
2,6013,both
2,63,both
2,7703,both
2,871,both
2,877,both
2001,2010,both
2001,2012,both
2001,2035,both
2001,2502,both
2001,2503,both
2001,2505,both
2001,2513,both
2001,2701,both
2001,6501,both
2010,1,both
2010,2001,both
2010,2521,both
2010,6501,both
2012,2001,both
2012,2010,both
2012,2055,both
2012,2056,both
2012,2106,both
2012,2503,both
2012,2513,both
2012,2522,both
2012,2523,both
2013,2001,both
2013,2010,both
2013,2012,both
2013,2014,both
2013,2032A,both
2013,2041,both
2013,2053,both
2013,2054,both
2013,2055,both
2013,2056,both
2013,2101,both
2013,2106,both
2014,2001,both
2014,2010,both
2014,2012,both
2014,2053,both
2014,2055,both
2014,2056,both
2014,6018,both
2014,6161,both
2014,6213,both
2014,6511,both
2014,6512,both
2015,2001,both
2015,2014,both
2015,2101,both
2015,6163,both
2016,2014,both
2016,6501,both
2031,170,both
2031,2001,both
2031,2032A,both
2031,2055,both
2031,2057,both
2031,7517,both
2032,2055,both
2032,2056,both
2032,2106,both
2032A,1,both
2032A,1014,both
2032A,1031,both
2032A,1033,both
2032A,1402,both
2032A,152,both
2032A,170,both
2032A,2001,both
2032A,2053,both
2032A,6166,both
2032A,6324B,both
2035,2032A,both
2035,2036,both
2035,2037,both
2035,2038,both
2035,2042,both
2035,303,both
2035,6019,both
2035,6166,both
2035,672,both
2035,676,both
2036,2035,both
2036,318,both
2037,2041,both
2041,2035,both
2041,2036,both
2041,2037,both
2043,2035,both
2043,2041,both
2043,2053,both
2043,2516,both
2044,2056,both
2044,2519,both
2044,2523,both
2045,2034,both
2046,2518,both
2051,2001,both
2053,2001,both
2053,2014,both
2053,2043,both
2053,2044,both
2053,2054,both
2053,2055,both
2053,2106,both
2053,6166,both
2053,6501,both
2053,6601,both
2054,2001,both
2055,170,both
2055,2001,both
2055,2032,both
2055,2041,both
2055,4942,both
2055,4943,both
2055,4947,both
2055,4948,both
2055,4966,both
2055,501,both
2055,508,both
2055,509,both
2055,642,both
2055,664,both
2055,7871,both
2056,170,both
2056,2001,both
2056,2013,both
2056,2033,both
2056,2039,both
2056,2040,both
2056,2056A,both
2056,4975,both
2056,664,both
2056A,1015,both
2056A,2001,both
2056A,2010,both
2056A,2014,both
2056A,2032,both
2056A,2032A,both
2056A,2055,both
2056A,2056,both
2056A,2058,both
2056A,2204,both
2056A,2501,both
2056A,2505,both
2056A,303,both
2056A,6161,both
2056A,6166,both
2056A,6324,both
2056A,643,both
2058,2001,both
2058,6018,both
2058,6161,both
2058,6166,both
2058,6213,both
2058,6511,both
2058,6512,both
2058,6532,both
21,129,both
21,151,both
21,152,both
21,170,both
21,32,both
21,501,both
2101,2001,both
2101,2106,both
2101,2107,both
2101,2503,both
2101,2511,both
2102,2010,both
2102,2012,both
2102,2013,both
2102,2101,both
2102,2209,both
2102,2505,both
2103,2031,both
2103,2101,both
2104,2035,both
2104,2105,both
2105,2104,both
2105,851,both
2105,871,both
2106,2032,both
2106,2041,both
2106,2053,both
2106,2054,both
2106,2055,both
2106,2056,both
2106,2058,both
2106,2101,both
2106,2103,both
2106,501,both
2106,6018,both
2106,7871,both
2107,2001,both
2107,2010,both
2107,2012,both
2107,2013,both
2107,2035,both
2107,2101,both
2107,2102,both
2107,2103,both
2107,2106,both
2107,877,both
2107,958,both
2108,2101,both
211,261,both
211,63,both
213,1,both
213,105,both
213,152,both
213,2053,both
213,21,both
213,267,both
213,6013,both
213,707,both
213,7702B,both
216,121,both
216,163,both
216,164,both
216,167,both
219,1,both
219,112,both
219,135,both
219,137,both
219,1402,both
219,221,both
219,3401,both
219,401,both
219,402,both
219,403,both
219,408,both
219,408A,both
219,415,both
219,457,both
219,469,both
219,4973,both
219,501,both
219,85,both
219,86,both
219,911,both
22,104,both
22,105,both
22,72,both
22,7703,both
22,86,both
220,1,both
220,106,both
220,121,both
220,151,both
220,152,both
220,213,both
220,219,both
220,223,both
220,401,both
220,408,both
220,414,both
220,511,both
220,6693,both
220,691,both
220,72,both
220,7702B,both
220,816,both
2201,112,both
2201,2001,both
2201,2010,both
2201,2101,both
2201,692,both
2204,6103,both
2204,6161,both
2204,6163,both
2204,6166,both
2204,6324A,both
2204,6501,both
2206,2056,both
2207,2041,both
2207,2056,both
2207A,2044,both
2207A,2519,both
2207B,2036,both
2207B,664,both
221,1,both
221,127,both
221,135,both
221,137,both
221,151,both
221,152,both
221,219,both
221,25A,both
221,267,both
221,469,both
221,529,both
221,530,both
221,707,both
221,72,both
221,7703,both
221,85,both
221,86,both
223,1,both
223,106,both
223,121,both
223,151,both
223,152,both
223,213,both
223,219,both
223,220,both
223,408,both
223,511,both
223,691,both
223,72,both
223,7702B,both
223,816,both
223,9816,both
223,9817,both
224,199A,both
224,24,both
224,6041,both
224,6041A,both
224,6050W,both
224,6051,both
224,7703,both
224,911,both
224,931,both
224,933,both
225,224,both
225,24,both
225,6041,both
225,6051,both
225,7703,both
225,911,both
225,931,both
225,933,both
226,691,both
23,1,both
23,137,both
23,21,both
23,217,both
23,25D,both
23,26,both
23,911,both
23,931,both
23,933,both
24,1,both
24,112,both
24,1401,both
24,151,both
24,152,both
24,2,both
24,26,both
24,3101,both
24,3121,both
24,32,both
24,3201,both
24,3211,both
24,6213,both
24,6413,both
24,7527A,both
24,7703,both
24,911,both
24,931,both
24,933,both
24,937,both
243,1504,both
243,1563,both
243,245,both
243,591,both
243,801,both
243,854,both
243,856,both
243,901,both
245,1248,both
245,1562,both
245,243,both
245,901,both
245,904,both
245,907,both
245,960,both
245,964,both
245,986,both
245A,1291,both
245A,1297,both
245A,245,both
245A,901,both
245A,951,both
245A,964,both
245A,986,both
246,1059,both
246,1092,both
246,1212,both
246,1223,both
246,172,both
246,199A,both
246,243,both
246,245,both
246,245A,both
246,250,both
246,501,both
246,521,both
246,992,both
246,995,both
246A,1504,both
246A,243,both
246A,245,both
246A,581,both
246A,7701,both
247,1223,both
247,646,both
247,6501,both
249,1273,both
249,1274,both
249,1563,both
25,121,both
25,143,both
25,144,both
25,146,both
25,23,both
25,25D,both
25,26,both
250,1504,both
250,367,both
250,78,both
250,904,both
250,907,both
250,951,both
250,951A,both
250,954,both
2501,1015,both
2501,2502,both
2501,2511,both
2501,501,both
2501,527,both
2501,877,both
2501,958,both
2502,2001,both
2502,2501,both
2503,1,both
2503,170,both
2503,213,both
2503,2514,both
2503,2522,both
2503,401,both
2503,417,both
2503,4942,both
2503,501,both
2503,509,both
2504,2001,both
2504,2502,both
2504,2521,both
2504,2701,both
2504,6501,both
2505,2010,both
2505,2501,both
2505,2502,both
2505,2521,both
2511,2501,both
2512,7517,both
2513,2514,both
2513,6212,both
2519,2056,both
2519,2207A,both
2519,2523,both
2522,170,both
2522,2055,both
2522,4943,both
2522,4948,both
2522,4966,both
2522,501,both
2522,508,both
2522,642,both
2522,664,both
2522,7871,both
2523,2044,both
2523,2056,both
2523,2503,both
2523,2515,both
2523,2515A,both
2523,2519,both
2523,6019,both
2523,6075,both
2524,2522,both
2524,2523,both
25A,1,both
25A,102,both
25A,117,both
25A,151,both
25A,24,both
25A,26,both
25A,6013,both
25A,6050S,both
25A,7703,both
25A,911,both
25A,931,both
25A,933,both
25B,1,both
25B,151,both
25B,152,both
25B,219,both
25B,401,both
25B,402,both
25B,404,both
25B,408,both
25B,408A,both
25B,457,both
25B,4974,both
25B,529A,both
25B,72,both
25B,911,both
25B,931,both
25B,933,both
25C,121,both
25C,25D,both
25C,40,both
25C,40A,both
25C,45Z,both
25C,48,both
25D,121,both
25D,216,both
25D,26,both
25D,48,both
25D,528,both
25E,151,both
25E,2,both
25E,30B,both
25E,30D,both
25E,911,both
25E,931,both
25E,933,both
25F,170,both
25F,23,both
25F,25D,both
25F,26,both
25F,42,both
25F,4946,both
25F,501,both
25F,530,both
25F,7701,both
26,106,both
26,1351,both
26,1374,both
26,1375,both
26,138,both
26,143,both
26,170,both
26,220,both
26,223,both
26,24,both
26,27,both
26,36,both
26,408,both
26,409A,both
26,453,both
26,457A,both
26,529A,both
26,530,both
26,531,both
26,541,both
26,55,both
26,59A,both
26,72,both
26,7518,both
26,860E,both
26,871,both
26,881,both
26,884,both
2602,2601,both
2603,2601,both
2603,2661,both
2611,2503,both
2612,2651,both
2622,2053,both
2624,2032,both
2624,2032A,both
263,1059,both
263,1092,both
263,1256,both
263,1271,both
263,1276,both
263,1277,both
263,1281,both
263,1282,both
263,162,both
263,174,both
263,174A,both
263,175,both
263,179,both
263,179B,both
263,179C,both
263,179D,both
263,179E,both
263,180,both
263,190,both
263,193,both
263,212,both
263,243,both
263,245,both
263,291,both
263,512,both
263,59,both
263,611,both
263,613,both
263,616,both
2631,2010,both
2632,2503,both
2632,2522,both
2632,2631,both
2632,2642,both
2632,6075,both
2632,664,both
263A,1221,both
263A,1245,both
263A,1563,both
263A,163,both
263A,167,both
263A,168,both
263A,174,both
263A,174A,both
263A,179B,both
263A,2032A,both
263A,263,both
263A,267,both
263A,269A,both
263A,291,both
263A,318,both
263A,447,both
263A,448,both
263A,481,both
263A,5002,both
263A,5041,both
263A,5052,both
263A,59,both
263A,616,both
263A,617,both
264,1016,both
264,263A,both
264,265,both
264,291,both
264,414,both
264,52,both
264,72,both
264,7702,both
264,7702A,both
264,817,both
264,848,both
2641,2001,both
2642,2001,both
2642,2035,both
2642,2044,both
2642,2055,both
2642,2503,both
2642,2513,both
2642,2522,both
2642,2632,both
2642,2652,both
2642,6019,both
2642,6075,both
265,1016,both
265,103,both
265,107,both
265,1222,both
265,141,both
265,145,both
265,147,both
265,149,both
265,212,both
265,263A,both
265,264,both
265,291,both
265,501,both
265,585,both
265,855,both
2651,511,both
2652,2055,both
2652,2056,both
2652,2203,both
2652,2513,both
2652,2523,both
2652,2653,both
2652,642,both
2652,664,both
2653,2651,both
2654,1014,both
2654,1015,both
2654,2518,both
2654,2601,both
2654,2642,both
2654,645,both
2661,2001,both
2661,2501,both
2661,2601,both
2662,2603,both
2663,2032A,both
2663,2652,both
267,1,both
267,1041,both
267,1091,both
267,11,both
267,1221,both
267,1250,both
267,1297,both
267,1563,both
267,269A,both
267,441,both
267,501,both
267,707,both
267,952,both
267,957,both
267,958,both
267A,6038A,both
267A,951,both
267A,954,both
268,1231,both
269,338,both
269A,144,both
269A,318,both
269B,1563,both
269B,318,both
269B,7701,both
269B,7852,both
269B,894,both
269B,958,both
27,901,both
2701,2056,both
2701,2106,both
2701,2503,both
2701,2523,both
2701,707,both
2702,2701,both
2702,2704,both
2702,7520,both
2704,2701,both
271,165,both
271,166,both
271,581,both
272,1231,both
272,165,both
272,631,both
274,102,both
274,119,both
274,132,both
274,143,both
274,162,both
274,212,both
274,217,both
274,267,both
274,280F,both
274,414,both
274,501,both
274,6103,both
274,707,both
274,74,both
274,82,both
275,164,both
275,3101,both
275,3201,both
275,3211,both
275,3402,both
275,901,both
276,271,both
276,274,both
277,243,both
277,245,both
277,456,both
279,1504,both
279,301,both
279,368,both
279,581,both
2801,164,both
2801,2001,both
2801,2055,both
2801,2056,both
2801,2503,both
2801,2522,both
2801,2523,both
2801,877A,both
280A,119,both
280A,121,both
280A,162,both
280A,183,both
280A,267,both
280A,61,both
280C,11,both
280C,1396,both
280C,174A,both
280C,36B,both
280C,38,both
280C,41,both
280C,45A,both
280C,45C,both
280C,45H,both
280C,45N,both
280C,45O,both
280C,45P,both
280C,45R,both
280C,45S,both
280C,51,both
280C,52,both
280F,1,both
280F,168,both
280F,179,both
280F,267,both
280F,416,both
280G,1274,both
280G,1361,both
280G,1504,both
280G,162,both
280G,401,both
280G,403,both
280G,408,both
280G,4999,both
280G,501,both
280H,269A,both
280H,441,both
280H,444,both
281,1504,both
291,1,both
291,1016,both
291,1245,both
291,1250,both
291,1254,both
291,168,both
291,169,both
291,263,both
291,265,both
291,585,both
291,611,both
291,613,both
291,613A,both
291,614,both
291,616,both
291,617,both
291,856,both
291,857,both
3,1,both
3,443,both
3,6014,both
3,63,both
301,1,both
301,243,both
301,245,both
301,302,both
301,312,both
301,316,both
301,317,both
301,318,both
302,301,both
302,303,both
302,306,both
302,317,both
302,318,both
302,331,both
302,6501,both
302,6502,both
302,67,both
303,2053,both
303,2054,both
303,2106,both
303,2601,both
303,2611,both
303,6166,both
303,6213,both
303,6501,both
304,1504,both
304,267,both
304,301,both
304,302,both
304,303,both
304,318,both
304,351,both
304,357,both
304,358,both
304,707,both
304,951,both
304,953,both
304,957,both
304,958,both
304,959,both
304,961,both
305,1272,both
305,1273,both
305,1286,both
305,2501,both
305,301,both
305,61,both
306,1,both
306,301,both
306,302,both
306,304,both
306,305,both
306,317,both
306,318,both
306,351,both
306,355,both
306,356,both
306,368,both
306,871,both
306,881,both
307,1052,both
307,305,both
30B,1563,both
30B,179,both
30B,30D,both
30B,38,both
30B,414,both
30B,50,both
30B,52,both
30B,88,both
30C,121,both
30C,179,both
30C,179A,both
30C,26,both
30C,27,both
30C,38,both
30C,4083,both
30C,40A,both
30C,45,both
30C,45D,both
30C,45Z,both
30C,50,both
30D,2,both
30D,30B,both
30D,38,both
30D,45X,both
30D,50,both
30D,6417,both
30D,911,both
30D,931,both
30D,933,both
31,3402,both
31,3406,both
31,6413,both
3101,3121,both
3101,7703,both
3102,3101,both
3102,3121,both
3102,6051,both
3102,6053,both
311,336,both
3111,3121,both
3111,38,both
3111,41,both
3111,501,both
3111,51,both
3112,3111,both
312,1016,both
312,1017,both
312,1091,both
312,163,both
312,167,both
312,168,both
312,173,both
312,179,both
312,179B,both
312,179C,both
312,179D,both
312,179E,both
312,248,both
312,263,both
312,263A,both
312,302,both
312,303,both
312,305,both
312,307,both
312,355,both
312,356,both
312,368,both
312,471,both
312,472,both
312,50,both
312,616,both
312,617,both
312,957,both
3121,1,both
3121,101,both
3121,108,both
3121,117,both
3121,119,both
3121,125,both
3121,127,both
3121,129,both
3121,132,both
3121,134,both
3121,1402,both
3121,1563,both
3121,217,both
3121,274,both
3121,280G,both
3121,3101,both
3121,3102,both
3121,3111,both
3121,3231,both
3121,3310,both
3121,401,both
3121,402,both
3121,402A,both
3121,403,both
3121,408,both
3121,414,both
3121,422,both
3121,423,both
3121,457,both
3121,4985,both
3121,501,both
3121,509,both
3121,513,both
3121,521,both
3121,5312,both
3121,6051,both
3121,6053,both
3121,6413,both
3121,6651,both
3121,74,both
3121,7873,both
3121,83,both
3121,954,both
3122,3111,both
3122,3121,both
3124,3121,both
3125,3101,both
3125,3111,both
3125,3121,both
3126,3101,both
3126,3111,both
3127,1402,both
3127,3101,both
3127,3111,both
3131,106,both
3131,3111,both
3131,3121,both
3131,3132,both
3131,3134,both
3131,3221,both
3131,3231,both
3131,401,both
3131,41,both
3131,414,both
3131,45A,both
3131,45P,both
3131,45S,both
3131,5000,both
3131,501,both
3131,51,both
3131,5102,both
3131,6402,both
3131,6413,both
3131,6501,both
3131,6656,both
3132,106,both
3132,3111,both
3132,3121,both
3132,3131,both
3132,3134,both
3132,3221,both
3132,3231,both
3132,41,both
3132,414,both
3132,45A,both
3132,45P,both
3132,45S,both
3132,5000,both
3132,501,both
3132,51,both
3132,6402,both
3132,6413,both
3132,6501,both
3132,6656,both
3133,3111,both
3133,3131,both
3133,3132,both
3133,3221,both
3134,106,both
3134,1396,both
3134,280C,both
3134,3111,both
3134,3121,both
3134,3131,both
3134,3132,both
3134,3221,both
3134,3231,both
3134,3504,both
3134,3511,both
3134,41,both
3134,414,both
3134,448,both
3134,45A,both
3134,45P,both
3134,45R,both
3134,45S,both
3134,4980H,both
3134,5000,both
3134,501,both
3134,51,both
3134,52,both
3134,6033,both
3134,6213,both
3134,6402,both
3134,6413,both
3134,6501,both
3134,6511,both
3134,6656,both
316,301,both
316,542,both
316,545,both
316,547,both
316,562,both
316,563,both
316,860,both
318,302,both
318,304,both
318,306,both
318,338,both
318,382,both
318,401,both
318,501,both
318,6038,both
318,856,both
318,958,both
32,1,both
32,112,both
32,121,both
32,1222,both
32,1402,both
32,151,both
32,152,both
32,164,both
32,25A,both
32,469,both
32,6013,both
32,7703,both
32,871,both
32,911,both
3201,3101,both
3201,3231,both
3201,3241,both
3202,3201,both
3202,3231,both
3202,6051,both
3202,6053,both
3211,3101,both
3211,3111,both
3211,3231,both
3211,3241,both
3212,3231,both
3221,3111,both
3221,3231,both
3221,3241,both
3231,106,both
3231,108,both
3231,117,both
3231,119,both
3231,127,both
3231,132,both
3231,1401,both
3231,3101,both
3231,3121,both
3231,3201,both
3231,3211,both
3231,3221,both
3231,422,both
3231,423,both
3231,6053,both
3231,74,both
3241,3201,both
3241,3211,both
3241,3221,both
3301,3306,both
3302,3301,both
3302,3303,both
3302,3304,both
3302,6071,both
3302,7705,both
3303,3302,both
3303,3304,both
3303,3511,both
3303,501,both
3303,7705,both
3304,3302,both
3304,3303,both
3304,3305,both
3304,3306,both
3304,3309,both
3304,6402,both
3305,3301,both
3305,3302,both
3305,3304,both
3305,3306,both
3305,3310,both
3306,106,both
3306,108,both
3306,117,both
3306,119,both
3306,125,both
3306,127,both
3306,129,both
3306,132,both
3306,134,both
3306,139B,both
3306,217,both
3306,274,both
3306,3101,both
3306,3121,both
3306,3301,both
3306,3302,both
3306,3305,both
3306,401,both
3306,402,both
3306,403,both
3306,408,both
3306,414,both
3306,422,both
3306,423,both
3306,501,both
3306,521,both
3306,6053,both
3306,74,both
3308,3301,both
3309,3304,both
3309,3306,both
3309,501,both
331,1001,both
331,301,both
331,316,both
3310,3303,both
3310,3304,both
332,1504,both
332,301,both
332,331,both
332,354,both
332,361,both
332,957,both
3322,3307,both
3322,3308,both
334,332,both
334,337,both
334,362,both
336,1504,both
336,267,both
336,332,both
336,337,both
336,351,both
336,361,both
337,332,both
337,336,both
337,511,both
337,521,both
338,1014,both
338,1248,both
338,1504,both
338,318,both
338,351,both
338,354,both
338,355,both
338,356,both
338,6655,both
34,6420,both
34,6421,both
34,6427,both
3401,105,both
3401,106,both
3401,108,both
3401,112,both
3401,117,both
3401,127,both
3401,129,both
3401,132,both
3401,134,both
3401,139B,both
3401,217,both
3401,274,both
3401,3121,both
3401,401,both
3401,402,both
3401,403,both
3401,408,both
3401,409A,both
3401,457,both
3401,501,both
3401,6053,both
3401,74,both
3401,83,both
3401,911,both
3402,1,both
3402,1441,both
3402,1442,both
3402,151,both
3402,199A,both
3402,2,both
3402,24,both
3402,3102,both
3402,3202,both
3402,3401,both
3402,3403,both
3402,3404,both
3402,3405,both
3402,3501,both
3402,451,both
3402,6051,both
3402,6053,both
3402,62,both
3402,63,both
3402,7205,both
3402,77,both
3402,7703,both
3402,83,both
3402,85,both
3402,86,both
3405,3402,both
3405,401,both
3405,402,both
3405,403,both
3405,404,both
3405,414,both
3405,457,both
3405,7701,both
3405,877,both
3406,1,both
3406,31,both
3406,3402,both
3406,453,both
3406,6041,both
3406,6041A,both
3406,6042,both
3406,6044,both
3406,6045,both
3406,6049,both
3406,6050A,both
3406,6050N,both
3406,6050W,both
3406,6103,both
3406,7205,both
3406,7431,both
346,351,both
346,355,both
35,125,both
35,151,both
35,152,both
35,162,both
35,21,both
35,213,both
35,220,both
35,223,both
35,36B,both
35,4980B,both
35,501,both
35,6050T,both
35,7527,both
35,85,both
35,9801,both
35,9832,both
3502,3101,both
3502,3201,both
3502,3211,both
3505,3102,both
3505,3202,both
3505,3402,both
3505,3403,both
3505,6323,both
3508,401,both
3509,3121,both
3509,3401,both
3509,3402,both
3509,6041,both
3509,6041A,both
3509,6051,both
3509,6521,both
351,2501,both
351,267,both
351,304,both
351,311,both
351,354,both
351,355,both
351,356,both
351,357,both
351,358,both
351,362,both
351,368,both
351,61,both
351,707,both
351,7704,both
3510,31,both
3510,3121,both
3510,3306,both
3510,3402,both
3510,6157,both
3510,6654,both
3511,1396,both
3511,267,both
3511,3121,both
3511,3231,both
3511,3302,both
3511,3306,both
3511,41,both
3511,45A,both
3511,45AA,both
3511,45B,both
3511,45C,both
3511,45R,both
3511,51,both
3511,707,both
3511,7705,both
3512,168,both
3512,3121,both
3512,3306,both
3512,3401,both
3512,414,both
354,351,both
354,355,both
354,356,both
354,368,both
354,447,both
354,61,both
355,1014,both
355,1504,both
355,267,both
355,302,both
355,311,both
355,318,both
355,336,both
355,351,both
355,354,both
355,356,both
355,361,both
355,368,both
355,475,both
355,581,both
355,61,both
355,707,both
355,7701,both
355,856,both
355,954,both
356,2501,both
356,301,both
356,306,both
356,318,both
356,351,both
356,354,both
356,355,both
356,61,both
357,351,both
357,355,both
357,358,both
357,361,both
357,362,both
357,368,both
357,736,both
357,7701,both
358,1504,both
358,351,both
358,354,both
358,355,both
358,356,both
358,357,both
358,361,both
36,1014,both
36,1033,both
36,1041,both
36,121,both
36,151,both
36,267,both
36,6012,both
36,6045,both
36,707,both
36,7703,both
36,911,both
36,931,both
36,933,both
361,311,both
361,355,both
361,357,both
361,368,both
362,351,both
362,7701,both
367,1504,both
367,318,both
367,332,both
367,337,both
367,351,both
367,354,both
367,355,both
367,356,both
367,361,both
367,368,both
367,904,both
368,1001,both
368,1563,both
368,304,both
368,332,both
368,351,both
368,354,both
368,355,both
368,356,both
368,357,both
368,581,both
368,591,both
36B,1,both
36B,1311,both
36B,151,both
36B,152,both
36B,5000A,both
36B,7703,both
36B,85,both
36B,86,both
36B,911,both
36B,9831,both
37,6401,both
38,1396,both
38,1563,both
38,30B,both
38,30C,both
38,30D,both
38,39,both
38,40,both
38,40A,both
38,40B,both
38,41,both
38,42,both
38,43,both
38,44,both
38,448,both
38,45,both
38,45A,both
38,45AA,both
38,45B,both
38,45C,both
38,45D,both
38,45E,both
38,45F,both
38,45G,both
38,45H,both
38,45I,both
38,45J,both
38,45K,both
38,45L,both
38,45N,both
38,45O,both
38,45P,both
38,45Q,both
38,45R,both
38,45S,both
38,45T,both
38,45U,both
38,45V,both
38,45W,both
38,45X,both
38,45Y,both
38,45Z,both
38,46,both
38,47,both
38,48,both
38,5011,both
38,51,both
38,55,both
381,1,both
381,1033,both
381,111,both
381,1212,both
381,163,both
381,167,both
381,168,both
381,170,both
381,172,both
381,332,both
381,354,both
381,361,both
381,368,both
381,38,both
381,404,both
381,453,both
381,53,both
381,547,both
381,564,both
381,613,both
381,616,both
381,860,both
382,1014,both
382,1015,both
382,1041,both
382,108,both
382,121,both
382,1274,both
382,1504,both
382,1563,both
382,163,both
382,172,both
382,267,both
382,318,both
382,338,both
382,354,both
382,368,both
382,381,both
382,383,both
382,501,both
382,56,both
382,707,both
383,1212,both
383,382,both
383,39,both
383,53,both
383,904,both
384,1504,both
384,1563,both
384,172,both
384,368,both
384,382,both
384,383,both
39,38,both
39,6417,both
40,1381,both
40,1382,both
40,267,both
40,38,both
40,39,both
40,4041,both
40,4081,both
40,4101,both
40,52,both
40,55,both
40,6426,both
40,6427,both
401,1,both
401,101,both
401,1402,both
401,152,both
401,1563,both
401,164,both
401,170,both
401,219,both
401,221,both
401,3111,both
401,3121,both
401,3405,both
401,402,both
401,403,both
401,404,both
401,408,both
401,409,both
401,410,both
401,411,both
401,412,both
401,413,both
401,414,both
401,415,both
401,416,both
401,417,both
401,419,both
401,419A,both
401,420,both
401,424,both
401,430,both
401,433,both
401,436,both
401,457,both
401,4975,both
401,4979,both
401,501,both
401,521,both
401,664,both
401,72,both
401,7701,both
401,7702B,both
401,7871,both
401,818,both
402,152,both
402,162,both
402,213,both
402,3121,both
402,3405,both
402,401,both
402,402A,both
402,403,both
402,404,both
402,408,both
402,408A,both
402,410,both
402,414,both
402,415,both
402,424,both
402,457,both
402,501,both
402,503,both
402,72,both
402,7702B,both
402,83,both
402A,1,both
402A,3405,both
402A,401,both
402A,402,both
402A,403,both
402A,408A,both
402A,411,both
402A,414,both
402A,415,both
402A,457,both
402A,501,both
402A,72,both
403,125,both
403,132,both
403,170,both
403,219,both
403,3121,both
403,401,both
403,402,both
403,404,both
403,408,both
403,410,both
403,413,both
403,414,both
403,415,both
403,457,both
403,501,both
403,72,both
403,83,both
403,851,both
403,911,both
404,1504,both
404,1563,both
404,162,both
404,168,both
404,212,both
404,277,both
404,401,both
404,402,both
404,403,both
404,4041,both
404,4064,both
404,409,both
404,411,both
404,412,both
404,414,both
404,415,both
404,419,both
404,430,both
404,431,both
404,4975,both
404,501,both
404,664,both
4041,170,both
4041,40,both
4041,4081,both
4041,4083,both
4041,4221,both
4041,4261,both
4041,45K,both
4041,501,both
4041,6420,both
4041,6421,both
4041,6427,both
4041,7701,both
4042,4041,both
4042,4081,both
404A,401,both
404A,404,both
404A,414,both
404A,431,both
404A,446,both
404A,481,both
404A,905,both
4051,4071,both
4052,168,both
4052,4051,both
4052,4216,both
4052,4217,both
4052,5061,both
4053,4051,both
406,2039,both
406,3101,both
406,3121,both
406,401,both
406,403,both
406,404,both
406,410,both
406,414,both
406,72,both
4064,6416,both
407,2039,both
407,401,both
407,403,both
407,404,both
407,410,both
407,414,both
407,72,both
4072,4053,both
4073,4071,both
408,1,both
408,121,both
408,131,both
408,1402,both
408,170,both
408,219,both
408,221,both
408,223,both
408,3401,both
408,401,both
408,402,both
408,403,both
408,404,both
408,408A,both
408,410,both
408,411,both
408,414,both
408,415,both
408,416,both
408,457,both
408,4966,both
408,4973,both
408,4974,both
408,4975,both
408,4979,both
408,501,both
408,509,both
408,511,both
408,581,both
408,6051,both
408,61,both
408,664,both
408,6693,both
408,72,both
408,7701,both
4081,4,both
4081,4042,both
4081,4101,both
4081,6427,both
4082,4041,both
4082,4043,both
4082,4081,both
4082,4101,both
4082,4221,both
4082,6421,both
4082,6427,both
4083,4041,both
4083,4043,both
4083,4261,both
4083,4271,both
4083,4281,both
4083,4282,both
4083,6717,both
4083,7342,both
4084,6420,both
4084,6421,both
4084,6427,both
408A,1,both
408A,219,both
408A,401,both
408A,402,both
408A,402A,both
408A,403,both
408A,408,both
408A,457,both
408A,529,both
408A,530,both
408A,6047,both
408A,72,both
408A,7701,both
409,1,both
409,1042,both
409,12,both
409,1563,both
409,267,both
409,318,both
409,401,both
409,404,both
409,41,both
409,415,both
409,417,both
409,48,both
409,4975,both
409,4979A,both
409,581,both
409A,152,both
409A,162,both
409A,219,both
409A,414,both
409A,415,both
409A,416,both
409A,430,both
409A,457,both
409A,83,both
40A,1381,both
40A,1382,both
40A,267,both
40A,38,both
40A,40,both
40A,4081,both
40A,4083,both
40A,40B,both
40A,45K,both
40A,45Z,both
40A,52,both
40A,55,both
40A,6426,both
40A,6427,both
40B,38,both
40B,4101,both
40B,45K,both
40B,6426,both
40B,6427,both
41,1,both
41,1563,both
41,170,both
41,174A,both
41,220,both
41,280C,both
41,3111,both
41,318,both
41,3304,both
41,3401,both
41,38,both
41,39,both
41,401,both
41,414,both
41,448,both
41,4940,both
41,501,both
41,51,both
41,52,both
41,542,both
41,6031,both
41,6037,both
410,170,both
410,401,both
410,411,both
410,414,both
410,501,both
410,861,both
410,911,both
4101,40,both
4101,4041,both
4101,4081,both
4101,40A,both
4101,40B,both
4101,4222,both
4101,45Z,both
4101,6323,both
4101,6416,both
4101,6426,both
4102,4083,both
4103,4041,both
4103,4081,both
4104,34,both
4104,40,both
4104,4041,both
4104,40A,both
4104,4222,both
4104,6426,both
4104,6427,both
4105,4081,both
4105,4101,both
411,1274,both
411,401,both
411,402,both
411,403,both
411,404,both
411,408,both
411,409,both
411,410,both
411,412,both
411,414,both
411,415,both
411,417,both
411,418E,both
411,457,both
411,4975,both
411,501,both
412,401,both
412,403,both
412,410,both
412,414,both
412,430,both
412,431,both
412,432,both
412,433,both
412,4971,both
412,501,both
412,6103,both
4121,638,both
413,401,both
413,402,both
413,404,both
413,408,both
413,410,both
413,411,both
413,412,both
413,414,both
413,4971,both
4131,4132,both
4132,4131,both
4132,4221,both
4132,4612,both
4132,7652,both
414,104,both
414,106,both
414,117,both
414,125,both
414,127,both
414,129,both
414,132,both
414,137,both
414,144,both
414,1563,both
414,2,both
414,219,both
414,274,both
414,3121,both
414,318,both
414,3401,both
414,401,both
414,402,both
414,402A,both
414,403,both
414,404,both
414,408,both
414,409,both
414,410,both
414,411,both
414,412,both
414,415,both
414,416,both
414,417,both
414,430,both
414,457,both
414,4975,both
414,4980B,both
414,4980D,both
414,501,both
414,505,both
414,513,both
414,6058,both
414,6059,both
414,72,both
414,7701,both
414,7871,both
414,79,both
414,861,both
414,911,both
414A,401,both
414A,403,both
414A,414,both
415,115,both
415,125,both
415,131,both
415,132,both
415,1563,both
415,170,both
415,22,both
415,3121,both
415,401,both
415,402,both
415,403,both
415,404,both
415,408,both
415,409,both
415,412,both
415,414,both
415,416,both
415,417,both
415,419A,both
415,457,both
415,4975,both
415,501,both
415,664,both
415,7701,both
415,911,both
416,318,both
416,401,both
416,403,both
416,408,both
416,410,both
416,411,both
416,414,both
416,415,both
4161,1,both
4162,4161,both
4162,4216,both
4162,465,both
417,401,both
417,411,both
417,430,both
4182,4181,both
4182,52,both
4182,5811,both
418E,411,both
418E,432,both
419,264,both
419,404,both
419,404A,both
419,419A,both
419,501,both
419,83,both
419A,213,both
419A,414,both
419A,415,both
419A,416,both
419A,419,both
419A,501,both
419A,505,both
419A,512,both
42,1,both
42,1014,both
42,1016,both
42,103,both
42,1274,both
42,142,both
42,143,both
42,146,both
42,147,both
42,152,both
42,179,both
42,267,both
42,38,both
42,39,both
42,469,both
42,49,both
42,501,both
42,52,both
42,6621,both
42,6652,both
42,707,both
420,401,both
420,404,both
420,416,both
420,419,both
420,419A,both
420,430,both
420,433,both
420,448,both
420,4975,both
420,4980,both
420,79,both
421,1043,both
421,162,both
421,422,both
421,423,both
421,424,both
421,691,both
4216,1504,both
4216,4217,both
4216,6416,both
4217,4064,both
4217,4216,both
4218,4071,both
4218,4121,both
4218,4223,both
422,22,both
422,421,both
422,424,both
422,83,both
4221,170,both
4221,4051,both
4221,4053,both
4221,4064,both
4221,4071,both
4221,4081,both
4221,4121,both
4221,4131,both
4221,501,both
4221,7701,both
4222,4053,both
4222,4064,both
4222,4101,both
4222,4182,both
4222,4221,both
4222,4293,both
4223,4216,both
4223,4218,both
4223,4221,both
4227,7871,both
423,414,both
423,421,both
423,424,both
423,83,both
424,1031,both
424,1036,both
424,1041,both
424,305,both
424,354,both
424,355,both
424,356,both
424,422,both
424,423,both
424,6039,both
4253,112,both
4253,170,both
4253,4251,both
4253,4252,both
4253,501,both
4253,7701,both
4254,4251,both
4261,1,both
4261,4043,both
4261,4262,both
4261,4263,both
4261,4271,both
4261,4281,both
4261,4282,both
4261,465,both
4263,4261,both
4271,4272,both
4272,4262,both
4281,4261,both
4281,4271,both
4282,1504,both
4282,4261,both
4282,4271,both
4291,4263,both
4293,4041,both
4293,4051,both
4293,4064,both
4293,4121,both
43,168,both
43,193,both
43,263,both
43,38,both
43,45K,both
43,49,both
43,613A,both
43,638,both
430,1,both
430,401,both
430,409A,both
430,412,both
430,414,both
430,417,both
430,420,both
430,436,both
430,501,both
430,83,both
431,165,both
431,3121,both
431,401,both
431,411,both
431,412,both
431,501,both
431,807,both
432,404,both
432,411,both
432,412,both
432,417,both
432,418E,both
432,430,both
432,431,both
432,4971,both
432,4975,both
432,4980F,both
433,1274,both
433,3121,both
433,401,both
433,412,both
433,413,both
433,414,both
433,430,both
436,401,both
436,411,both
436,414,both
436,417,both
436,430,both
4371,4372,both
4372,4371,both
4373,4371,both
4373,882,both
4375,9832,both
4376,501,both
4377,4375,both
4377,4376,both
44,38,both
44,52,both
4401,4412,both
4402,4462,both
4403,6001,both
4405,4421,both
441,15,both
441,269A,both
441,318,both
441,443,both
4411,4401,both
4413,4901,both
4413,4902,both
4413,4904,both
4413,4905,both
4413,4906,both
4414,4421,both
442,441,both
4421,501,both
4421,521,both
4423,7605,both
4424,6103,both
4424,7602,both
443,1398,both
443,151,both
443,536,both
443,546,both
443,55,both
443,852,both
443,857,both
444,1378,both
444,280H,both
444,441,both
444,706,both
444,7519,both
4462,4042,both
4462,4461,both
447,263A,both
447,448,both
447,481,both
447,542,both
447,721,both
4475,7701,both
448,1,both
448,1504,both
448,263A,both
448,401,both
448,414,both
448,461,both
448,481,both
448,501,both
448,511,both
448,52,both
4482,4481,both
4483,4053,both
4483,4481,both
4483,6421,both
4483,7701,both
4484,7871,both
45,103,both
45,1381,both
45,1382,both
45,2,both
45,25D,both
45,29,both
45,3,both
45,3131,both
45,38,both
45,45J,both
45,45K,both
45,45V,both
45,48,both
45,52,both
45,613,both
45,638,both
45,6417,both
45,661,both
45,6621,both
45,7871,both
4501,317,both
4501,368,both
4501,7704,both
4501,7874,both
4501,851,both
451,1012,both
451,1033,both
451,1245,both
451,1250,both
451,1441,both
451,1442,both
451,165,both
451,453,both
451,6053,both
451,6420,both
451,83,both
451,871,both
451,881,both
453,1031,both
453,1033,both
453,1239,both
453,1245,both
453,1250,both
453,1274,both
453,167,both
453,2032A,both
453,267,both
453,318,both
453,331,both
453,356,both
453,368,both
453,707,both
453,751,both
453A,1,both
453A,11,both
453A,1275,both
453A,2032A,both
453A,453,both
453A,52,both
453A,6621,both
453B,1041,both
453B,1366,both
453B,337,both
453B,453,both
453B,691,both
453B,816,both
454,1031,both
454,1037,both
455,451,both
456,451,both
457,3121,both
457,401,both
457,402,both
457,403,both
457,411,both
457,414,both
457,415,both
457,4974,both
457,501,both
457,72,both
457,83,both
457A,409A,both
457A,6621,both
457A,882,both
458,481,both
45A,168,both
45A,38,both
45A,381,both
45A,39,both
45A,415,both
45A,416,both
45A,51,both
45A,52,both
45A,55,both
45AA,38,both
45AA,402,both
45AA,408,both
45AA,414,both
45AA,7703,both
45B,3111,both
45B,3121,both
45B,38,both
45B,6053,both
45C,38,both
45C,41,both
45C,526,both
45D,103,both
45D,1044,both
45D,1202,both
45D,1391,both
45D,1397C,both
45D,267,both
45D,351,both
45D,38,both
45D,39,both
45D,408,both
45D,42,both
45D,55,both
45D,6621,both
45D,707,both
45E,1,both
45E,3121,both
45E,38,both
45E,402,both
45E,408,both
45E,414,both
45E,4972,both
45E,52,both
45F,1,both
45F,121,both
45F,38,both
45F,39,both
45F,414,both
45F,448,both
45F,52,both
45F,55,both
45G,38,both
45G,41,both
45H,1381,both
45H,1382,both
45H,179B,both
45H,38,both
45H,55,both
45H,613A,both
45I,38,both
45I,43,both
45I,45K,both
45I,613A,both
45J,1381,both
45J,141,both
45J,38,both
45J,45,both
45J,501,both
45K,103,both
45K,38,both
45K,43,both
45K,45,both
45K,48,both
45K,49,both
45K,50,both
45K,52,both
45K,638,both
45L,38,both
45L,42,both
45L,45,both
45L,47,both
45L,48,both
45N,3306,both
45N,38,both
45O,101,both
45O,38,both
45O,41,both
45P,3401,both
45P,38,both
45P,414,both
45P,52,both
45Q,165,both
45Q,193,both
45Q,38,both
45Q,43,both
45Q,45,both
45Q,638,both
45Q,7701,both
45R,1,both
45R,1372,both
45R,152,both
45R,24,both
45R,3101,both
45R,3111,both
45R,3121,both
45R,3401,both
45R,38,both
45R,401,both
45R,414,both
45R,416,both
45R,501,both
45R,52,both
45R,9832,both
45S,3306,both
45S,38,both
45S,414,both
45S,4980E,both
45S,51,both
45T,38,both
45T,408,both
45T,414,both
45T,4972,both
45U,38,both
45U,45,both
45U,45J,both
45U,7701,both
45V,38,both
45V,45,both
45V,45Q,both
45V,638,both
45W,168,both
45W,30B,both
45W,30D,both
45W,38,both
45W,4053,both
45X,38,both
45X,48C,both
45X,52,both
45X,638,both
45X,7701,both
45Y,1381,both
45Y,1382,both
45Y,25D,both
45Y,38,both
45Y,45,both
45Y,45J,both
45Y,45Q,both
45Y,45U,both
45Y,48,both
45Y,48A,both
45Y,48E,both
45Y,52,both
45Y,638,both
45Y,6417,both
45Y,661,both
45Y,7701,both
45Z,38,both
45Z,4101,both
45Z,45,both
45Z,45K,both
45Z,45Q,both
45Z,45V,both
45Z,45Y,both
45Z,46,both
45Z,48,both
45Z,52,both
45Z,7701,both
46,38,both
460,1,both
460,11,both
460,1274,both
460,1563,both
460,168,both
460,263A,both
460,448,both
460,451,both
460,481,both
460,6621,both
460,6654,both
460,6655,both
461,1,both
461,1256,both
461,172,both
461,199A,both
461,263A,both
461,267,both
461,464,both
461,465,both
461,469,both
461,6662,both
461,704,both
4611,1,both
4612,1504,both
4612,38,both
4612,4611,both
4612,613,both
4612,638,both
4612,7652,both
464,121,both
464,461,both
465,103,both
465,1245,both
465,1504,both
465,1563,both
465,162,both
465,163,both
465,267,both
465,269A,both
465,318,both
465,404,both
465,453B,both
465,464,both
465,49,both
465,52,both
465,542,both
465,544,both
465,581,both
465,591,both
465,613,both
465,614,both
465,707,both
465,752,both
465,816,both
4662,1221,both
4662,4221,both
4662,4612,both
4662,4661,both
4662,4672,both
4662,7652,both
467,1245,both
467,1250,both
467,1274,both
467,168,both
467,170,both
467,404,both
467,404A,both
467,465,both
467,751,both
4671,4611,both
4671,4661,both
4671,4662,both
4672,4662,both
4672,4671,both
4672,7652,both
468,1274,both
468,614,both
4681,4671,both
4682,34,both
4682,4612,both
4682,4662,both
4682,4681,both
4682,7652,both
468A,11,both
468A,461,both
468A,4951,both
468A,501,both
468B,1,both
468B,11,both
468B,267,both
468B,461,both
469,135,both
469,137,both
469,163,both
469,174,both
469,2,both
469,2032A,both
469,212,both
469,219,both
469,221,both
469,243,both
469,245,both
469,250,both
469,26,both
469,267,both
469,269A,both
469,27,both
469,280A,both
469,318,both
469,416,both
469,42,both
469,453,both
469,465,both
469,47,both
469,707,both
469,85,both
469,851,both
469,86,both
469,911,both
47,168,both
47,46,both
47,50,both
470,1031,both
470,1033,both
470,167,both
470,168,both
470,197,both
470,467,both
470,469,both
470,7701,both
4701,149,both
4701,163,both
471,263A,both
471,448,both
471,451,both
471,481,both
472,1504,both
472,471,both
473,472,both
473,7122,both
474,448,both
474,472,both
474,52,both
475,1091,both
475,1092,both
475,1236,both
475,1256,both
475,1259,both
475,1402,both
475,263,both
475,263A,both
475,267,both
475,707,both
475,7704,both
48,1,both
48,142,both
48,36B,both
48,38,both
48,39,both
48,45,both
48,45D,both
48,45K,both
48,45Q,both
48,45V,both
48,46,both
48,48E,both
48,50,both
48,613,both
48,6417,both
481,1212,both
481,1314,both
481,1362,both
481,172,both
482,367,both
483,1235,both
483,1272,both
483,1273,both
483,1274,both
483,1274A,both
483,1275,both
483,163,both
483,267,both
48A,46,both
48A,48,both
48A,48B,both
48A,529,both
48B,46,both
48B,48,both
48B,48A,both
48B,529,both
48C,45,both
48C,45Q,both
48C,45V,both
48C,46,both
48C,48,both
48C,48A,both
48C,48B,both
48C,48E,both
48C,613,both
48D,1366,both
48D,24,both
48D,38,both
48D,46,both
48D,47,both
48D,50,both
48D,705,both
48E,142,both
48E,25D,both
48E,36B,both
48E,38,both
48E,45,both
48E,45D,both
48E,45J,both
48E,45Q,both
48E,45U,both
48E,45Y,both
48E,46,both
48E,47,both
48E,48,both
48E,48A,both
48E,50,both
48E,6417,both
48E,7701,both
49,38,both
49,46,both
49,465,both
49,47,both
49,48A,both
49,48B,both
49,48C,both
49,48D,both
49,48E,both
49,50,both
4901,4411,both
4903,4411,both
4905,4412,both
4907,4411,both
4911,170,both
4911,501,both
4912,4955,both
4912,501,both
4940,103,both
4940,1031,both
4940,167,both
4940,170,both
4940,265,both
4940,4942,both
4940,4946,both
4940,501,both
4940,507,both
4940,509,both
4940,511,both
4940,512,both
4940,611,both
4940,613,both
4941,117,both
4941,170,both
4941,401,both
4941,404,both
4941,4946,both
4941,501,both
4941,503,both
4941,6212,both
4941,74,both
4941,7872,both
4942,103,both
4942,11,both
4942,170,both
4942,265,both
4942,483,both
4942,4940,both
4942,4943,both
4942,4946,both
4942,4963,both
4942,501,both
4942,509,both
4942,513,both
4942,514,both
4942,6212,both
4942,6213,both
4943,4942,both
4943,4946,both
4943,4947,both
4943,4958,both
4943,4966,both
4943,4975,both
4943,501,both
4943,509,both
4943,512,both
4943,6212,both
4944,170,both
4944,6212,both
4945,117,both
4945,170,both
4945,4940,both
4945,4942,both
4945,4946,both
4945,501,both
4945,509,both
4945,6212,both
4945,74,both
4946,267,both
4946,4941,both
4946,4943,both
4946,507,both
4947,170,both
4947,2055,both
4947,2106,both
4947,2522,both
4947,4941,both
4947,4943,both
4947,4944,both
4947,4945,both
4947,4975,both
4947,501,both
4947,507,both
4947,508,both
4947,509,both
4947,545,both
4947,642,both
4947,664,both
4948,170,both
4948,2055,both
4948,2106,both
4948,2522,both
4948,4940,both
4948,4942,both
4948,4946,both
4948,501,both
4948,507,both
4948,508,both
4948,545,both
4948,642,both
4948,6684,both
4948,861,both
4951,267,both
4951,501,both
4951,6212,both
4952,192,both
4952,501,both
4952,6212,both
4953,192,both
4953,4951,both
4953,4952,both
4953,501,both
4955,4945,both
4955,4958,both
4955,501,both
4955,6212,both
4958,4946,both
4958,4966,both
4958,501,both
4958,507,both
4958,509,both
4958,6212,both
4959,501,both
4960,11,both
4960,115,both
4960,162,both
4960,280G,both
4960,3401,both
4960,402A,both
4960,403,both
4960,414,both
4960,457,both
4960,501,both
4960,509,both
4960,521,both
4960,527,both
4961,6213,both
4961,6502,both
4961,7421,both
4961,7422,both
4962,4941,both
4962,4955,both
4962,501,both
4963,4941,both
4963,4942,both
4963,4943,both
4963,4944,both
4963,4945,both
4963,4951,both
4963,4952,both
4963,4955,both
4963,4958,both
4963,4961,both
4963,4966,both
4963,4967,both
4963,4971,both
4963,4975,both
4963,6212,both
4963,6213,both
4965,11,both
4965,170,both
4965,457,both
4965,4973,both
4965,4979,both
4965,501,both
4965,529,both
4965,529A,both
4965,6707A,both
4965,7701,both
4966,170,both
4966,4943,both
4966,4945,both
4966,509,both
4967,4958,both
4968,25A,both
4968,4940,both
4968,509,both
4968,511,both
4971,275,both
4971,412,both
4971,413,both
4971,414,both
4971,430,both
4971,431,both
4971,432,both
4971,433,both
4972,401,both
4972,403,both
4972,404,both
4972,408,both
4972,412,both
4972,431,both
4972,447,both
4972,4980,both
4972,501,both
4973,106,both
4973,138,both
4973,219,both
4973,220,both
4973,223,both
4973,402,both
4973,403,both
4973,408,both
4973,408A,both
4973,415,both
4973,457,both
4973,529A,both
4973,530,both
4973,530A,both
4973,72,both
4974,401,both
4974,403,both
4974,408,both
4974,457,both
4974,501,both
4974,6212,both
4975,1,both
4975,1362,both
4975,1368,both
4975,220,both
4975,223,both
4975,267,both
4975,270,both
4975,318,both
4975,401,both
4975,402,both
4975,403,both
4975,406,both
4975,408,both
4975,409,both
4975,410,both
4975,414,both
4975,475,both
4975,501,both
4975,530,both
4975,581,both
4975,6212,both
4975,664,both
4975,7701,both
4976,419,both
4976,419A,both
4976,505,both
4976,512,both
4977,132,both
4977,414,both
4978,1042,both
4978,332,both
4978,368,both
4978,401,both
4978,409,both
4978,411,both
4978,4975,both
4978,4979A,both
4978,664,both
4978,72,both
4979,401,both
4979,403,both
4979,408,both
4979,414,both
4979,501,both
4979A,1042,both
4979A,409,both
4979A,4978,both
4979A,664,both
4980,401,both
4980,403,both
4980,409,both
4980,414,both
4980,415,both
4980,420,both
4980,4975,both
4980B,1561,both
4980B,213,both
4980B,35,both
4980B,401,both
4980B,414,both
4980B,5000,both
4980B,7702B,both
4980B,861,both
4980B,911,both
4980C,21,both
4980C,22,both
4980C,24,both
4980C,25,both
4980C,7702B,both
4980D,1561,both
4980D,414,both
4980D,9803,both
4980D,9811,both
4980D,9826,both
4980D,9832,both
4980E,220,both
4980E,414,both
4980F,1561,both
4980F,401,both
4980F,410,both
4980F,411,both
4980F,412,both
4980F,414,both
4980F,501,both
4980G,414,both
4980G,4980E,both
4980H,275,both
4980H,36B,both
4980H,414,both
4980H,5000A,both
4981,1222,both
4981,561,both
4981,857,both
4981,858,both
4981,860,both
4982,1222,both
4982,1256,both
4982,1296,both
4982,401,both
4982,501,both
4982,561,both
4982,817,both
4982,852,both
4982,855,both
4982,860,both
4982,988,both
4985,1,both
4985,1504,both
4985,267,both
4985,280G,both
4985,7874,both
4985,83,both
4999,280G,both
4999,3401,both
4999,3402,both
5,1341,both
5,1441,both
5,55,both
5,692,both
5,871,both
5,891,both
50,1041,both
50,1245,both
50,1250,both
50,168,both
50,38,both
50,381,both
50,39,both
50,42,both
50,46,both
50,47,both
50,48,both
50,48A,both
50,48B,both
50,48C,both
50,48D,both
50,48E,both
50,511,both
50,514,both
50,521,both
50,6418,both
50,7701,both
5000,414,both
5000,52,both
5000A,1,both
5000A,1311,both
5000A,1402,both
5000A,151,both
5000A,152,both
5000A,36B,both
5000A,45A,both
5000A,501,both
5000A,6012,both
5000A,911,both
5000A,937,both
5000D,4132,both
5000D,4612,both
5000D,4662,both
5001,1563,both
5001,5002,both
5001,5051,both
5001,5214,both
5001,5232,both
5001,5314,both
5001,5511,both
5001,6611,both
5001,6621,both
5001,7510,both
5001,7652,both
5002,5102,both
5002,5121,both
5002,5122,both
5003,5008,both
5003,5214,both
5003,5232,both
5003,5313,both
5003,5373,both
5003,5505,both
5003,5511,both
5003,7510,both
5003,7653,both
5004,5001,both
5004,5214,both
5004,5223,both
5004,7510,both
5005,5001,both
5005,5008,both
5005,5043,both
5005,5173,both
5005,5212,both
5005,5214,both
5005,5223,both
5005,5391,both
5005,7510,both
5006,5008,both
5006,5213,both
5006,6501,both
5007,5001,both
5007,5006,both
5007,5061,both
5007,5232,both
5007,5688,both
5007,6201,both
5008,5001,both
5008,5006,both
5008,5066,both
5008,5214,both
5008,5215,both
5008,5373,both
5008,7652,both
501,1,both
501,1031,both
501,1033,both
501,115,both
501,1381,both
501,152,both
501,1563,both
501,170,both
501,192,both
501,2032A,both
501,2055,both
501,2106,both
501,213,both
501,219,both
501,24,both
501,2522,both
501,311,both
501,401,both
501,402,both
501,414,both
501,4223,both
501,45J,both
501,4911,both
501,4944,both
501,4979,both
501,502,both
501,503,both
501,509,both
501,511,both
501,513,both
501,514,both
501,545,both
501,581,both
501,591,both
501,642,both
501,7428,both
501,816,both
501,831,both
501,856,both
501,9501,both
5010,5001,both
5010,5006,both
5010,5041,both
5010,5114,both
5011,38,both
5011,5005,both
5011,6621,both
502,501,both
502,512,both
503,267,both
503,401,both
503,4975,both
503,501,both
504,501,both
5041,5042,both
5041,5051,both
5041,6611,both
5041,6621,both
5042,5362,both
5042,5370,both
5042,5372,both
5043,5061,both
5043,5362,both
5043,5364,both
5044,5041,both
5044,5361,both
505,401,both
505,414,both
505,501,both
505,79,both
505,861,both
505,911,both
5051,1563,both
5051,5053,both
5051,5054,both
5051,6611,both
5051,6621,both
5052,5053,both
5053,5362,both
5054,5051,both
5054,5053,both
5054,5061,both
5054,5418,both
5056,5222,both
506,501,both
506,6104,both
5061,1563,both
5061,5001,both
5061,5006,both
5061,5041,both
5061,5043,both
5061,5051,both
5061,5054,both
5061,5505,both
5061,7503,both
5061,7652,both
5066,5001,both
5066,5062,both
5066,5214,both
5067,5001,both
5067,5041,both
5067,5051,both
507,170,both
507,4946,both
507,501,both
507,509,both
507,6104,both
507,642,both
508,170,both
508,2055,both
508,2106,both
508,2522,both
508,4941,both
508,4942,both
508,4943,both
508,4944,both
508,4945,both
508,4947,both
508,4966,both
508,501,both
508,507,both
508,509,both
508,545,both
508,642,both
509,170,both
509,4946,both
509,4958,both
509,501,both
509,507,both
509,511,both
509,512,both
509,513,both
51,152,both
51,267,both
51,3111,both
51,3121,both
51,3306,both
51,38,both
51,482,both
51,52,both
5101,5601,both
5101,5615,both
5101,5687,both
511,1,both
511,11,both
511,401,both
511,501,both
511,512,both
5114,6665,both
512,1,both
512,103,both
512,1034,both
512,1058,both
512,1236,both
512,1245,both
512,1250,both
512,1361,both
512,1366,both
512,168,both
512,170,both
512,172,both
512,198,both
512,243,both
512,245,both
512,267,both
512,318,both
512,409,both
512,419A,both
512,482,both
512,4975,both
512,501,both
512,511,both
512,513,both
512,514,both
512,581,both
512,591,both
512,631,both
512,6621,both
512,707,both
512,951,both
512,953,both
5121,5123,both
5121,5207,both
5121,5603,both
5122,5121,both
5122,5123,both
5124,5121,both
5124,5122,both
513,1,both
513,170,both
513,401,both
513,501,both
513,511,both
513,512,both
513,681,both
5131,5121,both
5131,5206,both
5132,5121,both
5132,5687,both
5132,7302,both
514,1212,both
514,1274,both
514,167,both
514,168,both
514,170,both
514,267,both
514,401,both
514,403,both
514,4975,both
514,501,both
514,509,both
514,511,both
514,512,both
514,513,both
514,581,both
514,591,both
514,704,both
514,707,both
515,511,both
515,901,both
5171,5271,both
5171,5601,both
5172,5171,both
5173,5214,both
5173,5354,both
5173,5551,both
5173,7510,both
5175,5173,both
5176,5173,both
5176,5175,both
5177,5173,both
5177,5175,both
5177,5551,both
5177,5601,both
5177,5615,both
5178,5171,both
5178,5235,both
5178,5552,both
5178,5601,both
5179,5101,both
5179,5601,both
5179,5615,both
5180,5681,both
5181,5212,both
5181,5214,both
5182,5121,both
5182,5122,both
52,1381,both
52,1563,both
52,3111,both
52,38,both
52,46,both
52,51,both
52,521,both
52,851,both
5203,5687,both
5206,5204,both
5206,5301,both
5206,5604,both
5206,5613,both
5207,5603,both
5207,5615,both
521,1388,both
5211,5214,both
5211,5223,both
5212,5001,both
5212,5235,both
5213,5173,both
5214,170,both
5214,5002,both
5214,501,both
5214,5066,both
5214,5175,both
5214,5181,both
5214,5241,both
5214,5242,both
5214,5271,both
5214,5273,both
5214,5362,both
5214,5373,both
5214,7510,both
5215,5001,both
5215,5008,both
5221,5601,both
5221,5615,both
5222,5042,both
5222,5053,both
5222,5362,both
5222,5601,both
5222,5615,both
5231,5211,both
5244,5214,both
5244,5271,both
527,11,both
527,162,both
527,168,both
527,172,both
527,271,both
527,501,both
527,509,both
527,511,both
527,513,both
527,6033,both
527,6104,both
527,6652,both
5271,5214,both
5272,5271,both
5273,5001,both
5273,5002,both
5273,5214,both
5273,5607,both
5275,5214,both
528,172,both
529,152,both
529,168,both
529,197,both
529,221,both
529,2503,both
529,25A,both
529,2651,both
529,408,both
529,408A,both
529,501,both
529,511,both
529,514,both
529,529A,both
529,530,both
529,72,both
5291,5002,both
5291,5605,both
529A,152,both
529A,219,both
529A,2503,both
529A,401,both
529A,403,both
529A,408,both
529A,414,both
529A,457,both
529A,511,both
529A,529,both
529A,530A,both
529A,72,both
53,55,both
53,56,both
53,57,both
53,59A,both
530,168,both
530,197,both
530,220,both
530,25A,both
530,408,both
530,408A,both
530,511,both
530,529,both
530,72,both
530,911,both
530,931,both
530,933,both
5301,5002,both
5301,5606,both
530A,1,both
530A,1256,both
530A,128,both
530A,170,both
530A,219,both
530A,24,both
530A,408,both
530A,4973,both
530A,501,both
530A,529A,both
530A,6434,both
530A,72,both
531,532,both
531,535,both
5314,5001,both
5314,5214,both
5314,7652,both
532,1297,both
532,501,both
532,531,both
532,542,both
533,532,both
534,531,both
534,6861,both
535,1212,both
535,1561,both
535,170,both
535,172,both
535,241,both
535,248,both
535,275,both
535,531,both
535,541,both
535,561,both
535,563,both
535,904,both
535,951,both
535,960,both
5351,5042,both
5351,5551,both
5354,5041,both
5355,5354,both
5355,5551,both
536,443,both
536,531,both
5361,5351,both
5362,5043,both
5363,5352,both
5364,5381,both
537,172,both
537,303,both
537,4943,both
5373,5008,both
5381,5382,both
5382,5383,both
5382,5384,both
5382,5511,both
5384,5383,both
5385,5382,both
5386,5382,both
5387,5382,both
5391,5001,both
5392,5381,both
5392,5385,both
5392,5386,both
5392,5387,both
5401,5053,both
5401,5414,both
5401,5551,both
5402,5052,both
5403,5551,both
5403,5552,both
541,542,both
541,545,both
5412,5222,both
5412,5414,both
5413,5054,both
542,1501,both
542,1504,both
542,162,both
542,164,both
542,167,both
542,368,both
542,401,both
542,404,both
542,501,both
542,509,both
542,541,both
542,543,both
542,544,both
542,581,both
542,642,both
542,7701,both
542,801,both
543,1221,both
543,1231,both
543,1504,both
543,162,both
543,167,both
543,174,both
543,174A,both
543,195,both
543,544,both
543,562,both
543,563,both
543,565,both
543,832,both
543,951,both
543,957,both
544,542,both
544,543,both
545,162,both
545,167,both
545,170,both
545,172,both
545,241,both
545,248,both
545,275,both
545,531,both
545,541,both
545,543,both
545,561,both
545,958,both
545,960,both
546,443,both
546,541,both
547,541,both
547,561,both
547,563,both
547,6501,both
547,7121,both
55,1,both
55,1250,both
55,1301,both
55,2,both
55,26,both
55,27,both
55,30C,both
55,38,both
55,42,both
55,45,both
55,49,both
55,50,both
55,56,both
55,56A,both
55,57,both
55,58,both
55,59,both
55,59A,both
55,7703,both
5505,5179,both
5505,5203,both
5505,5501,both
5505,5504,both
5505,5552,both
5505,5553,both
5505,5555,both
5505,5556,both
5505,5601,both
5511,5178,both
5511,5179,both
5511,5203,both
5511,5382,both
5512,5001,both
5551,5061,both
5555,5051,both
5558,7608,both
56,1,both
56,121,both
56,1250,both
56,151,both
56,163,both
56,164,both
56,165,both
56,167,both
56,168,both
56,169,both
56,172,both
56,173,both
56,174,both
56,174A,both
56,199,both
56,267,both
56,291,both
56,421,both
56,422,both
56,460,both
56,469,both
56,57,both
56,58,both
56,616,both
56,617,both
56,63,both
56,642,both
56,67,both
56,68,both
56,7701,both
56,87,both
5601,5171,both
5601,5178,both
5601,5179,both
5601,5181,both
5601,5221,both
5604,5203,both
5604,5206,both
5604,5301,both
5604,5557,both
5604,7608,both
5605,5291,both
5606,5301,both
5607,5214,both
5607,5223,both
5607,5273,both
561,562,both
561,563,both
561,564,both
561,565,both
5612,5215,both
5615,5101,both
5615,5179,both
5615,5207,both
5615,5221,both
562,302,both
562,316,both
562,542,both
562,67,both
562,857,both
563,531,both
563,541,both
563,562,both
564,545,both
564,561,both
565,1441,both
565,1442,both
565,316,both
565,561,both
565,562,both
5671,5051,both
5671,5415,both
5672,5415,both
5674,5053,both
5675,5412,both
5681,5121,both
5681,5124,both
5681,5171,both
5681,5180,both
5684,6601,both
5684,6651,both
5684,6653,both
5684,6656,both
5684,6665,both
5684,7201,both
5684,7203,both
5685,5845,both
5685,5872,both
5686,7302,both
5688,5243,both
56A,1381,both
56A,1382,both
56A,167,both
56A,168,both
56A,197,both
56A,263,both
56A,291,both
56A,401,both
56A,404A,both
56A,414,both
56A,451,both
56A,48D,both
56A,501,both
56A,511,both
56A,513,both
56A,514,both
56A,59,both
56A,6417,both
56A,882,both
56A,901,both
56A,951,both
56A,951A,both
57,103,both
57,1202,both
57,141,both
57,142,both
57,143,both
57,145,both
57,263,both
57,291,both
57,56,both
57,611,both
57,613,both
57,613A,both
57,614,both
57,852,both
5702,4216,both
5702,5701,both
5702,5704,both
5702,7652,both
5703,5061,both
5703,5701,both
5703,5704,both
5703,6501,both
5703,7503,both
5705,7652,both
5712,5713,both
5713,5711,both
5713,5712,both
5731,448,both
5731,5061,both
5751,5704,both
5751,5723,both
5754,5704,both
5754,5761,both
5754,5762,both
5761,5704,both
5761,5754,both
5761,6651,both
5761,6653,both
5761,6656,both
5761,6665,both
5762,5751,both
5762,5752,both
5763,5723,both
5763,7302,both
58,461,both
58,469,both
58,56,both
58,57,both
5801,448,both
5801,5061,both
581,582,both
581,584,both
582,165,both
582,166,both
582,591,both
584,1,both
584,1504,both
584,170,both
584,172,both
584,357,both
584,368,both
5846,5801,both
5846,5811,both
5846,5821,both
585,1563,both
585,166,both
585,481,both
585,581,both
585,6655,both
5851,5801,both
5852,5811,both
5852,5821,both
5853,5811,both
5853,5821,both
5854,5811,both
5861,5801,both
5861,5802,both
5861,5844,both
5881,1223,both
5881,267,both
5881,707,both
5891,104,both
5891,130,both
5891,3405,both
5891,461,both
5891,72,both
59,1,both
59,1254,both
59,1366,both
59,173,both
59,174A,both
59,263,both
59,27,both
59,291,both
59,465,both
59,52,both
59,55,both
59,56,both
59,56A,both
59,57,both
59,58,both
59,584,both
59,616,both
59,617,both
59,704,both
59,901,both
59,904,both
59,911,both
593,103,both
593,1368,both
593,1504,both
593,1563,both
593,165,both
593,166,both
593,317,both
593,381,both
593,481,both
593,501,both
593,513,both
593,581,both
593,585,both
593,591,both
593,597,both
593,7701,both
593,904,both
594,11,both
594,816,both
597,381,both
597,7701,both
59A,1441,both
59A,1442,both
59A,1504,both
59A,1563,both
59A,163,both
59A,172,both
59A,245A,both
59A,250,both
59A,26,both
59A,267,both
59A,318,both
59A,38,both
59A,41,both
59A,42,both
59A,448,both
59A,45,both
59A,46,both
59A,48,both
59A,482,both
59A,52,both
59A,581,both
59A,6038A,both
59A,707,both
59A,7874,both
59A,803,both
59A,832,both
59A,871,both
59A,881,both
6001,6053,both
6011,1461,both
6011,1471,both
6011,1474,both
6011,4965,both
6011,511,both
6011,6039K,both
6011,6058,both
6011,912,both
6012,121,both
6012,151,both
6012,2,both
6012,408,both
6012,527,both
6012,528,both
6012,63,both
6012,7703,both
6012,871,both
6012,881,both
6012,911,both
6013,112,both
6013,15,both
6013,151,both
6013,2,both
6013,443,both
6013,5562,both
6013,6212,both
6013,6213,both
6013,63,both
6013,6501,both
6013,6502,both
6013,6511,both
6013,6651,both
6013,692,both
6013,7121,both
6013,7122,both
6013,7206,both
6013,7207,both
6013,7851,both
6014,1,both
6014,3401,both
6014,6012,both
6014,63,both
6015,1,both
6015,55,both
6015,6013,both
6015,6502,both
6015,6511,both
6015,6512,both
6015,6532,both
6015,6662,both
6015,6851,both
6015,6861,both
6015,7121,both
6015,7122,both
6015,7421,both
6015,7485,both
6015,86,both
6017,6013,both
6018,2001,both
6018,2010,both
6018,2521,both
6019,2503,both
6019,2522,both
6019,2523,both
6031,512,both
6031,6221,both
6031,6225,both
6031,6226,both
6031,743,both
6031,761,both
6032,581,both
6032,6012,both
6032,6062,both
6033,11,both
6033,162,both
6033,170,both
6033,401,both
6033,4911,both
6033,4912,both
6033,4946,both
6033,4947,both
6033,4955,both
6033,4958,both
6033,4959,both
6033,4962,both
6033,4965,both
6033,4966,both
6033,4968,both
6033,501,both
6033,506,both
6033,509,both
6033,512,both
6033,527,both
6033,6001,both
6033,6043,both
6033,6056,both
6033,6058,both
6033,6652,both
6034,4947,both
6034,642,both
6034A,6012,both
6034A,6213,both
6035,6018,both
6036,2203,both
6037,6012,both
6037,6213,both
6038,267,both
6038,318,both
6038,7203,both
6038,7701,both
6038,898,both
6038,901,both
6038,902,both
6038,904,both
6038,960,both
6038A,267,both
6038A,318,both
6038A,482,both
6038A,59A,both
6038A,6038C,both
6038A,6501,both
6038A,6531,both
6038A,707,both
6038A,7203,both
6038A,7602,both
6038A,7603,both
6038A,7604,both
6038A,7701,both
6038B,332,both
6038B,336,both
6038B,351,both
6038B,354,both
6038B,355,both
6038B,356,both
6038B,361,both
6038B,482,both
6038B,6046A,both
6038B,721,both
6038C,6038A,both
6038C,7602,both
6038C,7603,both
6038C,7604,both
6038D,1471,both
6038D,1473,both
6038E,5001,both
6038E,5041,both
6038E,5051,both
6039,422,both
6039,423,both
6039C,1445,both
6039C,897,both
6039D,105,both
6039D,106,both
6039D,125,both
6039D,127,both
6039D,129,both
6039D,137,both
6039D,79,both
6039F,1,both
6039F,2503,both
6039F,501,both
6039F,6048,both
6039G,7701,both
6039G,877,both
6039G,877A,both
6039H,247,both
6039H,6034A,both
6039H,646,both
6039I,101,both
6039K,4980H,both
6039L,6039K,both
6040,2016,both
6040,2204,both
6040,3402,both
6040,6051,both
6040,6164,both
6040,6212,both
6040,6411,both
6040,6805,both
6040,6901,both
6040,6903,both
6040,905,both
6041,1,both
6041,106,both
6041,213,both
6041,224,both
6041,225,both
6041,3401,both
6041,409A,both
6041,6042,both
6041,6044,both
6041,6045,both
6041,6047,both
6041,6049,both
6041,6050N,both
6041,6051,both
6041,6053,both
6041A,224,both
6041A,6041,both
6041A,6050M,both
6041A,6051,both
6041A,6052,both
6041A,6053,both
6042,316,both
6042,6049,both
6043,304,both
6043,401,both
6043,501,both
6043,509,both
6043,6652,both
6044,1381,both
6044,1382,both
6044,1388,both
6044,521,both
6045,1012,both
6045,1091,both
6045,121,both
6045,1222,both
6045,1234,both
6045,143,both
6045,164,both
6045,6041,both
6045,6045A,both
6045,6051,both
6045,6721,both
6045,6722,both
6045A,6045,both
6045B,6045,both
6046,6679,both
6046,7203,both
6046,7701,both
6046,953,both
6046A,6038,both
6046A,6679,both
6046A,7203,both
6047,219,both
6047,3405,both
6047,401,both
6047,402A,both
6047,403,both
6047,404,both
6047,408,both
6047,414,both
6047,501,both
6047,6050Y,both
6047,6652,both
6047,6704,both
6047,6721,both
6047,6722,both
6047,7207,both
6048,402,both
6048,404,both
6048,404A,both
6048,501,both
6048,6034A,both
6048,6038A,both
6048,6677,both
6048,668,both
6048,679,both
6048,7602,both
6048,7603,both
6048,7604,both
6049,1272,both
6049,1273,both
6049,1441,both
6049,4947,both
6049,501,both
6049,54,both
6049,584,both
6049,6045,both
6049,664,both
6049,856,both
6049,860B,both
6049,871,both
6050A,3121,both
6050AA,163,both
6050B,85,both
6050F,86,both
6050G,72,both
6050G,86,both
6050H,216,both
6050I,6045,both
6050K,751,both
6050L,170,both
6050L,501,both
6050M,102,both
6050N,6049,both
6050P,581,both
6050P,591,both
6050P,6050M,both
6050Q,101,both
6050R,6050I,both
6050S,221,both
6050S,25A,both
6050T,7527,both
6050U,72,both
6050V,168,both
6050V,170,both
6050V,2055,both
6050V,2522,both
6050W,224,both
6050X,162,both
6050Y,101,both
6050Y,72,both
6050Z,401,both
6051,104,both
6051,106,both
6051,125,both
6051,129,both
6051,162,both
6051,220,both
6051,223,both
6051,224,both
6051,225,both
6051,3101,both
6051,3111,both
6051,3121,both
6051,32,both
6051,3201,both
6051,3211,both
6051,3401,both
6051,3402,both
6051,402,both
6051,402A,both
6051,409A,both
6051,457,both
6051,4980B,both
6051,6041,both
6051,6053,both
6051,6674,both
6051,7204,both
6051,83,both
6051,9831,both
6051,9832,both
6052,79,both
6053,3101,both
6053,3102,both
6053,3121,both
6053,3201,both
6053,3202,both
6053,3231,both
6053,3401,both
6053,3511,both
6053,52,both
6053,6051,both
6055,36B,both
6055,45R,both
6055,5000A,both
6056,4980H,both
6056,5000A,both
6056,6051,both
6056,6055,both
6057,403,both
6057,414,both
6057,6652,both
6057,6690,both
6058,401,both
6058,403,both
6058,414,both
6058,4973,both
6058,4974,both
6058,6652,both
6059,412,both
6059,414,both
6059,430,both
6059,431,both
6059,433,both
6059,7701,both
6061,6062,both
6061,6063,both
6061,6103,both
6062,6012,both
6063,6031,both
6071,4901,both
6071,5732,both
6072,1381,both
6072,1388,both
6072,401,both
6072,501,both
6072,6011,both
6072,6012,both
6072,6013,both
6072,6017,both
6072,6031,both
6072,6037,both
6075,6018,both
6075,6019,both
6081,7508,both
6081,7508A,both
6091,4181,both
6091,6018,both
6091,6851,both
6091,6852,both
6091,911,both
6091,931,both
6091,933,both
6096,9006,both
6103,1,both
6103,135,both
6103,1362,both
6103,1398,both
6103,1402,both
6103,1441,both
6103,151,both
6103,24,both
6103,2513,both
6103,25A,both
6103,263A,both
6103,3121,both
6103,3304,both
6103,3401,both
6103,36B,both
6103,4424,both
6103,4481,both
6103,5000,both
6103,5181,both
6103,6050I,both
6103,6051,both
6103,6057,both
6103,61,both
6103,6104,both
6103,6109,both
6103,6110,both
6103,6159,both
6103,6306,both
6103,6311,both
6103,6323,both
6103,6330,both
6103,6402,both
6103,6502,both
6103,6672,both
6103,6694,both
6103,6695,both
6103,7121,both
6103,7122,both
6103,7213,both
6103,7213A,both
6103,7214,both
6103,7216,both
6103,7345,both
6103,737,both
6103,7513,both
6103,7527,both
6103,7623,both
6103,7624,both
6103,7703,both
6103,7802,both
6103,86,both
6103,911,both
6103,931,both
6103,933,both
6104,170,both
6104,401,both
6104,403,both
6104,408,both
6104,501,both
6104,507,both
6104,508,both
6104,509,both
6104,511,both
6104,527,both
6104,6011,both
6104,6031,both
6104,6033,both
6104,6034,both
6104,6058,both
6104,6103,both
6105,6103,both
6105,7213,both
6105,7213A,both
6105,7431,both
6107,6060,both
6107,6696,both
6108,6103,both
6108,7803,both
6109,163,both
6109,6696,both
6109,7213,both
611,167,both
611,613,both
6110,412,both
6110,442,both
6110,446,both
6110,4942,both
6110,501,both
6110,509,both
6110,6103,both
6110,6104,both
6110,6105,both
6110,706,both
6110,7453,both
6110,7458,both
6110,7461,both
6111,6707A,both
6112,6111,both
6112,6707A,both
6113,170,both
6113,501,both
6113,527,both
6115,170,both
6117,4102,both
612,1011,both
613,1245,both
613,199A,both
613,611,both
613,613A,both
613A,1212,both
613A,1563,both
613A,172,both
613A,199A,both
613A,267,both
613A,45K,both
613A,611,both
613A,613,both
613A,704,both
613A,707,both
613A,732,both
614,613,both
6151,6014,both
6151,6302,both
6155,6212,both
6155,6213,both
6155,6873,both
6157,3301,both
6157,3306,both
6159,7122,both
616,1016,both
616,167,both
616,59,both
616,611,both
616,613,both
6161,6151,both
6161,6165,both
6161,6166,both
6161,6503,both
6161,7508,both
6161,7508A,both
6163,6165,both
6164,1314,both
6164,172,both
6164,6411,both
6166,1504,both
6166,2001,both
6166,2035,both
6166,2053,both
6166,2054,both
6166,2601,both
6166,2612,both
6166,267,both
6166,303,both
6166,304,both
6166,355,both
6166,356,both
6166,368,both
6166,6075,both
6166,6151,both
6166,6165,both
6166,6324A,both
6166,643,both
6166,6503,both
6166,6601,both
6166,661,both
6167,1351,both
6167,6165,both
6167,6503,both
6167,6601,both
617,1245,both
617,1254,both
617,167,both
617,59,both
617,611,both
617,613,both
617,614,both
617,631,both
617,751,both
62,1,both
62,135,both
62,161,both
62,162,both
62,165,both
62,167,both
62,194,both
62,199A,both
62,212,both
62,217,both
62,219,both
62,220,both
62,221,both
62,223,both
62,274,both
62,401,both
62,404,both
62,501,both
62,529,both
62,530,both
62,6013,both
62,611,both
62,7623,both
62,7703,both
6201,6157,both
6201,6213,both
6201,6225,both
6201,6311,both
6201,6654,both
6201,6655,both
6201,73,both
6201,7422,both
6204,6213,both
6205,3101,both
6205,3111,both
6205,3122,both
6205,3125,both
6205,3201,both
6205,3221,both
6205,3402,both
6206,4081,both
6206,6416,both
6206,6420,both
6206,6421,both
6206,6427,both
6206,6435,both
6206,6675,both
6207,5006,both
6207,5703,both
6207,6342,both
6207,7421,both
6207,7507,both
6211,21,both
6211,31,both
6211,33,both
6211,6014,both
6211,6851,both
6211,6852,both
6212,1033,both
6212,183,both
6212,4940,both
6212,6213,both
6212,6214,both
6212,63,both
6212,6512,both
6212,6851,both
6212,6852,both
6212,6861,both
6212,6903,both
6213,108,both
6213,1341,both
6213,1401,both
6213,151,both
6213,2016,both
6213,21,both
6213,224,both
6213,225,both
6213,24,both
6213,25A,both
6213,25C,both
6213,25E,both
6213,30D,both
6213,32,both
6213,36,both
6213,45W,both
6213,4941,both
6213,4963,both
6213,6109,both
6213,6201,both
6213,6211,both
6213,6212,both
6213,6404,both
6213,6411,both
6213,6428,both
6213,6428A,both
6213,6434,both
6213,6512,both
6213,6851,both
6213,6852,both
6213,6861,both
6213,7421,both
6213,905,both
6214,4963,both
6214,507,both
6214,6512,both
6214,7463,both
6214,7481,both
6215,6161,both
6215,6673,both
6215,7459,both
6215,7485,both
6221,6031,both
6221,6037,both
6222,6213,both
6225,1,both
6225,11,both
6225,168,both
6225,469,both
6225,6222,both
6225,6226,both
6225,6227,both
6225,6231,both
6225,6232,both
6225,6234,both
6225,6501,both
6225,6511,both
6225,702,both
6226,6221,both
6226,6225,both
6226,6234,both
6226,6621,both
6227,6225,both
6227,6226,both
6227,6231,both
6227,905,both
6231,6227,both
6231,6234,both
6231,6235,both
6232,6213,both
6232,6222,both
6232,6225,both
6232,6226,both
6232,6227,both
6232,6234,both
6232,6241,both
6232,6621,both
6232,6651,both
6232,7421,both
6233,6226,both
6233,6603,both
6233,6651,both
6234,1,both
6234,6231,both
6235,6020,both
6235,6225,both
6235,6227,both
6235,6231,both
6235,6501,both
6235,905,both
6241,1293,both
6241,1295,both
6241,1297,both
6241,6011,both
6241,6031,both
6241,6213,both
6241,6225,both
6241,6226,both
6241,6232,both
6241,6234,both
6241,6501,both
6241,6502,both
6241,6851,both
6241,6861,both
6241,951,both
6241,953,both
6241,957,both
63,1,both
63,151,both
63,163,both
63,170,both
63,199A,both
63,2,both
63,224,both
63,225,both
63,443,both
63,7122,both
63,7703,both
6302,4251,both
6302,4261,both
6302,4271,both
6302,4481,both
6302,5061,both
6302,5703,both
6303,6203,both
6303,7508A,both
6304,7433,both
6305,452,both
6305,6303,both
6305,6334,both
6306,165,both
6306,6103,both
6306,6304,both
6306,6307,both
6306,7433A,both
6306,7602,both
6306,7811,both
6307,6306,both
631,267,both
631,272,both
631,535,both
631,545,both
631,613,both
631,707,both
6311,6103,both
6311,7431,both
6314,2204,both
6314,6051,both
6317,6157,both
6320,6321,both
6320,6323,both
6320,6330,both
6320,7345,both
6322,6321,both
6323,1,both
6323,581,both
6323,591,both
6323,6159,both
6323,6321,both
6323,6324,both
6323,6332,both
6323,6334,both
6324,2034,both
6324,2204,both
6324,401,both
6324,6323,both
6324A,2204,both
6324A,6151,both
6324A,6165,both
6324A,6166,both
6324A,6323,both
6324A,6324,both
6324A,6324B,both
6324B,2032A,both
6324B,6324A,both
6325,6321,both
6325,6323,both
6325,6324,both
6325,6324B,both
6325,6621,both
6325,7122,both
6325,7426,both
6327,5004,both
6327,545,both
6327,724,both
6330,6159,both
6330,6320,both
6330,6331,both
6330,6502,both
6330,6531,both
6330,6532,both
6330,6702,both
6330,7421,both
6331,3401,both
6331,6159,both
6331,6334,both
6331,6335,both
6331,6343,both
6331,6402,both
6331,6502,both
6331,6672,both
6331,7122,both
6331,7345,both
6331,7421,both
6332,408,both
6332,6323,both
6332,6331,both
6332,6621,both
6334,1,both
6334,121,both
6334,151,both
6334,6331,both
6335,6331,both
6335,6336,both
6335,6863,both
6335,7433,both
6337,6335,both
6337,6340,both
6338,6335,both
6338,6337,both
6339,6335,both
6339,6338,both
6339,6342,both
6339,7426,both
6340,6335,both
6342,6332,both
6343,402,both
6343,402A,both
6343,403,both
6343,408,both
6343,408A,both
6343,457,both
6343,6159,both
6343,6335,both
6343,6621,both
6344,6502,both
6344,6503,both
6344,6807,both
6344,7506,both
6344,7804,both
636,613,both
636,614,both
638,861,both
638,862,both
64,1231,both
6401,1446,both
6401,33,both
6401,6013,both
6402,24,both
6402,3304,both
6403,6402,both
6404,6212,both
6404,6213,both
6404,6512,both
6404,6602,both
6404,6651,both
6404,6664,both
6404,7430,both
6404,7508A,both
6405,165,both
6405,6411,both
641,1,both
641,1211,both
641,1361,both
641,1366,both
641,170,both
641,55,both
641,642,both
6411,1212,both
6411,1314,both
6411,1341,both
6411,172,both
6411,39,both
6411,6065,both
6411,6164,both
6411,6611,both
6412,4071,both
6412,4081,both
6413,31,both
6413,3101,both
6413,3111,both
6413,3121,both
6413,3122,both
6413,3125,both
6413,3201,both
6413,3221,both
6413,3231,both
6413,3302,both
6413,3402,both
6415,4251,both
6415,4261,both
6415,4271,both
6416,4041,both
6416,4051,both
6416,4064,both
6416,4071,both
6416,4081,both
6416,4101,both
6416,4121,both
6416,4131,both
6416,4216,both
6416,4221,both
6416,4223,both
6416,6427,both
6416,7701,both
6417,1366,both
6417,168,both
6417,24,both
6417,30C,both
6417,30D,both
6417,38,both
6417,45,both
6417,45Q,both
6417,45U,both
6417,45V,both
6417,45W,both
6417,45X,both
6417,45Y,both
6417,45Z,both
6417,48,both
6417,48C,both
6417,48E,both
6417,50,both
6417,6011,both
6417,6033,both
6417,6418,both
6417,6662,both
6417,705,both
6418,1366,both
6418,267,both
6418,30C,both
6418,38,both
6418,39,both
6418,40A,both
6418,45,both
6418,45Q,both
6418,45U,both
6418,45V,both
6418,45X,both
6418,45Y,both
6418,45Z,both
6418,46,both
6418,48,both
6418,48C,both
6418,48E,both
6418,50,both
6418,6417,both
6418,705,both
6418,707,both
6418,7701,both
642,1,both
642,1202,both
642,1212,both
642,151,both
642,167,both
642,169,both
642,170,both
642,172,both
642,197,both
642,2053,both
642,2054,both
642,2621,both
642,2622,both
642,501,both
642,611,both
642,6334,both
642,651,both
642,661,both
642,67,both
642,68,both
642,681,both
642,901,both
6420,34,both
6420,4041,both
6420,4081,both
6420,4083,both
6420,501,both
6420,6675,both
6420,7201,both
6420,7504,both
6420,7602,both
6420,7871,both
6421,212,both
6421,34,both
6421,4041,both
6421,4081,both
6421,4083,both
6421,4221,both
6421,501,both
6421,6420,both
6421,6427,both
6421,6675,both
6421,7201,both
6421,7602,both
6421,7871,both
6422,547,both
6422,7486,both
6422,860,both
6422,905,both
6425,11,both
6425,55,both
6425,59A,both
6425,6065,both
6425,6655,both
6426,40,both
6426,4041,both
6426,4081,both
6426,4083,both
6426,40A,both
6426,40B,both
6426,4101,both
6426,45K,both
6426,45Z,both
6427,34,both
6427,4041,both
6427,4081,both
6427,4083,both
6427,4101,both
6427,4221,both
6427,501,both
6427,6416,both
6427,6420,both
6427,6421,both
6427,6426,both
6427,6621,both
6427,6675,both
6427,7201,both
6427,7602,both
6427,7871,both
6428,151,both
6428,2,both
6428,24,both
6428,6213,both
6428A,101,both
6428A,151,both
6428A,2,both
6428A,24,both
6428A,6213,both
6428A,6428,both
6428B,152,both
6428B,2,both
6428B,6072,both
6428B,6213,both
6428B,6428,both
6428B,6428A,both
6428B,7508A,both
643,103,both
643,1202,both
643,265,both
643,267,both
643,31,both
643,3406,both
643,642,both
643,651,both
643,661,both
643,662,both
643,663,both
643,707,both
643,894,both
6430,4041,both
6430,4081,both
6430,4082,both
6430,6435,both
6432,139E,both
6432,3111,both
6432,3131,both
6432,3132,both
6432,3134,both
6432,3221,both
6432,3504,both
6432,501,both
6432,6402,both
6432,6413,both
6432,6501,both
6432,6656,both
6432,9501,both
6433,1,both
6433,102,both
6433,151,both
6433,152,both
6433,2,both
6433,219,both
6433,401,both
6433,402,both
6433,402A,both
6433,403,both
6433,404,both
6433,408,both
6433,408A,both
6433,414,both
6433,415,both
6433,416,both
6433,457,both
6433,4974,both
6433,6013,both
6433,6058,both
6433,6402,both
6433,72,both
6433,911,both
6433,931,both
6433,933,both
6434,152,both
6434,24,both
6434,530A,both
6434,6402,both
6434,6611,both
6435,4081,both
6435,4082,both
6435,6675,both
644,4947,both
644,501,both
645,672,both
645,676,both
646,1,both
646,103,both
646,301,both
646,311,both
646,6039H,both
646,641,both
646,643,both
646,651,both
646,661,both
6501,1295,both
6501,1298,both
6501,2016,both
6501,2503,both
6501,2701,both
6501,30B,both
6501,30C,both
6501,30D,both
6501,35,both
6501,40,both
6501,43,both
6501,45B,both
6501,45C,both
6501,45H,both
6501,4912,both
6501,4940,both
6501,4942,both
6501,4973,both
6501,4974,both
6501,4975,both
6501,4980H,both
6501,501,both
6501,507,both
6501,51,both
6501,543,both
6501,544,both
6501,6011,both
6501,6013,both
6501,6020,both
6501,6033,both
6501,6038,both
6501,6038A,both
6501,6038B,both
6501,6038D,both
6501,6046,both
6501,6046A,both
6501,6048,both
6501,6056,both
6501,6112,both
6501,6201,both
6501,6213,both
6501,6231,both
6501,6234,both
6501,6411,both
6501,6511,both
6501,6707A,both
6501,7701,both
6501,904,both
6501,905,both
6501,907,both
6501,951,both
6501,992,both
6502,6335,both
6502,6343,both
6503,1294,both
6503,4963,both
6503,4971,both
6503,4975,both
6503,507,both
6503,547,both
6503,6161,both
6503,6163,both
6503,6166,both
6503,6167,both
6503,6211,both
6503,6212,both
6503,6325,both
6503,6343,both
6503,6501,both
6503,6502,both
6503,6694,both
6503,7426,both
6503,860,both
6504,1033,both
6504,2204,both
6504,6206,both
6504,63,both
6504,6420,both
6504,6421,both
6504,6427,both
6504,6601,both
6504,6675,both
6504,6694,both
6504,6695,both
6504,6696,both
6504,7507,both
6504,7508,both
6504,905,both
651,642,both
6511,165,both
6511,166,both
6511,2014,both
6511,2015,both
6511,39,both
6511,4912,both
6511,4975,both
6511,6013,both
6511,6411,both
6511,6412,both
6511,6420,both
6511,6421,both
6511,6501,both
6511,6513,both
6511,6694,both
6511,6695,both
6511,6696,both
6511,7122,both
6511,7436,both
6511,832,both
6511,901,both
6512,6212,both
6512,6213,both
6512,6402,both
6512,6511,both
6512,6532,both
6512,7430,both
6512,7463,both
6512,7481,both
6512,7483,both
6513,1462,both
6513,1474,both
6513,31,both
6513,6012,both
6513,6157,both
6513,6402,both
6513,6511,both
6513,6512,both
6514,6401,both
6514,6532,both
6514,7405,both
6515,547,both
6515,6411,both
6515,6532,both
6515,7508,both
6515,860,both
652,651,both
6521,1402,both
6521,3101,both
6521,7122,both
6531,6513,both
6531,7206,both
6531,7207,both
6531,7212,both
6531,7214,both
6532,6343,both
6532,7405,both
6532,7422,both
6532,7426,both
6533,7508,both
66,6013,both
66,879,both
66,911,both
6601,1,both
6601,2001,both
6601,2010,both
6601,3301,both
6601,531,both
6601,6157,both
6601,6159,both
6601,6166,both
6601,6205,both
6601,6211,both
6601,6213,both
6601,6511,both
6601,6611,both
6601,6621,both
6601,6651,both
6601,6653,both
6601,6654,both
6601,6655,both
6602,6621,both
6602,7405,both
6603,6601,both
6603,6611,both
6603,6621,both
661,642,both
6611,6406,both
6611,6411,both
6611,6511,both
6611,6513,both
6611,6621,both
6612,2014,both
6612,6413,both
662,642,both
662,661,both
6621,1274,both
6621,6212,both
6621,6601,both
6621,6654,both
6622,6654,both
6622,6655,both
663,4948,both
663,508,both
663,642,both
663,651,both
663,661,both
663,662,both
663,681,both
664,170,both
664,2032A,both
664,267,both
664,318,both
664,401,both
664,404,both
664,409,both
664,415,both
664,4940,both
664,4975,both
664,4978,both
664,4979A,both
664,512,both
664,6212,both
664,6621,both
664,7520,both
665,643,both
665,661,both
665,666,both
665,667,both
665,672,both
6651,1,both
6651,6020,both
6651,6159,both
6651,6213,both
6651,6226,both
6651,6331,both
6651,6654,both
6651,6655,both
6652,1,both
6652,1202,both
6652,142,both
6652,3101,both
6652,3121,both
6652,3201,both
6652,3231,both
6652,3405,both
6652,3511,both
6652,402,both
6652,4965,both
6652,506,both
6652,527,both
6652,6012,both
6652,6033,both
6652,6034,both
6652,6039C,both
6652,6042,both
6652,6043,both
6652,6044,both
6652,6053,both
6652,6057,both
6652,6058,both
6652,6104,both
6652,6724,both
6652,7705,both
6652,83,both
6652,9831,both
6653,6671,both
6654,1402,both
6654,143,both
6654,31,both
6654,3101,both
6654,511,both
6654,6072,both
6654,6621,both
6654,67,both
6654,7703,both
6654,951,both
6655,1,both
6655,11,both
6655,1201,both
6655,1212,both
6655,1371,both
6655,1374,both
6655,1375,both
6655,1561,both
6655,172,both
6655,4940,both
6655,511,both
6655,55,both
6655,56A,both
6655,59A,both
6655,6425,both
6655,6621,both
6655,856,both
6655,881,both
6655,887,both
6655,951,both
6655,958,both
6656,6302,both
6656,6303,both
6656,6331,both
6656,6861,both
6656,6862,both
6656,7430,both
6658,6651,both
6658,6654,both
6658,6655,both
6659,6434,both
6659,6662,both
666,55,both
666,661,both
6662,1014,both
6662,170,both
6662,199A,both
6662,404,both
6662,45X,both
6662,45Y,both
6662,482,both
6662,48E,both
6662,542,both
6662,55,both
6662,6038,both
6662,6038B,both
6662,6038D,both
6662,6046A,both
6662,6048,both
6662,6211,both
6662,6662A,both
6662,6663,both
6662,6664,both
6662,6694,both
6662,7701,both
6662A,1,both
6662A,11,both
6662A,1211,both
6662A,6662,both
6662A,6663,both
6662A,6664,both
6662A,6707A,both
6664,170,both
6664,267,both
6664,6011,both
6664,6020,both
6664,6111,both
6664,6211,both
6664,6662,both
6664,6662A,both
6664,6663,both
6664,6707A,both
6664,707,both
6665,6211,both
6665,6651,both
6665,6654,both
6665,6655,both
667,103,both
667,662,both
667,665,both
667,666,both
667,668,both
667,904,both
6672,6212,both
6672,6501,both
6672,6502,both
6672,6653,both
6672,7421,both
6673,7433,both
6674,3111,both
6674,6051,both
6674,6053,both
6674,7204,both
6675,6206,both
6675,6416,both
6675,6420,both
6675,6421,both
6675,6427,both
6675,6435,both
6676,6662,both
6677,6048,both
6679,6046,both
6679,6046A,both
668,6621,both
668,666,both
668,667,both
6682,3402,both
6682,3406,both
6685,6104,both
6685,7207,both
6686,6011,both
6686,7203,both
6688,7654,both
6688,937,both
6689,404A,both
6689,905,both
6690,3111,both
6690,6057,both
6692,412,both
6692,414,both
6692,6059,both
6693,220,both
6693,223,both
6693,408,both
6693,529,both
6693,529A,both
6693,530,both
6693,530A,both
6693,6724,both
6694,6502,both
6694,6662,both
6694,6662A,both
6694,7421,both
6694,7701,both
6695,1,both
6695,2,both
6695,24,both
6695,25A,both
6695,32,both
6695,581,both
6695,6060,both
6695,6107,both
6695,6109,both
6695A,6662,both
6695A,6664,both
6695B,6662,both
6695B,6664,both
6695B,7701,both
6696,6226,both
6696,6227,both
6696,6694,both
6696,6695,both
6696,6695A,both
6696,6695B,both
6698,1,both
6698,6031,both
6698,6226,both
6698,7203,both
6699,1,both
6699,6037,both
6699,7203,both
67,1341,both
67,162,both
67,163,both
67,164,both
67,165,both
67,170,both
67,171,both
67,190,both
67,213,both
67,216,both
67,62,both
67,642,both
67,651,both
67,661,both
67,691,both
67,72,both
6701,6694,both
6701,6700,both
6702,6159,both
6702,6226,both
6702,6227,both
6702,6320,both
6702,6330,both
6702,6662,both
6702,7122,both
6702,7811,both
6703,6502,both
6703,6700,both
6703,6701,both
6703,6702,both
6703,7421,both
6704,6047,both
6705,3406,both
6706,1275,both
6707,6111,both
6707,6707A,both
6707A,6011,both
6707A,6662,both
6707A,6662A,both
6708,6112,both
6709,25,both
671,61,both
6710,6113,both
6711,501,both
6711,527,both
6711,6710,both
6712,6114,both
6713,6103,both
6713,7216,both
6714,6115,both
6715,4082,both
6715A,1504,both
6715A,4082,both
6717,1504,both
6717,4083,both
6718,4101,both
6719,4101,both
672,1297,both
672,2503,both
672,674,both
672,675,both
672,957,both
6720,1,both
6720,170,both
6720A,45H,both
6720B,170,both
6720B,501,both
6721,1,both
6721,448,both
6721,5,both
6721,6041A,both
6721,6045,both
6721,6050H,both
6721,6050I,both
6721,6050J,both
6721,6050K,both
6721,6050L,both
6721,6050V,both
6721,6722,both
6721,6724,both
6722,1,both
6722,5,both
6722,6041A,both
6722,6045,both
6722,6050K,both
6722,6050L,both
6722,6721,both
6722,6724,both
6724,1060,both
6724,110,both
6724,264,both
6724,338,both
6724,408,both
6724,4101,both
6724,6011,both
6724,6031,both
6724,6035,both
6724,6039,both
6724,6039K,both
6724,6039L,both
6724,6041,both
6724,6041A,both
6724,6042,both
6724,6043A,both
6724,6044,both
6724,6045,both
6724,6045A,both
6724,6045B,both
6724,6047,both
6724,6048,both
6724,6049,both
6724,6050A,both
6724,6050AA,both
6724,6050H,both
6724,6050I,both
6724,6050J,both
6724,6050K,both
6724,6050L,both
6724,6050N,both
6724,6050P,both
6724,6050Q,both
6724,6050R,both
6724,6050S,both
6724,6050T,both
6724,6050U,both
6724,6050V,both
6724,6050W,both
6724,6050Y,both
6724,6050Z,both
6724,6051,both
6724,6052,both
6724,6053,both
6724,6055,both
6724,6056,both
6724,6109,both
6724,6226,both
6724,6721,both
6724,6722,both
6724,72,both
6725,4101,both
6726,1,both
6726,6039K,both
674,170,both
674,4975,both
674,664,both
674,672,both
674,673,both
674,677,both
675,672,both
6751,6651,both
6751,6654,both
6751,6655,both
6751,6662,both
676,673,both
677,170,both
677,661,both
677,662,both
677,673,both
677,674,both
678,1361,both
678,661,both
678,662,both
678,671,both
678,679,both
679,6048,both
679,643,both
679,7701,both
679,957,both
68,1,both
6802,6302,both
6803,6802,both
6804,6801,both
6807,5688,both
681,4948,both
681,501,both
681,508,both
681,512,both
681,642,both
683,351,both
683,642,both
684,671,both
685,1,both
685,642,both
6851,6212,both
6851,6331,both
6851,6861,both
6851,7429,both
6852,4955,both
6852,501,both
6852,6851,both
6852,6861,both
6861,6211,both
6861,6212,both
6861,6213,both
6861,6331,both
6861,6402,both
6861,6863,both
6862,6331,both
6863,6213,both
6863,6336,both
6863,6851,both
6863,6852,both
6863,6861,both
6863,6862,both
6863,7429,both
6864,6164,both
6867,1,both
6867,6851,both
6867,6861,both
6867,7429,both
6871,6213,both
6872,6036,both
6873,6161,both
6873,6503,both
6901,368,both
6901,6212,both
6901,6324,both
6901,6511,both
6901,6903,both
6901,7508,both
6904,7421,both
6905,2204,both
691,1,both
691,1202,both
691,1211,both
691,162,both
691,163,both
691,164,both
691,2001,both
691,2101,both
691,212,both
691,27,both
691,421,both
691,453,both
691,453B,both
691,611,both
691,72,both
691,753,both
692,112,both
692,6013,both
7001,7231,both
7011,4905,both
7012,4101,both
7012,4412,both
7012,5124,both
7012,5802,both
7012,5841,both
7012,5861,both
7012,7262,both
7012,7272,both
702,1,both
702,1231,both
702,170,both
702,6221,both
702,901,both
703,108,both
703,151,both
703,164,both
703,170,both
703,172,both
703,611,both
703,617,both
703,702,both
703,901,both
704,1031,both
704,702,both
704,706,both
705,613A,both
705,703,both
705,722,both
705,733,both
705,742,both
706,1378,both
706,441,both
706,584,both
706,644,both
706,702,both
706,707,both
706,755,both
707,1221,both
707,162,both
707,263,both
707,267,both
707,61,both
709,165,both
7101,7485,both
7103,6165,both
7103,6325,both
7103,6336,both
7103,6672,both
7103,6863,both
7103,7324,both
7103,7325,both
7103,7485,both
7103,905,both
7122,6159,both
7122,6702,both
7123,170,both
7123,4942,both
7123,501,both
7123,509,both
7123,7121,both
7123,7122,both
7124,7206,both
72,1,both
72,101,both
72,1021,both
72,1034,both
72,1035,both
72,1041,both
72,121,both
72,122,both
72,130,both
72,152,both
72,172,both
72,213,both
72,219,both
72,25A,both
72,3201,both
72,3211,both
72,3221,both
72,3405,both
72,401,both
72,402,both
72,402A,both
72,403,both
72,404,both
72,408,both
72,408A,both
72,414,both
72,416,both
72,417,both
72,457,both
72,4974,both
72,501,both
72,529,both
72,530,both
72,6331,both
72,7702,both
72,7702A,both
72,818,both
72,86,both
72,911,both
7203,6050I,both
7203,6654,both
7203,6655,both
7204,6051,both
7204,6674,both
7205,3402,both
7205,3406,both
7206,6331,both
7206,7121,both
7206,7122,both
7207,527,both
7207,6047,both
7207,6104,both
7208,7271,both
721,351,both
721,367,both
7210,6420,both
7210,6421,both
7210,6427,both
7210,7602,both
7210,7603,both
7210,7604,both
7213,6103,both
7213,6104,both
7213,7216,both
7213,7612,both
7213,7701,both
7213A,6103,both
7213A,6104,both
7213A,7213,both
7215,7512,both
7216,6713,both
7217,6103,both
722,721,both
723,721,both
7231,7001,both
7232,4083,both
7232,4101,both
724,1231,both
724,351,both
724,751,both
7269,6018,both
7269,6036,both
7270,4374,both
7271,6804,both
7272,4101,both
7272,4412,both
7272,7011,both
7273,6806,both
7275,4261,both
7275,4262,both
73,6201,both
7303,7207,both
7303,7208,both
7303,7271,both
731,1092,both
731,732,both
731,733,both
731,734,both
731,736,both
731,737,both
731,751,both
732,1504,both
732,743,both
732,751,both
732,754,both
7323,7324,both
7324,7101,both
7324,7301,both
7324,7302,both
7324,7323,both
733,732,both
734,731,both
734,732,both
734,743,both
734,754,both
734,755,both
7342,7606,both
7345,1,both
7345,6015,both
7345,6159,both
7345,6320,both
7345,6323,both
7345,6325,both
7345,6330,both
7345,6331,both
7345,7122,both
735,1223,both
735,1231,both
735,351,both
735,751,both
736,707,both
736,751,both
737,704,both
737,731,both
737,751,both
74,117,both
74,132,both
74,135,both
74,137,both
74,170,both
74,219,both
74,221,both
74,274,both
74,469,both
74,85,both
74,86,both
7403,6166,both
7404,6213,both
7404,6601,both
7405,6514,both
7405,6532,both
7405,6602,both
7407,6694,both
7407,6695,both
7407,7402,both
7408,6700,both
7408,6701,both
7408,6707,both
7408,6708,both
7408,7402,both
7409,4955,both
7409,501,both
7409,7402,both
741,751,both
7421,6015,both
7421,6212,both
7422,1502,both
7422,2001,both
7422,4941,both
7422,4942,both
7422,4943,both
7422,4944,both
7422,4945,both
7422,4951,both
7422,4952,both
7422,4955,both
7422,4958,both
7422,4963,both
7422,4971,both
7422,4975,both
7422,6166,both
7422,6212,both
7422,6700,both
7422,6701,both
7422,7479,both
7426,6325,both
7426,6335,both
7426,6532,both
7426,6621,both
7426,7422,both
7426,7433,both
7427,6694,both
7428,170,both
7428,4942,both
7428,501,both
7428,509,both
7428,521,both
7428,6033,both
7428,7481,both
7429,6213,both
7429,6331,both
7429,6851,both
7429,6852,both
7429,6861,both
7429,6862,both
743,704,both
743,732,both
743,734,both
743,754,both
743,755,both
7430,1,both
7430,6110,both
7430,7463,both
7431,3406,both
7431,6103,both
7431,6104,both
7431,6311,both
7431,7213,both
7431,7213A,both
7431,7430,both
7432,6325,both
7433,105,both
7433,362,both
7433,7430,both
7433,7432,both
7433A,6306,both
7433A,7433,both
7434,6724,both
7436,6213,both
7436,6214,both
7436,6215,both
7436,6503,both
7436,6512,both
7436,7430,both
7436,7453,both
7436,7463,both
7436,7481,both
7437,545,both
7437,724,both
7437,7482,both
7443,135,both
7443,5505,both
7443A,6320,both
7443A,6330,both
7443A,7436,both
7443A,7443,both
7443A,7463,both
7443A,7623,both
7447,7443,both
7447,7448,both
7447A,7443A,both
7447A,7447,both
7448,7443,both
7448,7443A,both
7448,7447,both
7448,7447A,both
7453,7436,both
7453,7463,both
7454,4912,both
7454,4941,both
7454,4944,both
7454,4945,both
7454,4946,both
7454,4951,both
7454,4952,both
7454,4955,both
7454,4958,both
7454,501,both
7454,6902,both
7457,7456,both
7459,6234,both
7459,6673,both
7459,7428,both
7459,7460,both
7463,6015,both
7463,6212,both
7463,6214,both
7463,6330,both
7463,6404,both
7463,6512,both
7463,7453,both
7463,7459,both
7463,7460,both
7465,6902,both
7466,354,both
7466,361,both
7466,7443,both
7471,7443A,both
7472,7475,both
7473,7470A,both
7473,7475,both
7476,401,both
7476,403,both
7478,103,both
7479,6166,both
7479,6532,both
7481,2001,both
7481,2053,both
7481,6166,both
7481,6215,both
7481,6512,both
7481,7436,both
7481,7463,both
7482,6015,both
7482,6213,both
7482,6234,both
7482,6320,both
7482,6330,both
7482,7428,both
7482,7476,both
7482,7478,both
7482,7483,both
7485,6234,both
7485,6241,both
7485,7482,both
7485,7483,both
7487,7463,both
7487,7474,both
7491,645,both
7491,7430,both
75,1016,both
75,171,both
7501,6672,both
7501,7202,both
7502,6302,both
7508,112,both
7508,6013,both
7508,6502,both
7508,6611,both
7508,6851,both
7508,7345,both
7508A,1033,both
7508A,165,both
7508A,219,both
7508A,402,both
7508A,403,both
7508A,404,both
7508A,408,both
7508A,408A,both
7508A,4974,both
7508A,6511,both
7508A,692,both
7508A,7508,both
751,1221,both
751,1231,both
751,1245,both
751,1248,both
751,1250,both
751,1252,both
751,1253,both
751,1254,both
751,1278,both
751,1283,both
751,617,both
751,731,both
751,732,both
751,736,both
751,741,both
751,992,both
751,995,both
7512,581,both
7513,7213,both
7518,1,both
7518,103,both
7518,11,both
7518,167,both
7518,172,both
7518,243,both
7518,316,both
7518,381,both
7518,531,both
7518,6601,both
7518,6651,both
7519,1,both
7519,1366,both
7519,280H,both
7519,444,both
7519,702,both
7519,707,both
7520,1274,both
7522,6155,both
7522,6212,both
7522,6303,both
7525,6662,both
7526,501,both
7526,7463,both
7526A,102,both
7526A,32,both
7526A,501,both
7526A,7526,both
7527,35,both
7527,4980B,both
7527,9801,both
7527A,24,both
7527A,6103,both
7527A,6402,both
7527A,6428A,both
7527A,937,both
7528,408,both
7528,414,both
7528,7705,both
7529,6051,both
753,691,both
753,736,both
7530,1,both
754,734,both
754,743,both
755,1231,both
755,267,both
755,707,both
755,734,both
755,743,both
7601,7212,both
7602,6103,both
7602,7604,both
7603,501,both
7603,581,both
7603,6045,both
7603,6420,both
7603,6421,both
7603,6427,both
7603,7602,both
7603,7612,both
7603,851,both
7604,6420,both
7604,6421,both
7604,6427,both
7604,7210,both
7604,7402,both
7604,7602,both
7605,6420,both
7605,6421,both
7605,6427,both
7605,7602,both
7605,7611,both
7606,7342,both
7608,6301,both
7609,6420,both
7609,6421,both
7609,6427,both
7609,6501,both
7609,6531,both
7609,6903,both
7609,7601,both
7609,7602,both
7609,7603,both
7609,7604,both
7609,7612,both
761,469,both
761,704,both
761,706,both
761,708,both
761,743,both
7610,6420,both
7610,6421,both
7610,6427,both
7610,7602,both
7611,170,both
7611,501,both
7611,511,both
7611,513,both
7611,6851,both
7611,6852,both
7611,6861,both
7611,7428,both
7611,7430,both
7611,7609,both
7612,267,both
7612,6103,both
7612,707,both
7612,7604,both
7613,4423,both
7613,5557,both
7613,7302,both
7651,28,both
7652,5001,both
7652,5111,both
7652,5314,both
7652,6302,both
7652,7651,both
7654,931,both
7654,932,both
7655,931,both
7655,933,both
7701,1,both
7701,101,both
7701,103,both
7701,104,both
7701,105,both
7701,1055,both
7701,106,both
7701,125,both
7701,1250,both
7701,1296,both
7701,1441,both
7701,1442,both
7701,1443,both
7701,1461,both
7701,1501,both
7701,1504,both
7701,167,both
7701,168,both
7701,170,both
7701,2,both
7701,2516,both
7701,263A,both
7701,267,both
7701,3,both
7701,3121,both
7701,318,both
7701,4,both
7701,401,both
7701,402,both
7701,408,both
7701,45X,both
7701,45Y,both
7701,461,both
7701,48,both
7701,48E,both
7701,5,both
7701,501,both
7701,6013,both
7701,6109,both
7701,707,both
7701,7806,both
7701,7871,both
7701,79,both
7701,856,both
7701,860E,both
7701,871,both
7701,872,both
7701,877,both
7701,877A,both
7701,911,both
7701,989,both
7702,101,both
7702,1274,both
7702,414,both
7702,72,both
7702,817,both
7702A,72,both
7702A,7702,both
7702B,101,both
7702B,11,both
7702B,12,both
7702B,152,both
7702B,213,both
7702B,23,both
7702B,401,both
7702B,403,both
7702B,404,both
7702B,4980C,both
7702B,501,both
7702B,72,both
7702B,808,both
7702B,816,both
7702B,818,both
7703,151,both
7703,152,both
7704,11,both
7704,1221,both
7704,1231,both
7704,318,both
7704,40A,both
7704,40B,both
7704,45,both
7704,45J,both
7704,45Q,both
7704,48,both
7704,611,both
7704,613,both
7704,6426,both
7704,6655,both
7704,851,both
7704,856,both
7705,3511,both
7705,414,both
78,245,both
78,245A,both
78,960,both
7803,448,both
7803,6103,both
7803,6108,both
7803,6212,both
7803,6227,both
7803,6304,both
7803,6320,both
7803,6330,both
7803,6501,both
7803,6702,both
7803,7521,both
7803,7802,both
7803,7811,both
7809,6103,both
7809,6108,both
7809,6110,both
7809,6306,both
7809,7122,both
7809,7506,both
7809,7516,both
7809,7624,both
7809,7651,both
7809,7652,both
7809,7654,both
7809,7810,both
7810,7425,both
7811,6306,both
7812,9504,both
7812,9505,both
7851,1,both
7851,143,both
7851,144,both
7851,26,both
7851,362,both
7851,4082,both
7851,421,both
7851,5411,both
7851,5554,both
7851,6405,both
7851,6416,both
7851,6531,both
7851,7502,both
7851,7503,both
7871,103,both
7871,105,both
7871,141,both
7871,144,both
7871,146,both
7871,150,both
7871,164,both
7871,168,both
7871,170,both
7871,2055,both
7871,2106,both
7871,2522,both
7871,3121,both
7871,403,both
7871,454,both
7871,511,both
7872,1,both
7872,121,both
7872,1272,both
7872,1274,both
7872,163,both
7872,217,both
7872,483,both
7872,643,both
7874,11,both
7874,1221,both
7874,1504,both
7874,172,both
7874,267,both
7874,482,both
7874,707,both
7874,7701,both
7874,7852,both
7874,860E,both
7874,894,both
7874,901,both
79,125,both
79,170,both
79,414,both
79,416,both
79,420,both
79,501,both
79,6052,both
79,72,both
79,861,both
79,911,both
80,11,both
80,1351,both
80,165,both
80,801,both
801,11,both
8021,6103,both
8022,6405,both
803,807,both
804,805,both
805,1212,both
805,1504,both
805,163,both
805,170,both
805,171,both
805,172,both
805,243,both
805,245,both
805,246,both
805,264,both
805,72,both
805,807,both
805,808,both
805,811,both
805,812,both
807,264,both
807,381,both
807,481,both
807,803,both
807,805,both
807,811,both
807,816,both
807,817,both
807,846,both
808,419,both
808,809,both
808,811,both
811,103,both
811,1273,both
811,171,both
811,443,both
811,808,both
811,816,both
812,805,both
812,807,both
814,1442,both
814,367,both
814,881,both
814,882,both
816,831,both
816,842,both
817,72,both
817,7702,both
817,805,both
817,807,both
817,816,both
817,851,both
817A,72,both
817A,7702,both
817A,7702A,both
817A,807,both
817A,811,both
817A,816,both
817A,817,both
818,101,both
818,1016,both
818,1221,both
818,1223,both
818,1231,both
818,1501,both
818,1504,both
818,165,both
818,167,both
818,401,both
818,403,both
818,408,both
818,414,both
818,457,both
818,501,both
818,7702B,both
818,805,both
818,807,both
818,808,both
818,861,both
818,862,both
818,863,both
82,132,both
83,1031,both
83,1036,both
83,162,both
83,318,both
83,3401,both
83,3402,both
83,354,both
83,355,both
83,356,both
83,401,both
83,404,both
83,414,both
83,416,both
83,421,both
83,423,both
83,4980E,both
83,72,both
83,79,both
831,1,both
831,11,both
831,1563,both
831,172,both
831,267,both
831,501,both
831,707,both
831,816,both
831,842,both
832,103,both
832,11,both
832,1212,both
832,1501,both
832,1504,both
832,162,both
832,163,both
832,164,both
832,165,both
832,167,both
832,170,both
832,243,both
832,245,both
832,264,both
832,381,both
832,501,both
832,611,both
832,805,both
832,807,both
832,816,both
832,831,both
832,834,both
832,835,both
832,846,both
833,243,both
833,245,both
833,832,both
834,103,both
834,1212,both
834,1273,both
834,164,both
834,167,both
834,171,both
834,172,both
834,246,both
834,248,both
834,611,both
834,831,both
835,11,both
835,831,both
84,527,both
841,801,both
841,831,both
841,832,both
841,901,both
841,904,both
841,906,both
842,103,both
842,807,both
842,816,both
842,834,both
842,881,both
842,894,both
845,482,both
846,430,both
846,807,both
848,1563,both
848,197,both
848,220,both
848,223,both
848,803,both
848,807,both
848,808,both
848,811,both
848,816,both
848,818,both
848,842,both
85,135,both
85,137,both
85,219,both
85,221,both
85,222,both
85,469,both
85,86,both
851,103,both
851,11,both
851,1293,both
851,512,both
851,584,both
851,7704,both
851,951,both
851,959,both
852,103,both
852,11,both
852,1212,both
852,171,both
852,172,both
852,241,both
852,246,both
852,248,both
852,265,both
852,301,both
852,311,both
852,443,both
852,454,both
852,4982,both
852,561,both
852,562,both
852,6621,both
852,851,both
852,853,both
852,855,both
852,860,both
852,897,both
853,164,both
853,7701,both
853,851,both
853,852,both
853,901,both
853A,1,both
853A,1397E,both
853A,54,both
853A,54AA,both
853A,852,both
853A,855,both
854,1,both
854,243,both
854,246,both
854,246A,both
854,501,both
854,521,both
854,852,both
854,856,both
855,852,both
855,853,both
856,11,both
856,1221,both
856,1272,both
856,1275,both
856,1361,both
856,318,both
856,355,both
856,356,both
856,401,both
856,467,both
856,475,both
856,4975,both
856,501,both
856,511,both
856,512,both
856,52,both
856,542,both
856,544,both
856,562,both
856,582,both
856,6110,both
856,631,both
856,7701,both
856,7872,both
856,857,both
856,985,both
856,987,both
856,988,both
856,989,both
857,1,both
857,1031,both
857,1033,both
857,11,both
857,1221,both
857,1272,both
857,172,both
857,241,both
857,243,both
857,246,both
857,248,both
857,302,both
857,337,both
857,443,both
857,467,both
857,482,both
857,4981,both
857,561,both
857,562,both
857,856,both
857,858,both
857,860,both
857,860E,both
857,897,both
857,988,both
858,857,both
859,442,both
859,856,both
86,135,both
86,137,both
86,165,both
86,219,both
86,22,both
86,221,both
86,32,both
86,7703,both
86,85,both
86,911,both
86,931,both
86,933,both
860,561,both
860,6501,both
860,6601,both
860,7121,both
860,852,both
860,855,both
860,857,both
860,858,both
860B,1272,both
860B,1274,both
860C,1276,both
860C,1277,both
860C,212,both
860C,703,both
860C,860E,both
860C,860G,both
860D,860E,both
860D,860F,both
860E,11,both
860E,1274,both
860E,1381,both
860E,168,both
860E,172,both
860E,511,both
860E,521,both
860E,55,both
860E,817,both
860E,857,both
860E,860C,both
860F,1091,both
860F,1276,both
860F,171,both
860F,7701,both
860F,860E,both
860G,11,both
860G,1273,both
860G,1441,both
860G,1442,both
860G,216,both
860G,856,both
860G,857,both
860G,860D,both
860G,871,both
860G,881,both
861,1245,both
861,1563,both
861,243,both
861,245,both
861,832,both
861,86,both
861,862,both
861,865,both
861,871,both
861,884,both
861,897,both
861,901,both
861,992,both
861,993,both
861,995,both
862,861,both
862,865,both
862,897,both
863,638,both
863,861,both
863,862,both
863,865,both
864,1221,both
864,1504,both
864,174,both
864,174A,both
864,243,both
864,245,both
864,246A,both
864,267,both
864,332,both
864,351,both
864,354,both
864,355,both
864,356,both
864,361,both
864,581,both
864,591,both
864,861,both
864,862,both
864,863,both
864,871,both
864,881,both
864,882,both
864,897,both
864,904,both
864,936,both
864,951,both
864,952,both
864,954,both
864,956,both
864,957,both
864,958,both
865,1221,both
865,1248,both
865,1504,both
865,168,both
865,7701,both
865,861,both
865,862,both
865,863,both
865,864,both
865,877,both
865,904,both
865,907,both
865,911,both
865,931,both
865,933,both
865,960,both
865,971,both
865,988,both
87,40,both
87,40A,both
87,40B,both
871,1,both
871,103,both
871,1092,both
871,1202,both
871,1212,both
871,1272,both
871,1273,both
871,1286,both
871,1441,both
871,1504,both
871,163,both
871,265,both
871,267,both
871,291,both
871,318,both
871,401,both
871,402,both
871,403,both
871,4948,both
871,501,both
871,55,both
871,591,both
871,6013,both
871,631,both
871,707,both
871,852,both
871,855,both
871,86,both
871,861,both
871,864,both
871,877,both
871,881,both
871,891,both
871,896,both
871,897,both
873,151,both
873,165,both
873,170,both
873,871,both
873,906,both
874,151,both
874,31,both
874,33,both
874,34,both
874,901,both
874,906,both
876,1,both
876,931,both
876,933,both
877,1,both
877,1212,both
877,165,both
877,2107,both
877,2501,both
877,267,both
877,38,both
877,55,both
877,6039G,both
877,707,both
877,7701,both
877,871,both
877,872,both
877,873,both
877,877A,both
877,903,both
877,951,both
877,957,both
877,958,both
877A,1,both
877A,1091,both
877A,1441,both
877A,219,both
877A,220,both
877A,223,both
877A,2801,both
877A,408,both
877A,409A,both
877A,529,both
877A,529A,both
877A,530,both
877A,6325,both
877A,6601,both
877A,684,both
877A,72,both
877A,7701,both
877A,83,both
877A,871,both
877A,877,both
878,4948,both
878,512,both
879,1402,both
879,6013,both
879,7703,both
879,911,both
881,1273,both
881,1442,both
881,163,both
881,318,both
881,631,both
881,7701,both
881,864,both
881,871,both
881,884,both
881,891,both
881,954,both
881,957,both
882,1,both
882,11,both
882,170,both
882,33,both
882,34,both
882,541,both
882,55,both
882,59A,both
882,6012,both
882,631,both
882,871,both
882,881,both
882,897,both
882,901,both
882,906,both
883,872,both
883,957,both
884,1441,both
884,1442,both
884,7701,both
884,861,both
884,871,both
884,881,both
884,882,both
884,883,both
884,897,both
884,953,both
885,1442,both
885,842,both
885,864,both
885,896,both
885,906,both
887,863,both
887,871,both
887,881,both
887,882,both
887,883,both
891,1,both
891,11,both
891,151,both
891,3,both
891,801,both
891,831,both
891,852,both
891,871,both
891,881,both
893,892,both
894,584,both
894,7852,both
894,877,both
897,1445,both
897,165,both
897,267,both
897,301,both
897,302,both
897,318,both
897,331,both
897,55,both
897,6039C,both
897,704,both
897,707,both
897,7704,both
897,857,both
897,861,both
897,871,both
897,882,both
897,894,both
898,951,both
898,953,both
898,958,both
9002,9003,both
9002,9004,both
9002,9006,both
9003,9002,both
9003,9004,both
9003,9006,both
9003,9007,both
9004,9003,both
9004,9006,both
9005,9003,both
9005,9004,both
9005,9006,both
9005,9007,both
9005,9011,both
9006,6096,both
9006,9005,both
9006,9008,both
9006,9037,both
9007,9004,both
9007,9006,both
9008,6096,both
9008,9006,both
9008,9007,both
9009,9005,both
9009,9007,both
901,1221,both
901,1235,both
901,164,both
901,246,both
901,26,both
901,275,both
901,338,both
901,482,both
901,6038,both
901,611,both
901,613,both
901,642,both
901,672,both
901,703,both
901,754,both
901,78,both
901,853,both
901,876,both
901,904,both
901,906,both
901,931,both
901,936,both
901,957,both
901,960,both
901,992,both
9010,6096,both
9010,9007,both
9010,9011,both
9012,501,both
9012,9002,both
9012,9004,both
9012,9006,both
903,164,both
903,275,both
9032,9034,both
9032,9037,both
9033,9032,both
9033,9035,both
9033,9037,both
9033,9038,both
9034,9032,both
9034,9033,both
9034,9037,both
9036,9033,both
9036,9034,both
9036,9037,both
9036,9038,both
9036,9041,both
9037,9006,both
9037,9008,both
9037,9033,both
9037,9036,both
9038,9034,both
9038,9037,both
9039,9036,both
9039,9038,both
904,1,both
904,11,both
904,1212,both
904,1231,both
904,1248,both
904,1293,both
904,1297,both
904,1501,both
904,1504,both
904,151,both
904,1563,both
904,164,both
904,172,both
904,245A,both
904,250,both
904,267,both
904,316,both
904,318,both
904,332,both
904,351,both
904,368,both
904,381,both
904,642,both
904,666,both
904,667,both
904,6724,both
904,721,both
904,7701,both
904,78,both
904,861,both
904,863,both
904,864,both
904,865,both
904,901,both
904,902,both
904,907,both
904,936,both
904,951,both
904,951A,both
904,953,both
904,954,both
904,957,both
904,958,both
904,960,both
904,989,both
904,992,both
9040,9038,both
9042,9035,both
9042,9037,both
905,164,both
905,6511,both
905,901,both
905,986,both
906,871,both
906,873,both
906,882,both
906,884,both
906,901,both
906,904,both
907,11,both
907,172,both
907,901,both
907,904,both
907,960,both
908,275,both
908,78,both
908,901,both
908,960,both
908,993,both
908,999,both
909,245A,both
909,267,both
909,707,both
909,960,both
909,964,both
909,986,both
91,245A,both
91,367,both
91,904,both
911,1,both
911,112,both
911,1250,both
911,162,both
911,163,both
911,164,both
911,216,both
911,402,both
911,403,both
911,55,both
911,6001,both
911,6011,both
911,6012,both
931,151,both
932,7654,both
932,934,both
933,151,both
934,932,both
934,958,both
937,3401,both
937,7654,both
937,7701,both
937,865,both
937,876,both
937,881,both
937,901,both
937,911,both
937,957,both
9501,402,both
9501,4121,both
9501,422,both
9501,433,both
9501,501,both
9502,34,both
9502,4041,both
9502,4043,both
9502,4081,both
9502,4261,both
9502,4271,both
9502,6402,both
9502,6415,both
9502,6420,both
9502,6427,both
9502,9503,both
9502,9602,both
9503,34,both
9503,4041,both
9503,4051,both
9503,4071,both
9503,4081,both
9503,4101,both
9503,4481,both
9503,6412,both
9503,6426,both
9503,6427,both
9503,6715,both
9503,6715A,both
9503,6717,both
9503,6718,both
9503,6719,both
9503,6720A,both
9503,6725,both
9503,7232,both
9503,7272,both
9503,9508,both
9503,9602,both
9504,15,both
9504,4161,both
9504,9503,both
9504,9602,both
9505,4461,both
9505,9602,both
9506,4042,both
9506,9602,both
9507,107,both
9507,111,both
9507,4611,both
9507,4661,both
9507,4671,both
9507,9602,both
9508,4041,both
9508,4042,both
9508,4081,both
9508,9503,both
9508,9602,both
9509,311,both
9509,4611,both
9509,9602,both
951,1293,both
951,956,both
951,957,both
951,958,both
951,959,both
9510,4131,both
9510,4132,both
9510,6416,both
9510,9602,both
9511,937,both
9511,9602,both
951A,1248,both
951A,168,both
951A,535,both
951A,6501,both
951A,6654,both
951A,6655,both
951A,851,both
951A,904,both
951A,907,both
951A,951,both
951A,952,both
951A,953,both
951A,954,both
951A,958,both
951A,959,both
951A,961,both
951A,962,both
951A,993,both
951A,996,both
951B,1297,both
951B,951,both
951B,951A,both
951B,957,both
951B,958,both
952,1504,both
952,162,both
952,312,both
952,884,both
952,901,both
952,904,both
952,951,both
952,953,both
952,954,both
952,999,both
953,101,both
953,1248,both
953,1503,both
953,172,both
953,354,both
953,367,both
953,4371,both
953,72,both
953,7702,both
953,803,both
953,805,both
953,817,both
953,832,both
953,883,both
953,884,both
953,951,both
953,952,both
953,954,both
953,957,both
953,958,both
953,989,both
954,1058,both
954,11,both
954,1221,both
954,1231,both
954,1274,both
954,1504,both
954,475,both
954,807,both
954,817,both
954,832,both
954,865,both
954,904,both
954,952,both
954,953,both
954,956,both
954,958,both
954,988,both
954,989,both
956,316,both
956,475,both
956,864,both
956,951,both
956,952,both
956,953,both
956,954,both
956,958,both
956,959,both
957,7701,both
957,933,both
957,953,both
957,958,both
958,318,both
958,7701,both
958,951,both
958,954,both
958,956,both
958,957,both
958,960,both
959,1248,both
959,316,both
959,951,both
959,958,both
959,960,both
960,164,both
960,901,both
960,904,both
960,951,both
960,951A,both
960,959,both
961,1059,both
961,245A,both
961,951,both
961,958,both
961,959,both
961,962,both
962,1,both
962,11,both
962,55,both
962,951,both
962,959,both
962,960,both
964,1248,both
964,162,both
964,245A,both
964,312,both
964,6038,both
964,6046,both
964,951,both
964,952,both
964,954,both
964,956,both
964,958,both
964,961,both
965,11,both
965,1297,both
965,1367,both
965,1368,both
965,15,both
965,1504,both
965,172,both
965,461,both
965,6037,both
965,6501,both
965,705,both
965,78,both
965,7874,both
965,856,both
965,857,both
965,901,both
965,951,both
965,952,both
965,959,both
965,960,both
965,961,both
965,964,both
965,986,both
970,954,both
970,957,both
970,971,both
9701,267,both
9701,404,both
9701,52,both
9701,9702,both
9701,9703,both
9701,9704,both
9701,9706,both
9701,9712,both
9702,501,both
9702,9706,both
9703,9704,both
9703,9705,both
9704,404,both
9704,52,both
9704,7701,both
9704,9701,both
9704,9703,both
9704,9705,both
9704,9706,both
9705,4980,both
9705,9704,both
9706,6103,both
9706,9704,both
9707,4980B,both
9707,9704,both
971,954,both
971,957,both
9711,9704,both
9711,9712,both
9712,501,both
9712,9704,both
9712,9711,both
9801,4980B,both
9801,7527,both
9801,9832,both
9802,414,both
9802,9801,both
9802,9831,both
9802,9832,both
9803,414,both
9803,9802,both
9812,414,both
9812,4980D,both
9816,514,both
9816,9817,both
9817,9816,both
982,6501,both
982,6531,both
9820,9816,both
9826,164,both
9826,4980D,both
9826,9825,both
9831,1,both
9831,105,both
9831,213,both
9831,4980H,both
9831,5000A,both
9831,9826,both
9831,9832,both
9832,213,both
9832,414,both
9832,4980B,both
9832,5000,both
9832,9801,both
9834,4980D,both
985,481,both
986,1293,both
986,905,both
986,959,both
988,1092,both
988,1256,both
988,1274,both
988,162,both
988,212,both
988,267,both
988,475,both
988,707,both
988,7701,both
988,7704,both
988,904,both
988,911,both
988,954,both
989,1248,both
989,1293,both
989,905,both
989,951,both
991,992,both
992,501,both
992,541,both
992,542,both
992,543,both
992,581,both
992,851,both
992,993,both
993,1563,both
993,174,both
993,3,both
993,613,both
993,613A,both
993,7701,both
993,951,both
994,482,both
995,1221,both
995,1231,both
995,162,both
995,31,both
995,32,both
995,34,both
995,351,both
995,355,both
995,368,both
995,511,both
995,512,both
995,6601,both
995,992,both
995,993,both
995,996,both
995,999,both
996,2032,both
996,951,both
996,992,both
996,995,both
999,304,both
999,6671,both
999,908,both
999,951,both
999,952,both
999,993,both
999,995,both
1016,1400Z-2,rej16_only
108,464,rej16_only
125,1311,rej16_only
1250,221,rej16_only
139D,4,rej16_only
1402,222,rej16_only
142,211,rej16_only
1504,805,rej16_only
162,12,rej16_only
162,15,rej16_only
186,4,rej16_only
198,102,rej16_only
198,104,rej16_only
2055,5,rej16_only
223,1311,rej16_only
223,351,rej16_only
265,1312,rej16_only
280G,120,rej16_only
3121,105,rej16_only
3121,215,rej16_only
3121,218,rej16_only
3121,301,rej16_only
3121,5,rej16_only
3132,110,rej16_only
32,221,rej16_only
3231,3,rej16_only
3304,903,rej16_only
3306,101,rej16_only
3306,214,rej16_only
3306,903,rej16_only
3401,5,rej16_only
35,246,rej16_only
36B,1321,rej16_only
36B,1402,rej16_only
402A,404,rej16_only
402A,514,rej16_only
402A,801,rej16_only
40B,211,rej16_only
414,3,rej16_only
414,4403,rej16_only
415,216,rej16_only
42,221,rej16_only
431,4222,rej16_only
431,4223,rej16_only
432,101,rej16_only
432,4219,rej16_only
432,4262,rej16_only
4376,3,rej16_only
45B,3,rej16_only
45C,505,rej16_only
45Q,211,rej16_only
45S,102,rej16_only
45V,211,rej16_only
45Y,211,rej16_only
45Z,211,rej16_only
468,511,rej16_only
48A,169,rej16_only
48A,171,rej16_only
4975,407,rej16_only
4980B,9801,rej16_only
5000A,1411,rej16_only
501,212,rej16_only
51,212,rej16_only
514,303,rej16_only
527,301,rej16_only
529A,103,rej16_only
543,3,rej16_only
597,11,rej16_only
6033,301,rej16_only
6039K,1400Z-2,rej16_only
6039L,1400Z-2,rej16_only
6055,1402,rej16_only
6103,212,rej16_only
6103,403,rej16_only
6103,483,rej16_only
6109,12,rej16_only
62,102,rej16_only
62,105,rej16_only
62,302,rej16_only
62,4,rej16_only
62,703,rej16_only
62,804,rej16_only
6306,212,rej16_only
6402,464,rej16_only
6428,5502,rej16_only
6428A,1505,rej16_only
6428A,212,rej16_only
6428A,5502,rej16_only
6432,7001,rej16_only
6707A,15,rej16_only
72,3,rej16_only
7429,1402,rej16_only
743,3,rej16_only
7447,502,rej16_only
7508A,420,rej16_only
7526A,4,rej16_only
7608,1341,rej16_only
7608,3302,rej16_only
7652,4,rej16_only
851,3,rej16_only
912,22,rej16_only
912,5,rej16_only
9501,423,rej16_only
9508,9003,rej16_only
9509,1012,rej16_only
9509,1015,rej16_only
9509,5,rej16_only
956,2,rej16_only
9702,3,rej16_only
9707,402,rej16_only
9712,3,rej16_only
9712,402,rej16_only
9801,311,rej16_only
9816,9815,rej16_only
1017,522,xml_only
112,5561,xml_only
1398,503,xml_only
1398,522,xml_only
3310,1254,xml_only
6013,101,xml_only
6013,5561,xml_only
6212,505,xml_only
6512,505,xml_only
6532,505,xml_only
7410,1396,xml_only
7422,1346,xml_only
7422,2502,xml_only
7422,507,xml_only
7424,1444,xml_only
7437,505,xml_only
7448,2107,xml_only
7482,1254,xml_only
7801,301,xml_only
