execution_number,timestamp,duration_ms,error,base_aggregate_columns,correctness_error,correctness_match,dfc_1phase_error,dfc_1phase_exec_time_ms,dfc_1phase_rewrite_time_ms,dfc_1phase_rows,dfc_1phase_time_ms,dfc_2phase_error,dfc_2phase_exec_time_ms,dfc_2phase_rewrite_time_ms,dfc_2phase_rows,dfc_2phase_time_ms,join_fanout,policy_column_count,query_type,row_count,run_num,variation_base_aggregate_columns,variation_join_fanout,variation_policy_columns,variation_row_count
1,2026-06-02T09:32:29.360419,15.595083590596914,,128,,True,,7.561874575912952,6.127417087554932,1,13.689291663467884,,8.033209014683962,7.100542075932026,1,15.133751090615988,2,2,PHASE_COMPETITION,10000,1,128,2,2,10000
2,2026-06-02T09:32:29.413668,14.647249598056078,,128,,True,,6.566499825567007,5.30283385887742,1,11.869333684444427,,8.080749772489071,25.68858303129673,1,33.7693328037858,2,2,PHASE_COMPETITION,10000,2,128,2,2,10000
3,2026-06-02T09:32:29.448129,13.470083940774202,,128,,True,,6.241833791136742,5.32762473449111,1,11.569458525627851,,7.228250149637461,6.930917035788298,1,14.159167185425758,2,2,PHASE_COMPETITION,10000,3,128,2,2,10000
4,2026-06-02T09:32:29.481390,13.641666155308485,,128,,True,,6.207374855875969,5.324707832187414,1,11.532082688063383,,7.434291299432516,6.753749679774046,1,14.188040979206562,2,2,PHASE_COMPETITION,10000,4,128,2,2,10000
5,2026-06-02T09:32:29.515713,14.553500805050135,,128,,True,,6.5499586053192616,5.593041889369488,1,12.14300049468875,,8.003542199730873,6.7552500404417515,1,14.758792240172625,2,2,PHASE_COMPETITION,10000,5,128,2,2,10000
6,2026-06-02T09:32:29.548591,13.32804188132286,,128,,True,,5.971916951239109,5.167833063751459,1,11.139750014990568,,7.356124930083752,6.6984579898417,1,14.054582919925451,2,2,PHASE_COMPETITION,10000,6,128,2,2,10000
7,2026-06-02T09:32:29.581185,13.197834137827158,,128,,True,,6.204667035490274,5.418083164840937,1,11.622750200331211,,6.9931671023368835,6.387083325535059,1,13.380250427871943,2,2,PHASE_COMPETITION,10000,7,128,2,2,10000
8,2026-06-02T09:32:29.615402,14.287082944065332,,128,,True,,6.841875147074461,5.2122496999800205,1,12.054124847054482,,7.445207796990871,6.722624879330397,1,14.167832676321268,2,2,PHASE_COMPETITION,10000,8,128,2,2,10000
9,2026-06-02T09:32:29.648571,13.829292263835669,,128,,True,,6.148917134851217,5.067457910627127,1,11.216375045478344,,7.680375128984451,6.796250119805336,1,14.476625248789787,2,2,PHASE_COMPETITION,10000,9,128,2,2,10000
10,2026-06-02T09:32:29.682394,14.028708916157484,,128,,True,,6.6450838930904865,5.720250308513641,1,12.365334201604128,,7.3836250230669975,6.638541352003813,1,14.02216637507081,2,2,PHASE_COMPETITION,10000,10,128,2,2,10000
11,2026-06-02T09:32:29.715198,13.603124767541885,,128,,True,,6.67566666379571,5.13416575267911,1,11.80983241647482,,6.927458103746176,6.604208145290613,1,13.531666249036789,2,2,PHASE_COMPETITION,10000,11,128,2,2,10000
12,2026-06-02T09:32:29.748294,13.514500111341476,,128,,True,,6.212625186890364,5.550708156079054,1,11.763333342969418,,7.301874924451113,6.417041178792715,1,13.718916103243828,2,2,PHASE_COMPETITION,10000,12,128,2,2,10000
13,2026-06-02T09:32:29.782036,13.749041594564915,,128,,True,,6.62937480956316,5.1720417104661465,1,11.801416520029306,,7.119666785001755,6.694083102047443,1,13.813749887049198,2,2,PHASE_COMPETITION,10000,13,128,2,2,10000
14,2026-06-02T09:32:29.815014,13.425708748400211,,128,,True,,6.226333323866129,5.421041045337915,1,11.647374369204044,,7.199375424534082,6.498042028397322,1,13.697417452931404,2,2,PHASE_COMPETITION,10000,14,128,2,2,10000
15,2026-06-02T09:32:29.848355,13.228748925030231,,128,,True,,6.142708007246256,5.154957994818687,1,11.297666002064943,,7.086040917783976,6.819125264883041,1,13.905166182667017,2,2,PHASE_COMPETITION,10000,15,128,2,2,10000
16,2026-06-02T09:32:29.881176,13.204207643866539,,128,,True,,6.128249689936638,5.162457935512066,1,11.290707625448704,,7.075957953929901,6.83745788410306,1,13.913415838032961,2,2,PHASE_COMPETITION,10000,16,128,2,2,10000
17,2026-06-02T09:32:29.959089,14.09575017169118,,128,,True,,6.811541970819235,31.526832841336727,1,38.33837481215596,,7.284208200871944,6.57283328473568,1,13.857041485607624,2,2,PHASE_COMPETITION,10000,17,128,2,2,10000
18,2026-06-02T09:32:29.999731,16.863917000591755,,128,,True,,6.394749972969294,5.337791983038187,1,11.73254195600748,,10.469167027622461,9.55395819619298,1,20.02312522381544,2,2,PHASE_COMPETITION,10000,18,128,2,2,10000
19,2026-06-02T09:32:30.053098,29.40366603434086,,128,,True,,13.60758300870657,6.658708211034536,1,20.266291219741106,,15.796083025634289,8.377583231776953,1,24.17366625741124,2,2,PHASE_COMPETITION,10000,19,128,2,2,10000
20,2026-06-02T09:32:30.094691,15.190917067229748,,128,,True,,7.7705420553684235,7.184833753854036,1,14.95537580922246,,7.420375011861324,7.033083122223616,1,14.45345813408494,2,2,PHASE_COMPETITION,10000,20,128,2,2,10000
21,2026-06-02T09:32:30.165930,15.144499950110912,,128,,True,,6.655499804764986,5.40270796045661,1,12.058207765221596,,8.489000145345926,6.965334061533213,1,15.454334206879139,2,4,PHASE_COMPETITION,10000,1,128,2,4,10000
22,2026-06-02T09:32:30.201496,14.463500119745731,,128,,True,,6.794583052396774,5.564459133893251,1,12.359042186290026,,7.668917067348957,7.077542133629322,1,14.74645920097828,2,4,PHASE_COMPETITION,10000,2,128,2,4,10000
23,2026-06-02T09:32:30.236997,14.604165684431791,,128,,True,,6.600707769393921,5.942624993622303,1,12.543332763016224,,8.00345791503787,7.110790815204382,1,15.114248730242252,2,4,PHASE_COMPETITION,10000,3,128,2,4,10000
24,2026-06-02T09:32:30.271580,14.464250300079584,,128,,True,,6.702458020299673,5.425165873020887,1,12.12762389332056,,7.761792279779911,6.875209044665098,1,14.63700132444501,2,4,PHASE_COMPETITION,10000,4,128,2,4,10000
25,2026-06-02T09:32:30.305444,13.674041256308556,,128,,True,,6.137290969491005,5.88812492787838,1,12.025415897369385,,7.536750286817551,6.497083697468042,1,14.033833984285593,2,4,PHASE_COMPETITION,10000,5,128,2,4,10000
26,2026-06-02T09:32:30.339867,13.601373881101608,,128,,True,,6.655041128396988,5.38766710087657,1,12.042708229273558,,6.94633275270462,6.932083051651716,1,13.878415804356337,2,4,PHASE_COMPETITION,10000,6,128,2,4,10000
27,2026-06-02T09:32:30.375071,14.534541871398687,,128,,True,,6.632667034864426,5.686457734555006,1,12.319124769419432,,7.901874836534262,6.633542012423277,1,14.535416848957539,2,4,PHASE_COMPETITION,10000,7,128,2,4,10000
28,2026-06-02T09:32:30.409783,14.18624958023429,,128,,True,,6.441041361540556,5.315790884196758,1,11.756832245737314,,7.745208218693733,6.968833040446043,1,14.714041259139776,2,4,PHASE_COMPETITION,10000,8,128,2,4,10000
29,2026-06-02T09:32:30.444150,14.264543540775776,,128,,True,,6.839834153652191,5.319499876350164,1,12.159334030002356,,7.424709387123585,7.203790824860334,1,14.62850021198392,2,4,PHASE_COMPETITION,10000,9,128,2,4,10000
30,2026-06-02T09:32:30.478544,13.749457895755768,,128,,True,,6.110374815762043,5.932291969656944,1,12.042666785418987,,7.639083079993725,6.966457702219486,1,14.605540782213211,2,4,PHASE_COMPETITION,10000,10,128,2,4,10000
31,2026-06-02T09:32:30.535900,14.62504081428051,,128,,True,,7.210207637399435,5.37191703915596,1,12.582124676555395,,7.414833176881075,6.8013328127563,1,14.216165989637375,2,4,PHASE_COMPETITION,10000,11,128,2,4,10000
32,2026-06-02T09:32:30.568895,13.239624910056591,,128,,True,,6.331208162009716,5.548249930143356,1,11.879458092153072,,6.908416748046875,6.48091733455658,1,13.389334082603455,2,4,PHASE_COMPETITION,10000,12,128,2,4,10000
33,2026-06-02T09:32:30.603358,13.996500056236982,,128,,True,,6.54833298176527,5.37408422678709,1,11.92241720855236,,7.448167074471712,6.978957913815975,1,14.427124988287687,2,4,PHASE_COMPETITION,10000,13,128,2,4,10000
34,2026-06-02T09:32:30.637427,14.17370792478323,,128,,True,,6.343749817460775,5.292207933962345,1,11.63595775142312,,7.8299581073224545,6.866333074867725,1,14.69629118219018,2,4,PHASE_COMPETITION,10000,14,128,2,4,10000
35,2026-06-02T09:32:30.671735,13.863333500921726,,128,,True,,6.323125213384628,5.749916657805443,1,12.073041871190071,,7.540208287537098,7.003333885222673,1,14.543542172759771,2,4,PHASE_COMPETITION,10000,15,128,2,4,10000
36,2026-06-02T09:32:30.709133,17.335042357444763,,128,,True,,9.05008427798748,5.286416970193386,1,14.336501248180866,,8.284958079457283,6.916875019669533,1,15.201833099126816,2,4,PHASE_COMPETITION,10000,16,128,2,4,10000
37,2026-06-02T09:32:30.745118,14.209624845534563,,128,,True,,6.885792128741741,5.867874715477228,1,12.75366684421897,,7.323832716792822,6.734540686011314,1,14.058373402804136,2,4,PHASE_COMPETITION,10000,17,128,2,4,10000
38,2026-06-02T09:32:30.780474,14.211541973054409,,128,,True,,6.524042226374149,5.338499788194895,1,11.862542014569044,,7.68749974668026,7.375415880233049,1,15.062915626913309,2,4,PHASE_COMPETITION,10000,18,128,2,4,10000
39,2026-06-02T09:32:30.814191,13.320791069418192,,128,,True,,6.261040922254324,5.320708267390728,1,11.581749189645052,,7.059750147163868,6.971000228077173,1,14.030750375241041,2,4,PHASE_COMPETITION,10000,19,128,2,4,10000
40,2026-06-02T09:32:30.848141,13.26925028115511,,128,,True,,6.202000193297863,5.843374878168106,1,12.045375071465969,,7.067250087857246,6.985167041420937,1,14.052417129278183,2,4,PHASE_COMPETITION,10000,20,128,2,4,10000
41,2026-06-02T09:32:30.927974,17.144125420600176,,128,,True,,7.801834028214216,7.75500014424324,1,15.556834172457457,,9.34229139238596,7.011833135038614,1,16.354124527424574,2,8,PHASE_COMPETITION,10000,1,128,2,8,10000
42,2026-06-02T09:32:30.966479,15.36083361133933,,128,,True,,7.356499787420034,5.98991708829999,1,13.346416875720024,,8.004333823919296,7.384374737739563,1,15.38870856165886,2,8,PHASE_COMPETITION,10000,2,128,2,8,10000
43,2026-06-02T09:32:31.002684,14.575499575585127,,128,,True,,6.787499878555536,6.053042132407427,1,12.840542010962963,,7.787999697029591,6.803375203162432,1,14.591374900192022,2,8,PHASE_COMPETITION,10000,3,128,2,8,10000
44,2026-06-02T09:32:31.062986,14.420874416828156,,128,,True,,6.68449979275465,5.655207671225071,1,12.339707463979721,,7.736374624073505,31.300459057092667,1,39.03683368116617,2,8,PHASE_COMPETITION,10000,4,128,2,8,10000
45,2026-06-02T09:32:31.098591,14.825332909822464,,128,,True,,7.220374885946512,5.7222917675971985,1,12.94266665354371,,7.604958023875952,6.822917144745588,1,14.42787516862154,2,8,PHASE_COMPETITION,10000,5,128,2,8,10000
46,2026-06-02T09:32:31.133786,13.925708830356598,,128,,True,,6.682791747152805,5.49395801499486,1,12.176749762147665,,7.242917083203793,7.055499590933323,1,14.298416674137115,2,8,PHASE_COMPETITION,10000,6,128,2,8,10000
47,2026-06-02T09:32:31.168999,14.366957824677229,,128,,True,,6.678749807178974,5.5242907255887985,1,12.203040532767773,,7.688208017498255,7.206708192825317,1,14.894916210323572,2,8,PHASE_COMPETITION,10000,7,128,2,8,10000
48,2026-06-02T09:32:31.203143,12.9506248049438,,128,,True,,6.014499813318253,6.0154167003929615,1,12.029916513711214,,6.936124991625547,7.026165723800659,1,13.962290715426207,2,8,PHASE_COMPETITION,10000,8,128,2,8,10000
49,2026-06-02T09:32:31.237854,14.102166518568993,,128,,True,,6.7806667648255825,5.59620838612318,1,12.376875150948763,,7.32149975374341,7.094249594956636,1,14.415749348700047,2,8,PHASE_COMPETITION,10000,9,128,2,8,10000
50,2026-06-02T09:32:31.275382,16.034501139074564,,128,,True,,8.437584154307842,5.827249959111214,1,14.264834113419056,,7.596916984766722,7.545084226876497,1,15.142001211643219,2,8,PHASE_COMPETITION,10000,10,128,2,8,10000
51,2026-06-02T09:32:31.312504,14.493667520582676,,128,,True,,6.9195423275232315,5.645665805786848,1,12.56520813331008,,7.574125193059444,7.592292036861181,1,15.166417229920626,2,8,PHASE_COMPETITION,10000,11,128,2,8,10000
52,2026-06-02T09:32:31.347032,13.604209292680025,,128,,True,,6.394166965037584,5.548249930143356,1,11.94241689518094,,7.210042327642441,7.139666937291622,1,14.349709264934063,2,8,PHASE_COMPETITION,10000,12,128,2,8,10000
53,2026-06-02T09:32:31.382146,13.650958891957998,,128,,True,,6.22537499293685,6.051875185221434,1,12.277250178158283,,7.425583899021149,7.265791296958923,1,14.691375195980072,2,8,PHASE_COMPETITION,10000,13,128,2,8,10000
54,2026-06-02T09:32:31.416986,14.047957956790924,,128,,True,,6.383792031556368,5.495584104210138,1,11.879376135766506,,7.664165925234556,6.993832997977734,1,14.65799892321229,2,8,PHASE_COMPETITION,10000,14,128,2,8,10000
55,2026-06-02T09:32:31.455057,17.126417253166437,,128,,True,,7.5651672668755054,5.98333403468132,1,13.548501301556826,,9.561249986290932,6.738041993230581,1,16.299291979521513,2,8,PHASE_COMPETITION,10000,15,128,2,8,10000
56,2026-06-02T09:32:31.492564,15.08441660553217,,128,,True,,7.223999593406916,5.7666669599711895,1,12.990666553378105,,7.860417012125254,7.249624934047461,1,15.110041946172714,2,8,PHASE_COMPETITION,10000,16,128,2,8,10000
57,2026-06-02T09:32:31.528098,14.329291880130768,,128,,True,,6.914792116731405,5.940459202975035,1,12.85525131970644,,7.414499763399363,6.86558336019516,1,14.280083123594522,2,8,PHASE_COMPETITION,10000,17,128,2,8,10000
58,2026-06-02T09:32:31.563526,14.125124551355839,,128,,True,,6.6687497310340405,5.50591666251421,1,12.17466639354825,,7.456374820321798,7.13375024497509,1,14.590125065296888,2,8,PHASE_COMPETITION,10000,18,128,2,8,10000
59,2026-06-02T09:32:31.598645,14.099625404924154,,128,,True,,6.669291760772467,5.519291386008263,1,12.18858314678073,,7.430333644151688,7.22179189324379,1,14.652125537395477,2,8,PHASE_COMPETITION,10000,19,128,2,8,10000
60,2026-06-02T09:32:31.660010,15.459290705621243,,128,,True,,7.564791012555361,31.01708274334669,1,38.58187375590205,,7.894499693065882,6.829624995589256,1,14.724124688655138,2,8,PHASE_COMPETITION,10000,20,128,2,8,10000
61,2026-06-02T09:32:31.733851,14.339833054691553,,128,,True,,6.936707999557257,6.523750256747007,1,13.460458256304264,,7.403125055134296,7.452624849975109,1,14.855749905109406,2,16,PHASE_COMPETITION,10000,1,128,2,16,10000
62,2026-06-02T09:32:31.771468,14.839916490018368,,128,,True,,7.04912468791008,6.139874923974276,1,13.188999611884356,,7.790791802108288,7.511749863624573,1,15.30254166573286,2,16,PHASE_COMPETITION,10000,2,128,2,16,10000
63,2026-06-02T09:32:31.808494,14.208208303898573,,128,,True,,6.972874980419874,5.903209093958139,1,12.876084074378014,,7.235333323478699,7.538999896496534,1,14.774333219975233,2,16,PHASE_COMPETITION,10000,3,128,2,16,10000
64,2026-06-02T09:32:31.846878,15.69666713476181,,128,,True,,7.505625020712614,6.2172082252800465,1,13.72283324599266,,8.191042114049196,7.606291212141514,1,15.79733332619071,2,16,PHASE_COMPETITION,10000,4,128,2,16,10000
65,2026-06-02T09:32:31.889365,16.44204230979085,,128,,True,,7.979417219758034,6.7680831998586655,1,14.7475004196167,,8.462625090032816,9.102667216211557,1,17.565292306244373,2,16,PHASE_COMPETITION,10000,5,128,2,16,10000
66,2026-06-02T09:32:31.927020,14.878456946462393,,128,,True,,7.372790947556496,6.3477084040641785,1,13.720499351620674,,7.505665998905897,7.278457749634981,1,14.784123748540878,2,16,PHASE_COMPETITION,10000,6,128,2,16,10000
67,2026-06-02T09:32:31.964686,14.545582234859467,,128,,True,,6.8500409834086895,5.9964158572256565,1,12.846456840634346,,7.695541251450777,7.561374921351671,1,15.256916172802448,2,16,PHASE_COMPETITION,10000,7,128,2,16,10000
68,2026-06-02T09:32:32.001378,14.065792318433523,,128,,True,,6.76729204133153,6.398916710168123,1,13.166208751499653,,7.298500277101994,7.51916691660881,1,14.817667193710804,2,16,PHASE_COMPETITION,10000,8,128,2,16,10000
69,2026-06-02T09:32:32.037829,14.281041454523802,,128,,True,,6.978875026106834,5.859666969627142,1,12.838541995733976,,7.302166428416967,7.519125007092953,1,14.82129143550992,2,16,PHASE_COMPETITION,10000,9,128,2,16,10000
70,2026-06-02T09:32:32.079687,17.582458909600973,,128,,True,,7.63070909306407,6.8901656195521355,1,14.520874712616205,,9.951749816536903,7.975582964718342,1,17.927332781255245,2,16,PHASE_COMPETITION,10000,10,128,2,16,10000
71,2026-06-02T09:32:32.121590,15.452291816473007,,128,,True,,7.211791817098856,7.708040997385979,1,14.919832814484835,,8.240499999374151,8.302000351250172,1,16.542500350624323,2,16,PHASE_COMPETITION,10000,11,128,2,16,10000
72,2026-06-02T09:32:32.160550,15.426707919687033,,128,,True,,7.414875086396933,6.006583105772734,1,13.421458192169666,,8.0118328332901,7.690458092838526,1,15.702290926128626,2,16,PHASE_COMPETITION,10000,12,128,2,16,10000
73,2026-06-02T09:32:32.197656,14.320583548396826,,128,,True,,7.020458113402128,6.347042042762041,1,13.36750015616417,,7.300125434994698,7.279667071998119,1,14.579792506992817,2,16,PHASE_COMPETITION,10000,13,128,2,16,10000
74,2026-06-02T09:32:32.235701,14.910416211932898,,128,,True,,6.942666135728359,5.9543331153690815,1,12.89699925109744,,7.967750076204538,7.581958081573248,1,15.549708157777786,2,16,PHASE_COMPETITION,10000,14,128,2,16,10000
75,2026-06-02T09:32:32.296813,15.39895823225379,,128,,True,,7.601041346788406,29.79508275166154,1,37.396124098449945,,7.7979168854653835,7.277667056769133,1,15.075583942234516,2,16,PHASE_COMPETITION,10000,15,128,2,16,10000
76,2026-06-02T09:32:32.333670,14.272417407482862,,128,,True,,6.73154229298234,5.907167214900255,1,12.638709507882595,,7.540875114500523,7.386042270809412,1,14.926917385309935,2,16,PHASE_COMPETITION,10000,16,128,2,16,10000
77,2026-06-02T09:32:32.370291,14.000250026583672,,128,,True,,6.61037489771843,6.4656659960746765,1,13.076040893793106,,7.389875128865242,7.49483285471797,1,14.884707983583212,2,16,PHASE_COMPETITION,10000,17,128,2,16,10000
78,2026-06-02T09:32:32.406897,14.3008753657341,,128,,True,,6.734208203852177,5.801124963909388,1,12.535333167761564,,7.566667161881924,7.506624795496464,1,15.073291957378387,2,16,PHASE_COMPETITION,10000,18,128,2,16,10000
79,2026-06-02T09:32:32.444480,14.826917089521885,,128,,True,,7.374458946287632,5.868291016668081,1,13.242749962955713,,7.452458143234253,7.497624959796667,1,14.95008310303092,2,16,PHASE_COMPETITION,10000,19,128,2,16,10000
80,2026-06-02T09:32:32.481917,15.374042093753815,,128,,True,,7.320042233914137,6.126708816736937,1,13.446751050651073,,8.053999859839678,7.128624711185694,1,15.182624571025372,2,16,PHASE_COMPETITION,10000,20,128,2,16,10000
81,2026-06-02T09:32:32.564129,15.040124766528606,,128,,True,,7.66791682690382,6.559458095580339,1,14.22737492248416,,7.372207939624786,8.294082712382078,1,15.666290652006865,2,32,PHASE_COMPETITION,10000,1,128,2,32,10000
82,2026-06-02T09:32:32.604827,15.527916606515646,,128,,True,,7.496249862015247,6.903083994984627,1,14.399333856999874,,8.031666744500399,8.173832669854164,1,16.205499414354563,2,32,PHASE_COMPETITION,10000,2,128,2,32,10000
83,2026-06-02T09:32:32.646955,16.193333081901073,,128,,True,,7.679957896471024,7.029832806438208,1,14.709790702909231,,8.51337518543005,8.654375094920397,1,17.167750280350447,2,32,PHASE_COMPETITION,10000,3,128,2,32,10000
84,2026-06-02T09:32:32.690944,17.780957743525505,,128,,True,,9.036332834511995,6.753417197614908,1,15.789750032126904,,8.74462490901351,8.996666874736547,1,17.741291783750057,2,32,PHASE_COMPETITION,10000,4,128,2,32,10000
85,2026-06-02T09:32:32.734224,16.487250104546547,,128,,True,,8.419500198215246,6.76775025203824,1,15.187250450253487,,8.0677499063313,8.723290637135506,1,16.791040543466806,2,32,PHASE_COMPETITION,10000,5,128,2,32,10000
86,2026-06-02T09:32:32.777659,16.57420815899968,,128,,True,,8.111708331853151,6.862166803330183,1,14.973875135183334,,8.46249982714653,8.672415744513273,1,17.134915571659803,2,32,PHASE_COMPETITION,10000,6,128,2,32,10000
87,2026-06-02T09:32:32.820768,16.498415730893612,,128,,True,,8.228332735598087,7.3141660541296005,1,15.542498789727688,,8.270082995295525,8.671625051647425,1,16.94170804694295,2,32,PHASE_COMPETITION,10000,7,128,2,32,10000
88,2026-06-02T09:32:32.890596,16.319749876856804,,128,,True,,8.145499974489212,34.492166712880135,1,42.63766668736935,,8.174249902367592,8.534291759133339,1,16.70854166150093,2,32,PHASE_COMPETITION,10000,8,128,2,32,10000
89,2026-06-02T09:32:32.933228,16.65374916046858,,128,,True,,8.021416142582893,7.098999805748463,1,15.120415948331356,,8.632333017885685,8.258915971964598,1,16.891248989850283,2,32,PHASE_COMPETITION,10000,9,128,2,32,10000
90,2026-06-02T09:32:32.976824,16.591749154031277,,128,,True,,8.078915998339653,6.8664164282381535,1,14.945332426577806,,8.512833155691624,8.609249722212553,1,17.122082877904177,2,32,PHASE_COMPETITION,10000,10,128,2,32,10000
91,2026-06-02T09:32:33.040233,29.861249960958958,,128,,True,,15.117791946977377,7.348000071942806,1,22.465792018920183,,14.74345801398158,10.48966683447361,1,25.23312484845519,2,32,PHASE_COMPETITION,10000,11,128,2,32,10000
92,2026-06-02T09:32:33.095629,19.685375969856977,,128,,True,,10.829292237758636,8.007249794900417,1,18.836542032659054,,8.856083732098341,12.056374922394753,1,20.912458654493093,2,32,PHASE_COMPETITION,10000,12,128,2,32,10000
93,2026-06-02T09:32:33.138776,16.050373669713736,,128,,True,,7.8927078284323215,7.389457896351814,1,15.282165724784136,,8.157665841281414,8.722333237528801,1,16.879999078810215,2,32,PHASE_COMPETITION,10000,13,128,2,32,10000
94,2026-06-02T09:32:33.180560,15.667667146772146,,128,,True,,7.668375037610531,7.2151669301092625,1,14.883541967719793,,7.999292109161615,8.130458183586597,1,16.129750292748213,2,32,PHASE_COMPETITION,10000,14,128,2,32,10000
95,2026-06-02T09:32:33.222976,15.8696249127388,,128,,True,,7.516165729612112,6.821500137448311,1,14.337665867060423,,8.353459183126688,8.454333059489727,1,16.807792242616415,2,32,PHASE_COMPETITION,10000,15,128,2,32,10000
96,2026-06-02T09:32:33.265141,15.660290606319904,,128,,True,,8.09108279645443,6.739833392202854,1,14.830916188657284,,7.569207809865475,8.395792450755835,1,15.96500026062131,2,32,PHASE_COMPETITION,10000,16,128,2,32,10000
97,2026-06-02T09:32:33.306709,15.454000793397427,,128,,True,,7.438208907842636,7.297999691218138,1,14.736208599060774,,8.01579188555479,8.588749915361404,1,16.604541800916195,2,32,PHASE_COMPETITION,10000,17,128,2,32,10000
98,2026-06-02T09:32:33.348386,15.656917355954647,,128,,True,,7.440708111971617,7.0827919989824295,1,14.523500110954046,,8.21620924398303,8.381625171750784,1,16.597834415733814,2,32,PHASE_COMPETITION,10000,18,128,2,32,10000
99,2026-06-02T09:32:33.389084,15.365749597549438,,128,,True,,7.284749764949083,7.011250127106905,1,14.295999892055988,,8.080999832600355,7.956584449857473,1,16.03758428245783,2,32,PHASE_COMPETITION,10000,19,128,2,32,10000
100,2026-06-02T09:32:33.455448,15.40087629109621,,128,,True,,7.518667262047529,6.698083132505417,1,14.216750394552946,,7.882209029048681,8.307583164423704,1,16.189792193472385,2,32,PHASE_COMPETITION,10000,20,128,2,32,10000
101,2026-06-02T09:32:33.583644,17.209708224982023,,128,,True,,8.831208106130362,8.945874869823456,1,17.777082975953817,,8.378500118851662,9.849375113844872,1,18.227875232696533,2,64,PHASE_COMPETITION,10000,1,128,2,64,10000
102,2026-06-02T09:32:33.633201,17.877833917737007,,128,,True,,9.125459007918835,8.56858305633068,1,17.694042064249516,,8.752374909818172,9.852416813373566,1,18.604791723191738,2,64,PHASE_COMPETITION,10000,2,128,2,64,10000
103,2026-06-02T09:32:33.683495,18.373250495642424,,128,,True,,9.880042169243097,8.19849967956543,1,18.078541848808527,,8.493208326399326,9.952458087354898,1,18.445666413754225,2,64,PHASE_COMPETITION,10000,3,128,2,64,10000
104,2026-06-02T09:32:33.732948,17.032291740179062,,128,,True,,8.528249803930521,8.534458000212908,1,17.06270780414343,,8.50404193624854,9.929417166858912,1,18.433459103107452,2,64,PHASE_COMPETITION,10000,4,128,2,64,10000
105,2026-06-02T09:32:33.781647,17.25762477144599,,128,,True,,8.890916593372822,8.505874779075384,1,17.396791372448206,,8.366708178073168,10.008750017732382,1,18.37545819580555,2,64,PHASE_COMPETITION,10000,5,128,2,64,10000
106,2026-06-02T09:32:33.854905,17.46212411671877,,128,,True,,8.542290888726711,8.173666894435883,1,16.715957783162594,,8.919833227992058,34.201249945908785,1,43.12108317390084,2,64,PHASE_COMPETITION,10000,6,128,2,64,10000
107,2026-06-02T09:32:33.903757,17.143208533525467,,128,,True,,8.730374742299318,8.319082669913769,1,17.049457412213087,,8.412833791226149,9.826416615396738,1,18.239250406622887,2,64,PHASE_COMPETITION,10000,7,128,2,64,10000
108,2026-06-02T09:32:33.952618,17.380541190505028,,128,,True,,8.7719582952559,8.450583089143038,1,17.222541384398937,,8.608582895249128,10.002458933740854,1,18.611041828989983,2,64,PHASE_COMPETITION,10000,8,128,2,64,10000
109,2026-06-02T09:32:34.001270,17.056832555681467,,128,,True,,8.46112472936511,8.15850030630827,1,16.61962503567338,,8.595707826316357,10.001542046666145,1,18.597249872982502,2,64,PHASE_COMPETITION,10000,9,128,2,64,10000
110,2026-06-02T09:32:34.050416,17.22999894991517,,128,,True,,8.901707828044891,8.520208764821291,1,17.421916592866182,,8.32829112187028,9.908208157867193,1,18.236499279737473,2,64,PHASE_COMPETITION,10000,10,128,2,64,10000
111,2026-06-02T09:32:34.100932,19.556707702577114,,128,,True,,8.615207858383656,8.272208273410797,1,16.887416131794453,,10.941499844193459,9.855167008936405,1,20.796666853129864,2,64,PHASE_COMPETITION,10000,11,128,2,64,10000
112,2026-06-02T09:32:34.157957,21.945958957076073,,128,,True,,11.26504223793745,9.68254217877984,1,20.94758441671729,,10.680916719138622,10.9204170294106,1,21.601333748549223,2,64,PHASE_COMPETITION,10000,12,128,2,64,10000
113,2026-06-02T09:32:34.248804,19.19774990528822,,128,,True,,9.95149975642562,8.788000326603651,1,18.73950008302927,,9.2462501488626,10.704207699745893,1,19.950457848608494,2,64,PHASE_COMPETITION,10000,13,128,2,64,10000
114,2026-06-02T09:32:34.307533,23.01570912823081,,128,,True,,11.622375342994928,8.908042218536139,1,20.530417561531067,,11.393333785235882,11.800833977758884,1,23.194167762994766,2,64,PHASE_COMPETITION,10000,14,128,2,64,10000
115,2026-06-02T09:32:34.362701,19.714999943971634,,128,,True,,10.286875069141388,9.640541858971119,1,19.927416928112507,,9.428124874830246,10.5367093347013,1,19.964834209531546,2,64,PHASE_COMPETITION,10000,15,128,2,64,10000
116,2026-06-02T09:32:34.414962,19.045582972466946,,128,,True,,10.116958059370518,9.023332968354225,1,19.140291027724743,,8.928624913096428,10.334125254303217,1,19.262750167399645,2,64,PHASE_COMPETITION,10000,16,128,2,64,10000
117,2026-06-02T09:32:34.465809,17.672916874289513,,128,,True,,9.248250164091587,8.576374966651201,1,17.82462513074279,,8.424666710197926,10.183250065892935,1,18.60791677609086,2,64,PHASE_COMPETITION,10000,17,128,2,64,10000
118,2026-06-02T09:32:34.520844,20.583375357091427,,128,,True,,10.345667134970427,9.056875016540289,1,19.402542151510715,,10.237708222121,11.328000109642744,1,21.565708331763744,2,64,PHASE_COMPETITION,10000,18,128,2,64,10000
119,2026-06-02T09:32:34.573425,19.51433392241597,,128,,True,,10.13024989515543,8.6774998344481,1,18.80774972960353,,9.384084027260542,10.407750029116869,1,19.79183405637741,2,64,PHASE_COMPETITION,10000,19,128,2,64,10000
120,2026-06-02T09:32:34.653067,20.611457992345095,,128,,True,,9.464750066399574,34.24229100346565,1,43.70704106986523,,11.14670792594552,10.079332627356052,1,21.226040553301573,2,64,PHASE_COMPETITION,10000,20,128,2,64,10000
121,2026-06-02T09:32:34.790807,22.558458149433136,,128,,True,,11.81183336302638,11.371125001460314,1,23.182958364486694,,10.746624786406755,12.833291664719582,1,23.579916451126337,2,128,PHASE_COMPETITION,10000,1,128,2,128,10000
122,2026-06-02T09:32:34.857565,22.788207978010178,,128,,True,,12.202708050608635,11.380082927644253,1,23.582790978252888,,10.585499927401543,13.259833678603172,1,23.845333606004715,2,128,PHASE_COMPETITION,10000,2,128,2,128,10000
123,2026-06-02T09:32:34.949167,24.151374585926533,,128,,True,,13.028249610215425,35.65504169091582,1,48.68329130113125,,11.123124975711107,12.79162522405386,1,23.914750199764967,2,128,PHASE_COMPETITION,10000,3,128,2,128,10000
124,2026-06-02T09:32:35.019335,23.3410419896245,,128,,True,,12.527874670922756,12.831874657422304,1,25.35974932834506,,10.813167318701744,13.538791798055172,1,24.351959116756916,2,128,PHASE_COMPETITION,10000,4,128,2,128,10000
125,2026-06-02T09:32:35.086031,22.87929132580757,,128,,True,,12.142207939177752,11.399790644645691,1,23.541998583823442,,10.73708338662982,13.060417026281357,1,23.797500412911177,2,128,PHASE_COMPETITION,10000,5,128,2,128,10000
126,2026-06-02T09:32:35.155683,25.037750136107206,,128,,True,,14.028375037014484,11.450832709670067,1,25.47920774668455,,11.009375099092722,13.860666193068027,1,24.87004129216075,2,128,PHASE_COMPETITION,10000,6,128,2,128,10000
127,2026-06-02T09:32:35.249633,24.02404136955738,,128,,True,,13.10258312150836,11.664415709674358,1,24.76699883118272,,10.92145824804902,12.798957992345095,1,23.720416240394115,2,128,PHASE_COMPETITION,10000,7,128,2,128,10000
128,2026-06-02T09:32:35.316316,22.4669580347836,,128,,True,,11.995249893516302,11.383041739463806,1,23.37829163298011,,10.4717081412673,13.4725421667099,1,23.9442503079772,2,128,PHASE_COMPETITION,10000,8,128,2,128,10000
129,2026-06-02T09:32:35.382613,22.867541294544935,,128,,True,,12.040750123560429,11.484500020742416,1,23.525250144302845,,10.826791170984507,12.795208021998405,1,23.621999192982912,2,128,PHASE_COMPETITION,10000,9,128,2,128,10000
130,2026-06-02T09:32:35.449234,22.857959382236004,,128,,True,,11.886584106832743,11.380999814718962,1,23.267583921551704,,10.971375275403261,12.94883294031024,1,23.9202082157135,2,128,PHASE_COMPETITION,10000,10,128,2,128,10000
131,2026-06-02T09:32:35.541543,22.58683228865266,,128,,True,,12.03529117628932,11.436665896326303,1,23.471957072615623,,10.551541112363338,12.691457755863667,1,23.242998868227005,2,128,PHASE_COMPETITION,10000,11,128,2,128,10000
132,2026-06-02T09:32:35.607506,22.33412442728877,,128,,True,,11.677291709929705,11.381749995052814,1,23.05904170498252,,10.656832717359066,12.958290986716747,1,23.615123704075813,2,128,PHASE_COMPETITION,10000,12,128,2,128,10000
133,2026-06-02T09:32:35.674859,23.507998790591955,,128,,True,,12.68166583031416,11.676833033561707,1,24.358498863875866,,10.826332960277796,12.858209200203419,1,23.684542160481215,2,128,PHASE_COMPETITION,10000,13,128,2,128,10000
134,2026-06-02T09:32:35.748244,26.26629127189517,,128,,True,,12.968000024557114,11.391750071197748,1,24.359750095754862,,13.298291247338057,16.432750038802624,1,29.73104128614068,2,128,PHASE_COMPETITION,10000,14,128,2,128,10000
135,2026-06-02T09:32:35.845428,23.269583005458117,,128,,True,,12.22374988719821,11.918040923774242,1,24.141790810972452,,11.045833118259907,12.940334156155586,1,23.986167274415493,2,128,PHASE_COMPETITION,10000,15,128,2,128,10000
136,2026-06-02T09:32:35.911687,22.341915871948004,,128,,True,,11.712625157088041,11.373583227396011,1,23.086208384484053,,10.629290714859962,13.184333685785532,1,23.813624400645494,2,128,PHASE_COMPETITION,10000,16,128,2,128,10000
137,2026-06-02T09:32:35.979242,23.43574957922101,,128,,True,,12.672999873757362,11.416874825954437,1,24.0898746997118,,10.762749705463648,13.24375020340085,1,24.006499908864498,2,128,PHASE_COMPETITION,10000,17,128,2,128,10000
138,2026-06-02T09:32:36.045560,22.79891725629568,,128,,True,,12.459750287234783,11.267832946032286,1,23.72758323326707,,10.339166969060898,13.123875018209219,1,23.463041987270117,2,128,PHASE_COMPETITION,10000,18,128,2,128,10000
139,2026-06-02T09:32:36.138231,22.835083305835724,,128,,True,,12.174875009804964,11.316082905977964,1,23.49095791578293,,10.66020829603076,13.426290825009346,1,24.086499121040106,2,128,PHASE_COMPETITION,10000,19,128,2,128,10000
140,2026-06-02T09:32:36.207166,23.37033301591873,,128,,True,,12.903915718197823,11.935458052903414,1,24.839373771101236,,10.46641729772091,13.208792079240084,1,23.675209376960993,2,128,PHASE_COMPETITION,10000,20,128,2,128,10000
141,2026-06-02T09:32:36.452781,40.56858317926526,,128,,True,,21.041540894657373,17.64862472191453,1,38.6901656165719,,19.527042284607887,19.411541055887938,1,38.938583340495825,2,256,PHASE_COMPETITION,10000,1,128,2,256,10000
142,2026-06-02T09:32:36.592390,42.1124161221087,,128,,True,,22.149958182126284,18.442999571561813,1,40.5929577536881,,19.962457939982414,45.746666844934225,1,65.70912478491664,2,256,PHASE_COMPETITION,10000,2,128,2,256,10000
143,2026-06-02T09:32:36.700880,40.385833475738764,,128,,True,,21.45987469702959,17.295874655246735,1,38.755749352276325,,18.925958778709173,19.282125402241945,1,38.20808418095112,2,256,PHASE_COMPETITION,10000,3,128,2,256,10000
144,2026-06-02T09:32:37.124885,309.46079175919294,,128,,True,,22.608125116676092,17.865125089883804,1,40.4732502065599,,286.85266664251685,64.7199172526598,1,351.57258389517665,2,256,PHASE_COMPETITION,10000,4,128,2,256,10000
145,2026-06-02T09:32:37.267787,49.271959345787764,,128,,True,,25.05454234778881,23.236041888594627,1,48.29058423638344,,24.217416997998953,21.00691618397832,1,45.22433318197727,2,256,PHASE_COMPETITION,10000,5,128,2,256,10000
146,2026-06-02T09:32:37.689073,105.87737383320928,,128,,True,,79.73866583779454,167.4791658297181,1,247.21783166751266,,26.138707995414734,112.86462470889091,1,139.00333270430565,2,256,PHASE_COMPETITION,10000,6,128,2,256,10000
147,2026-06-02T09:32:37.818376,50.197540782392025,,128,,True,,25.695207994431257,18.775667063891888,1,44.470875058323145,,24.502332787960768,24.16541613638401,1,48.66774892434478,2,256,PHASE_COMPETITION,10000,7,128,2,256,10000
148,2026-06-02T09:32:37.971795,44.717667158693075,,128,,True,,23.81179202347994,18.93029175698757,1,42.74208378046751,,20.905875135213137,55.54533377289772,1,76.45120890811086,2,256,PHASE_COMPETITION,10000,8,128,2,256,10000
149,2026-06-02T09:32:38.094913,47.572918236255646,,128,,True,,26.647584047168493,19.14283400401473,1,45.790418051183224,,20.925334189087152,21.825165953487158,1,42.75050014257431,2,256,PHASE_COMPETITION,10000,9,128,2,256,10000
150,2026-06-02T09:32:38.271938,65.65120816230774,,128,,True,,26.117291301488876,48.98725030943751,1,75.10454161092639,,39.53391686081886,27.99737500026822,1,67.53129186108708,2,256,PHASE_COMPETITION,10000,10,128,2,256,10000
151,2026-06-02T09:32:38.397018,46.94754211232066,,128,,True,,22.654875181615353,18.894124776124954,1,41.54899995774031,,24.29266693070531,21.970583125948906,1,46.263250056654215,2,256,PHASE_COMPETITION,10000,11,128,2,256,10000
152,2026-06-02T09:32:38.539426,41.985918302088976,,128,,True,,22.22258411347866,47.66037501394749,1,69.88295912742615,,19.763334188610315,20.261332858353853,1,40.02466704696417,2,256,PHASE_COMPETITION,10000,12,128,2,256,10000
153,2026-06-02T09:32:38.651223,42.59354108944535,,128,,True,,23.014916107058525,17.937791999429464,1,40.95270810648799,,19.578624982386827,19.62975040078163,1,39.20837538316846,2,256,PHASE_COMPETITION,10000,13,128,2,256,10000
154,2026-06-02T09:32:38.792311,40.08808312937617,,128,,True,,20.55133320391178,48.74570807442069,1,69.29704127833247,,19.53674992546439,19.28841695189476,1,38.82516687735915,2,256,PHASE_COMPETITION,10000,14,128,2,256,10000
155,2026-06-02T09:32:38.905706,40.6997911632061,,128,,True,,21.456541027873755,19.51654115691781,1,40.973082184791565,,19.243250135332346,19.395167008042336,1,38.63841714337468,2,256,PHASE_COMPETITION,10000,15,128,2,256,10000
156,2026-06-02T09:32:39.047074,40.811375714838505,,128,,True,,21.357583347707987,48.05725021287799,1,69.41483356058598,,19.453792367130518,20.32849984243512,1,39.78229220956564,2,256,PHASE_COMPETITION,10000,16,128,2,256,10000
157,2026-06-02T09:32:39.159311,42.299624532461166,,128,,True,,21.2779575958848,17.49445777386427,1,38.77241536974907,,21.021666936576366,20.259167067706585,1,41.28083400428295,2,256,PHASE_COMPETITION,10000,17,128,2,256,10000
158,2026-06-02T09:32:39.298014,42.54479240626097,,128,,True,,22.35670806840062,44.85270893201232,1,67.20941700041294,,20.188084337860346,19.631708040833473,1,39.81979237869382,2,256,PHASE_COMPETITION,10000,18,128,2,256,10000
159,2026-06-02T09:32:39.408571,41.06654226779938,,128,,True,,21.52141695842147,17.861958127468824,1,39.38337508589029,,19.54512530937791,19.496957771480083,1,39.04208308085799,2,256,PHASE_COMPETITION,10000,19,128,2,256,10000
160,2026-06-02T09:32:39.550032,43.74629119411111,,128,,True,,24.018208030611277,18.063541036099195,1,42.08174906671047,,19.728083163499832,19.198665861040354,1,38.926749024540186,2,256,PHASE_COMPETITION,10000,20,128,2,256,10000
161,2026-06-02T09:32:40.442705,167.8498750552535,,128,,True,,89.1028749756515,31.669833231717348,1,120.77270820736885,,78.747000079602,367.3674170859158,1,446.1144171655178,2,512,PHASE_COMPETITION,10000,1,128,2,512,10000
162,2026-06-02T09:32:41.056640,156.69337380677462,,128,,True,,97.3240826278925,285.2060836739838,1,382.5301663018763,,59.36929117888212,101.44033282995224,1,160.80962400883436,2,512,PHASE_COMPETITION,10000,2,128,2,512,10000
163,2026-06-02T09:32:41.327613,115.5843329615891,,128,,True,,62.804041896015406,30.399749986827374,1,93.20379188284278,,52.78029106557369,62.48608324676752,1,115.26637431234121,2,512,PHASE_COMPETITION,10000,3,128,2,512,10000
164,2026-06-02T09:32:41.590952,111.15791741758585,,128,,True,,48.54587512090802,29.985375236719847,1,78.53125035762787,,62.61204229667783,60.717334039509296,1,123.32937633618712,2,512,PHASE_COMPETITION,10000,4,128,2,512,10000
165,2026-06-02T09:32:41.925185,133.07025050744414,,128,,True,,69.94233326986432,33.97991694509983,1,103.92225021496415,,63.12791723757982,88.12591666355729,1,151.2538339011371,2,512,PHASE_COMPETITION,10000,5,128,2,512,10000
166,2026-06-02T09:32:42.337579,157.01941726729274,,128,,True,,94.97925033792853,31.496834009885788,1,126.47608434781432,,62.040166929364204,160.6021667830646,1,222.6423337124288,2,512,PHASE_COMPETITION,10000,6,128,2,512,10000
167,2026-06-02T09:32:42.666884,126.05524994432926,,128,,True,,65.33962534740567,58.14079102128744,1,123.48041636869311,,60.71562459692359,75.62270807102323,1,136.33833266794682,2,512,PHASE_COMPETITION,10000,7,128,2,512,10000
168,2026-06-02T09:32:42.895073,101.83379193767905,,128,,True,,54.54004183411598,32.5705842114985,1,87.11062604561448,,47.29375010356307,31.79891686886549,1,79.09266697242856,2,512,PHASE_COMPETITION,10000,8,128,2,512,10000
169,2026-06-02T09:32:43.168176,110.03124946728349,,128,,True,,57.45295761153102,35.437542013823986,1,92.890499625355,,52.57829185575247,33.27604103833437,1,85.85433289408684,2,512,PHASE_COMPETITION,10000,9,128,2,512,10000
170,2026-06-02T09:32:43.429547,106.97583248838782,,128,,True,,55.78245781362057,30.17579158768058,1,85.95824940130115,,51.193374674767256,31.414000317454338,1,82.6073749922216,2,512,PHASE_COMPETITION,10000,10,128,2,512,10000
171,2026-06-02T09:32:43.687674,104.79204077273607,,128,,True,,52.63979081064463,30.235959216952324,1,82.87575002759695,,52.152249962091446,32.71250007674098,1,84.86475003883243,2,512,PHASE_COMPETITION,10000,11,128,2,512,10000
172,2026-06-02T09:32:43.947308,102.71949879825115,,128,,True,,53.692208137363195,30.711334198713303,1,84.4035423360765,,49.02729066088796,32.122000120580196,1,81.14929078146815,2,512,PHASE_COMPETITION,10000,12,128,2,512,10000
173,2026-06-02T09:32:44.220206,117.33920872211456,,128,,True,,54.6293337829411,30.132167041301727,1,84.76150082424283,,62.70987493917346,32.793291844427586,1,95.50316678360105,2,512,PHASE_COMPETITION,10000,13,128,2,512,10000
174,2026-06-02T09:32:44.528282,104.46145897731185,,128,,True,,53.0927088111639,30.51166608929634,1,83.60437490046024,,51.36875016614795,31.728125177323818,1,83.09687534347177,2,512,PHASE_COMPETITION,10000,14,128,2,512,10000
175,2026-06-02T09:32:44.904967,164.791707880795,,128,,True,,50.02429103478789,29.977959115058184,1,80.00225014984608,,114.76741684600711,89.97545763850212,1,204.74287448450923,2,512,PHASE_COMPETITION,10000,15,128,2,512,10000
176,2026-06-02T09:32:45.179082,109.53562520444393,,128,,True,,55.549458134919405,66.21624995023012,1,121.76570808514953,,53.98616706952453,36.39683313667774,1,90.38300020620227,2,512,PHASE_COMPETITION,10000,16,128,2,512,10000
177,2026-06-02T09:32:45.432958,102.0859582349658,,128,,True,,52.622083108872175,59.014415834099054,1,111.63649894297123,,49.463875126093626,32.557917293161154,1,82.02179241925478,2,512,PHASE_COMPETITION,10000,17,128,2,512,10000
178,2026-06-02T09:32:45.686751,102.2852910682559,,128,,True,,52.698582876473665,59.78458281606436,1,112.48316569253802,,49.586708191782236,31.76225023344159,1,81.34895842522383,2,512,PHASE_COMPETITION,10000,18,128,2,512,10000
179,2026-06-02T09:32:45.938038,102.27091703563929,,128,,True,,50.871666986495256,57.81208397820592,1,108.68375096470118,,51.39925004914403,31.626666896045208,1,83.02591694518924,2,512,PHASE_COMPETITION,10000,19,128,2,512,10000
180,2026-06-02T09:32:46.185254,94.79670925065875,,128,,True,,49.54425012692809,60.49691699445248,1,110.04116712138057,,45.25245912373066,31.74520842730999,1,76.99766755104065,2,512,PHASE_COMPETITION,10000,20,128,2,512,10000
181,2026-06-02T09:32:47.023663,19.591291900724173,,128,,True,,8.986207656562328,5.724499933421612,1,14.71070758998394,,10.605084244161844,6.819459144026041,1,17.424543388187885,4,2,PHASE_COMPETITION,10000,1,128,4,2,10000
182,2026-06-02T09:32:47.063626,18.530623987317085,,128,,True,,8.644041139632463,5.405624862760305,1,14.049666002392769,,9.886582847684622,7.167292293161154,1,17.053875140845776,4,2,PHASE_COMPETITION,10000,2,128,4,2,10000
183,2026-06-02T09:32:47.102024,17.782041803002357,,128,,True,,8.404208812862635,5.399833898991346,1,13.804042711853981,,9.377832990139723,7.068832870572805,1,16.44666586071253,4,2,PHASE_COMPETITION,10000,3,128,4,2,10000
184,2026-06-02T09:32:47.141811,18.494583666324615,,128,,True,,8.809958584606647,5.965916905552149,1,14.775875490158796,,9.684625081717968,7.103291340172291,1,16.78791642189026,4,2,PHASE_COMPETITION,10000,4,128,4,2,10000
185,2026-06-02T09:32:47.181399,19.123499747365713,,128,,True,,9.008541703224182,5.404749885201454,1,14.413291588425636,,10.114958044141531,6.943792104721069,1,17.0587501488626,4,2,PHASE_COMPETITION,10000,5,128,4,2,10000
186,2026-06-02T09:32:47.252899,18.466500099748373,,128,,True,,8.638625033199787,5.786916706711054,1,14.425541739910841,,9.827875066548586,39.0565418638289,1,48.88441693037748,4,2,PHASE_COMPETITION,10000,6,128,4,2,10000
187,2026-06-02T09:32:47.290859,17.570875119417906,,128,,True,,8.555459324270487,5.269084125757217,1,13.824543450027704,,9.015415795147419,6.722291000187397,1,15.737706795334816,4,2,PHASE_COMPETITION,10000,7,128,4,2,10000
188,2026-06-02T09:32:47.331122,19.140709191560745,,128,,True,,9.011167101562023,5.811125040054321,1,14.822292141616344,,10.129542089998722,6.890625227242708,1,17.02016731724143,4,2,PHASE_COMPETITION,10000,8,128,4,2,10000
189,2026-06-02T09:32:47.370018,17.91195897385478,,128,,True,,8.399624843150377,5.428583826869726,1,13.828208670020103,,9.512334130704403,6.861917208880186,1,16.37425133958459,4,2,PHASE_COMPETITION,10000,9,128,4,2,10000
190,2026-06-02T09:32:47.407549,17.157917376607656,,128,,True,,8.097958285361528,5.316541995853186,1,13.414500281214714,,9.059959091246128,6.978833116590977,1,16.038792207837105,4,2,PHASE_COMPETITION,10000,10,128,4,2,10000
191,2026-06-02T09:32:47.445736,17.46362540870905,,128,,True,,7.942458614706993,5.777749698609114,1,13.720208313316107,,9.521166794002056,6.907457951456308,1,16.428624745458364,4,2,PHASE_COMPETITION,10000,11,128,4,2,10000
192,2026-06-02T09:32:47.483442,17.572166863828897,,128,,True,,7.9852500930428505,5.268416833132505,1,13.253666926175356,,9.586916770786047,6.757250055670738,1,16.344166826456785,4,2,PHASE_COMPETITION,10000,12,128,4,2,10000
193,2026-06-02T09:32:47.520641,17.155333887785673,,128,,True,,8.093209005892277,5.675250198692083,1,13.76845920458436,,9.062124881893396,6.515625398606062,1,15.577750280499458,4,2,PHASE_COMPETITION,10000,13,128,4,2,10000
194,2026-06-02T09:32:47.558602,17.57587492465973,,128,,True,,8.443333208560944,5.253625102341175,1,13.696958310902119,,9.132541716098785,6.852250080555677,1,15.984791796654463,4,2,PHASE_COMPETITION,10000,14,128,4,2,10000
195,2026-06-02T09:32:47.596409,17.860875464975834,,128,,True,,8.599125314503908,5.608583800494671,1,14.207709114998579,,9.261750150471926,6.494374945759773,1,15.756125096231699,4,2,PHASE_COMPETITION,10000,15,128,4,2,10000
196,2026-06-02T09:32:47.633702,16.858582850545645,,128,,True,,7.813415955752134,5.215040873736143,1,13.028456829488277,,9.04516689479351,6.788792088627815,1,15.833958983421326,4,2,PHASE_COMPETITION,10000,16,128,4,2,10000
197,2026-06-02T09:32:47.671106,17.165124882012606,,128,,True,,8.021374698728323,5.2549587562680244,1,13.276333454996347,,9.143750183284283,6.895166821777821,1,16.038917005062103,4,2,PHASE_COMPETITION,10000,17,128,4,2,10000
198,2026-06-02T09:32:47.708891,17.600541934370995,,128,,True,,8.52362485602498,5.660958122462034,1,14.184582978487015,,9.076917078346014,6.76833325996995,1,15.845250338315964,4,2,PHASE_COMPETITION,10000,18,128,4,2,10000
199,2026-06-02T09:32:47.745746,17.2040406614542,,128,,True,,8.149540983140469,5.224999971687794,1,13.374540954828262,,9.054499678313732,6.663207896053791,1,15.717707574367523,4,2,PHASE_COMPETITION,10000,19,128,4,2,10000
200,2026-06-02T09:32:47.783830,17.874000128358603,,128,,True,,8.599792141467333,5.601707845926285,1,14.201499987393618,,9.27420798689127,6.514084059745073,1,15.788292046636343,4,2,PHASE_COMPETITION,10000,20,128,4,2,10000
201,2026-06-02T09:32:47.887772,18.789750523865223,,128,,True,,8.737750351428986,5.579582881182432,1,14.317333232611418,,10.052000172436237,6.665833760052919,1,16.717833932489157,4,4,PHASE_COMPETITION,10000,1,128,4,4,10000
202,2026-06-02T09:32:47.926520,17.612166702747345,,128,,True,,8.462874684482813,5.409582983702421,1,13.872457668185234,,9.149292018264532,6.911708973348141,1,16.061000991612673,4,4,PHASE_COMPETITION,10000,2,128,4,4,10000
203,2026-06-02T09:32:47.964095,17.263332847505808,,128,,True,,8.34208307787776,5.404333118349314,1,13.746416196227074,,8.921249769628048,6.930583622306585,1,15.851833391934633,4,4,PHASE_COMPETITION,10000,3,128,4,4,10000
204,2026-06-02T09:32:48.003353,18.261458724737167,,128,,True,,8.729624561965466,5.9669166803359985,1,14.696541242301464,,9.531834162771702,7.021875120699406,1,16.553709283471107,4,4,PHASE_COMPETITION,10000,4,128,4,4,10000
205,2026-06-02T09:32:48.041822,18.0268338881433,,128,,True,,8.701666723936796,5.4005831480026245,1,14.10224987193942,,9.325167164206505,6.956832949072123,1,16.282000113278627,4,4,PHASE_COMPETITION,10000,5,128,4,4,10000
206,2026-06-02T09:32:48.079731,17.463082913309336,,128,,True,,8.432833012193441,5.9003750793635845,1,14.333208091557026,,9.030249901115894,6.564249750226736,1,15.59449965134263,4,4,PHASE_COMPETITION,10000,6,128,4,4,10000
207,2026-06-02T09:32:48.118515,17.75029068812728,,128,,True,,8.467082865536213,5.310541950166225,1,13.777624815702438,,9.283207822591066,6.938875187188387,1,16.222083009779453,4,4,PHASE_COMPETITION,10000,7,128,4,4,10000
208,2026-06-02T09:32:48.155973,17.140917014330626,,128,,True,,8.087167050689459,5.6497082114219666,1,13.736875262111425,,9.053749963641167,6.529792211949825,1,15.583542175590992,4,4,PHASE_COMPETITION,10000,8,128,4,4,10000
209,2026-06-02T09:32:48.195096,18.193208146840334,,128,,True,,8.638625033199787,5.409624893218279,1,14.048249926418066,,9.554583113640547,6.926707923412323,1,16.48129103705287,4,4,PHASE_COMPETITION,10000,9,128,4,4,10000
210,2026-06-02T09:32:48.232782,17.192708794027567,,128,,True,,8.01499979570508,5.383583251386881,1,13.398583047091961,,9.177708998322487,7.082709111273289,1,16.260418109595776,4,4,PHASE_COMPETITION,10000,10,128,4,4,10000
211,2026-06-02T09:32:48.272143,18.460001330822706,,128,,True,,8.918209001421928,5.936000030487776,1,14.854209031909704,,9.541792329400778,6.92870793864131,1,16.470500268042088,4,4,PHASE_COMPETITION,10000,11,128,4,4,10000
212,2026-06-02T09:32:48.310240,17.777209170162678,,128,,True,,8.681667037308216,5.390792153775692,1,14.072459191083908,,9.095542132854462,6.898708175867796,1,15.994250308722258,4,4,PHASE_COMPETITION,10000,12,128,4,4,10000
213,2026-06-02T09:32:48.348531,18.000250216573477,,128,,True,,8.157874923199415,5.691875237971544,1,13.84975016117096,,9.842375293374062,6.563249975442886,1,16.405625268816948,4,4,PHASE_COMPETITION,10000,13,128,4,4,10000
214,2026-06-02T09:32:48.388109,18.274625297635794,,128,,True,,8.66950023919344,5.397458095103502,1,14.066958334296942,,9.605125058442354,6.930000148713589,1,16.535125207155943,4,4,PHASE_COMPETITION,10000,14,128,4,4,10000
215,2026-06-02T09:32:48.426861,18.238790798932314,,128,,True,,8.607832714915276,5.37741556763649,1,13.985248282551765,,9.630958084017038,7.063958328217268,1,16.694916412234306,4,4,PHASE_COMPETITION,10000,15,128,4,4,10000
216,2026-06-02T09:32:48.489645,17.915042117238045,,128,,True,,8.85558407753706,29.93895811960101,1,38.79454219713807,,9.059458039700985,6.942915730178356,1,16.00237376987934,4,4,PHASE_COMPETITION,10000,16,128,4,4,10000
217,2026-06-02T09:32:48.527679,17.628959380090237,,128,,True,,8.174625225365162,5.34520810469985,1,13.519833330065012,,9.454334154725075,6.881416775286198,1,16.335750930011272,4,4,PHASE_COMPETITION,10000,17,128,4,4,10000
218,2026-06-02T09:32:48.566773,17.98712508752942,,128,,True,,8.596290834248066,5.946874618530273,1,14.54316545277834,,9.390834253281355,7.095832843333483,1,16.486667096614838,4,4,PHASE_COMPETITION,10000,18,128,4,4,10000
219,2026-06-02T09:32:48.606091,18.83162371814251,,128,,True,,8.665415924042463,5.331250373274088,1,13.996666297316551,,10.166207794100046,7.116582710295916,1,17.28279050439596,4,4,PHASE_COMPETITION,10000,19,128,4,4,10000
220,2026-06-02T09:32:48.647163,18.986833281815052,,128,,True,,9.335000067949295,6.274833809584379,1,15.609833877533674,,9.651833213865757,6.765624973922968,1,16.417458187788725,4,4,PHASE_COMPETITION,10000,20,128,4,4,10000
221,2026-06-02T09:32:48.727918,18.568249884992838,,128,,True,,8.721000049263239,5.892375018447638,1,14.613375067710876,,9.847249835729599,6.753917317837477,1,16.601167153567076,4,8,PHASE_COMPETITION,10000,1,128,4,8,10000
222,2026-06-02T09:32:48.766559,17.055999487638474,,128,,True,,8.012541569769382,5.522249732166529,1,13.534791301935911,,9.043457917869091,7.125957868993282,1,16.169415786862373,4,8,PHASE_COMPETITION,10000,2,128,4,8,10000
223,2026-06-02T09:32:48.805906,17.910707741975784,,128,,True,,8.510000072419643,5.636583082377911,1,14.146583154797554,,9.400707669556141,7.270083297044039,1,16.67079096660018,4,8,PHASE_COMPETITION,10000,3,128,4,8,10000
224,2026-06-02T09:32:48.846117,18.408874981105328,,128,,True,,8.78595793619752,6.031707860529423,1,14.817665796726942,,9.622917044907808,7.2990828193724155,1,16.921999864280224,4,8,PHASE_COMPETITION,10000,4,128,4,8,10000
225,2026-06-02T09:32:48.885650,18.336251378059387,,128,,True,,8.842166978865862,5.5953748524188995,1,14.437541831284761,,9.494084399193525,6.999208126217127,1,16.493292525410652,4,8,PHASE_COMPETITION,10000,5,128,4,8,10000
226,2026-06-02T09:32:48.924224,17.49591715633869,,128,,True,,8.391167037189007,5.930458661168814,1,14.32162569835782,,9.104750119149685,6.767207756638527,1,15.871957875788212,4,8,PHASE_COMPETITION,10000,6,128,4,8,10000
227,2026-06-02T09:32:48.963865,17.868040595203638,,128,,True,,8.569332771003246,5.48658287152648,1,14.055915642529726,,9.298707824200392,7.186790928244591,1,16.485498752444983,4,8,PHASE_COMPETITION,10000,7,128,4,8,10000
228,2026-06-02T09:32:49.002223,17.15325005352497,,128,,True,,8.094333112239838,5.53129194304347,1,13.625625055283308,,9.058916941285133,7.203999906778336,1,16.26291684806347,4,8,PHASE_COMPETITION,10000,8,128,4,8,10000
229,2026-06-02T09:32:49.068069,19.44316690787673,,128,,True,,8.810332976281643,6.184457801282406,1,14.994790777564049,,10.632833931595087,31.710375100374222,1,42.34320903196931,4,8,PHASE_COMPETITION,10000,9,128,4,8,10000
230,2026-06-02T09:32:49.107155,17.985207028687,,128,,True,,8.612166158854961,5.5131250992417336,1,14.125291258096695,,9.373040869832039,7.044375408440828,1,16.417416278272867,4,8,PHASE_COMPETITION,10000,10,128,4,8,10000
231,2026-06-02T09:32:49.147008,18.04258255288005,,128,,True,,8.588957600295544,6.047124974429607,1,14.636082574725151,,9.453624952584505,7.337542250752449,1,16.791167203336954,4,8,PHASE_COMPETITION,10000,11,128,4,8,10000
232,2026-06-02T09:32:49.185241,17.247416079044342,,128,,True,,8.355624973773956,5.550917237997055,1,13.906542211771011,,8.891791105270386,7.089040707796812,1,15.980831813067198,4,8,PHASE_COMPETITION,10000,12,128,4,8,10000
233,2026-06-02T09:32:49.224342,17.91816670447588,,128,,True,,8.45129182562232,5.9800841845571995,1,14.43137601017952,,9.46687487885356,6.756999995559454,1,16.223874874413013,4,8,PHASE_COMPETITION,10000,13,128,4,8,10000
234,2026-06-02T09:32:49.265317,18.988083116710186,,128,,True,,8.928040973842144,5.575624760240316,1,14.50366573408246,,10.060042142868042,7.171833887696266,1,17.231876030564308,4,8,PHASE_COMPETITION,10000,14,128,4,8,10000
235,2026-06-02T09:32:49.307054,19.804625771939754,,128,,True,,9.473708923906088,6.131249945610762,1,15.60495886951685,,10.330916848033667,7.0412917993962765,1,17.372208647429943,4,8,PHASE_COMPETITION,10000,15,128,4,8,10000
236,2026-06-02T09:32:49.347457,17.98487501218915,,128,,True,,8.669457864016294,5.56345796212554,1,14.232915826141834,,9.315417148172855,7.350709289312363,1,16.666126437485218,4,8,PHASE_COMPETITION,10000,16,128,4,8,10000
237,2026-06-02T09:32:49.386801,17.85670919343829,,128,,True,,8.475250098854303,5.616792012006044,1,14.092042110860348,,9.381459094583988,7.3232087306678295,1,16.704667825251818,4,8,PHASE_COMPETITION,10000,17,128,4,8,10000
238,2026-06-02T09:32:49.426581,17.87750143557787,,128,,True,,8.787834085524082,6.213041953742504,1,15.000876039266586,,9.089667350053787,7.286000065505505,1,16.375667415559292,4,8,PHASE_COMPETITION,10000,18,128,4,8,10000
239,2026-06-02T09:32:49.465858,18.06941581889987,,128,,True,,8.443207945674658,5.578582640737295,1,14.021790586411953,,9.626207873225212,7.216583006083965,1,16.842790879309177,4,8,PHASE_COMPETITION,10000,19,128,4,8,10000
240,2026-06-02T09:32:49.504618,17.546625342220068,,128,,True,,8.42429231852293,5.967624951153994,1,14.391917269676924,,9.122333023697138,6.773707922548056,1,15.896040946245193,4,8,PHASE_COMPETITION,10000,20,128,4,8,10000
241,2026-06-02T09:32:49.588204,18.999791704118252,,128,,True,,9.44049982354045,6.421292200684547,1,15.861792024224997,,9.559291880577803,7.555624935775995,1,17.114916816353798,4,16,PHASE_COMPETITION,10000,1,128,4,16,10000
242,2026-06-02T09:32:49.629633,18.586582969874144,,128,,True,,8.811458013951778,5.913916975259781,1,14.72537498921156,,9.775124955922365,7.672540843486786,1,17.44766579940915,4,16,PHASE_COMPETITION,10000,2,128,4,16,10000
243,2026-06-02T09:32:49.696489,19.277791492640972,,128,,True,,9.603249840438366,30.682667158544064,1,40.28591699898243,,9.674541652202606,7.621999830007553,1,17.29654148221016,4,16,PHASE_COMPETITION,10000,3,128,4,16,10000
244,2026-06-02T09:32:49.737382,18.668916076421738,,128,,True,,8.810500148683786,6.011832971125841,1,14.822333119809628,,9.858415927737951,7.1654170751571655,1,17.023833002895117,4,16,PHASE_COMPETITION,10000,4,128,4,16,10000
245,2026-06-02T09:32:49.778842,18.303500022739172,,128,,True,,8.868665900081396,5.901374854147434,1,14.77004075422883,,9.434834122657776,7.448125164955854,1,16.88295928761363,4,16,PHASE_COMPETITION,10000,5,128,4,16,10000
246,2026-06-02T09:32:49.819250,17.699833028018475,,128,,True,,8.641208056360483,6.301499903202057,1,14.94270795956254,,9.058624971657991,7.225332781672478,1,16.28395775333047,4,16,PHASE_COMPETITION,10000,6,128,4,16,10000
247,2026-06-02T09:32:49.860180,17.818206921219826,,128,,True,,8.341665845364332,5.878749769181013,1,14.220415614545345,,9.476541075855494,7.4276248924434185,1,16.904165968298912,4,16,PHASE_COMPETITION,10000,7,128,4,16,10000
248,2026-06-02T09:32:49.901351,18.135332968086004,,128,,True,,8.829791098833084,6.39416603371501,1,15.223957132548094,,9.30554186925292,7.511249743402004,1,16.816791612654924,4,16,PHASE_COMPETITION,10000,8,128,4,16,10000
249,2026-06-02T09:32:49.941957,17.95666618272662,,128,,True,,8.494791109114885,5.890790838748217,1,14.385581947863102,,9.461875073611736,7.606707978993654,1,17.06858305260539,4,16,PHASE_COMPETITION,10000,9,128,4,16,10000
250,2026-06-02T09:32:49.983351,18.53908272460103,,128,,True,,9.211874566972256,6.582916714251041,1,15.794791281223297,,9.327208157628775,7.535417098551989,1,16.862625256180763,4,16,PHASE_COMPETITION,10000,10,128,4,16,10000
251,2026-06-02T09:32:50.023675,17.710707616060972,,128,,True,,8.474249858409166,5.902583245187998,1,14.376833103597164,,9.236457757651806,7.558833807706833,1,16.79529156535864,4,16,PHASE_COMPETITION,10000,11,128,4,16,10000
252,2026-06-02T09:32:50.065357,18.465917091816664,,128,,True,,8.718749973922968,5.889040883630514,1,14.607790857553482,,9.747167117893696,7.492832839488983,1,17.23999995738268,4,16,PHASE_COMPETITION,10000,12,128,4,16,10000
253,2026-06-02T09:32:50.105824,17.90329162031412,,128,,True,,8.615249767899513,6.213749758899212,1,14.828999526798725,,9.288041852414608,7.157750427722931,1,16.44579228013754,4,16,PHASE_COMPETITION,10000,13,128,4,16,10000
254,2026-06-02T09:32:50.147429,18.325458746403456,,128,,True,,8.72583407908678,5.976791027933359,1,14.70262510702014,,9.599624667316675,7.593583781272173,1,17.193208448588848,4,16,PHASE_COMPETITION,10000,14,128,4,16,10000
255,2026-06-02T09:32:50.188819,18.75725109130144,,128,,True,,8.937458973377943,6.238666828721762,1,15.176125802099705,,9.819792117923498,7.2187501937150955,1,17.038542311638594,4,16,PHASE_COMPETITION,10000,15,128,4,16,10000
256,2026-06-02T09:32:50.230091,18.03362462669611,,128,,True,,8.63162474706769,5.905958358198404,1,14.537583105266094,,9.40199987962842,7.583166938275099,1,16.98516681790352,4,16,PHASE_COMPETITION,10000,16,128,4,16,10000
257,2026-06-02T09:32:50.297064,18.900875002145767,,128,,True,,9.26624983549118,31.50583291426301,1,40.77208274975419,,9.634625166654587,7.564625237137079,1,17.199250403791666,4,16,PHASE_COMPETITION,10000,17,128,4,16,10000
258,2026-06-02T09:32:50.338311,18.734958488494158,,128,,True,,9.026416577398777,6.10045762732625,1,15.126874204725027,,9.70854191109538,7.120250258594751,1,16.828792169690132,4,16,PHASE_COMPETITION,10000,18,128,4,16,10000
259,2026-06-02T09:32:50.379789,18.38783361017704,,128,,True,,8.976958226412535,5.8932919055223465,1,14.870250131934881,,9.410875383764505,7.572583854198456,1,16.98345923796296,4,16,PHASE_COMPETITION,10000,19,128,4,16,10000
260,2026-06-02T09:32:50.420502,18.617417197674513,,128,,True,,8.885750081390142,6.202542223036289,1,15.088292304426432,,9.73166711628437,7.150291930884123,1,16.881959047168493,4,16,PHASE_COMPETITION,10000,20,128,4,16,10000
261,2026-06-02T09:32:50.511653,18.86529242619872,,128,,True,,9.349292144179344,6.718667224049568,1,16.067959368228912,,9.516000282019377,8.422958198934793,1,17.93895848095417,4,32,PHASE_COMPETITION,10000,1,128,4,32,10000
262,2026-06-02T09:32:50.556305,18.93087476491928,,128,,True,,9.287707973271608,7.088790647685528,1,16.376498620957136,,9.643166791647673,8.361374959349632,1,18.004541750997305,4,32,PHASE_COMPETITION,10000,2,128,4,32,10000
263,2026-06-02T09:32:50.601588,19.384958315640688,,128,,True,,9.80499992147088,7.024457678198814,1,16.829457599669695,,9.579958394169807,8.449791930615902,1,18.02975032478571,4,32,PHASE_COMPETITION,10000,3,128,4,32,10000
264,2026-06-02T09:32:50.648521,21.053249947726727,,128,,True,,10.579416994005442,7.118374574929476,1,17.697791568934917,,10.473832953721285,8.416791912168264,1,18.89062486588955,4,32,PHASE_COMPETITION,10000,4,128,4,32,10000
265,2026-06-02T09:32:50.696399,20.494875963777304,,128,,True,,9.737709071487188,6.986499764025211,1,16.7242088355124,,10.757166892290115,8.461582940071821,1,19.218749832361937,4,32,PHASE_COMPETITION,10000,5,128,4,32,10000
266,2026-06-02T09:32:50.742541,19.358957652002573,,128,,True,,9.273124858736992,6.651667412370443,1,15.924792271107435,,10.085832793265581,8.58804164454341,1,18.67387443780899,4,32,PHASE_COMPETITION,10000,6,128,4,32,10000
267,2026-06-02T09:32:50.787786,19.03541712090373,,128,,True,,9.279957972466946,7.133708335459232,1,16.413666307926178,,9.755459148436785,8.361457847058773,1,18.116916995495558,4,32,PHASE_COMPETITION,10000,7,128,4,32,10000
268,2026-06-02T09:32:50.861563,20.485167857259512,,128,,True,,9.631958790123463,7.204041816294193,1,16.836000606417656,,10.85320906713605,35.657749976962805,1,46.510959044098854,4,32,PHASE_COMPETITION,10000,8,128,4,32,10000
269,2026-06-02T09:32:50.913280,23.82799983024597,,128,,True,,11.992624960839748,7.303790654987097,1,19.296415615826845,,11.835374869406223,9.162917267531157,1,20.99829213693738,4,32,PHASE_COMPETITION,10000,9,128,4,32,10000
270,2026-06-02T09:32:50.958612,19.450874999165535,,128,,True,,9.483249858021736,7.041207980364561,1,16.524457838386297,,9.967625141143799,8.017417043447495,1,17.985042184591293,4,32,PHASE_COMPETITION,10000,10,128,4,32,10000
271,2026-06-02T09:32:51.004757,19.76379193365574,,128,,True,,9.998749941587448,6.770083215087652,1,16.7688331566751,,9.76504199206829,8.321875240653753,1,18.086917232722044,4,32,PHASE_COMPETITION,10000,11,128,4,32,10000
272,2026-06-02T09:32:51.053570,22.099291905760765,,128,,True,,10.780124925076962,6.729207932949066,1,17.509332858026028,,11.319166980683804,8.778374642133713,1,20.097541622817516,4,32,PHASE_COMPETITION,10000,12,128,4,32,10000
273,2026-06-02T09:32:51.102958,20.1279167085886,,128,,True,,10.279166977852583,8.176625240594149,1,18.45579221844673,,9.848749730736017,8.61300015822053,1,18.461749888956547,4,32,PHASE_COMPETITION,10000,13,128,4,32,10000
274,2026-06-02T09:32:51.149329,19.893208984285593,,128,,True,,10.44733403250575,7.143999915570021,1,17.59133394807577,,9.445874951779842,8.589457720518112,1,18.035332672297955,4,32,PHASE_COMPETITION,10000,14,128,4,32,10000
275,2026-06-02T09:32:51.194211,18.89579137787223,,128,,True,,9.311458561569452,7.113332860171795,1,16.424791421741247,,9.584332816302776,8.103957865387201,1,17.688290681689978,4,32,PHASE_COMPETITION,10000,15,128,4,32,10000
276,2026-06-02T09:32:51.239536,19.042084459215403,,128,,True,,9.26508428528905,6.70104194432497,1,15.96612622961402,,9.777000173926353,8.30812519416213,1,18.085125368088484,4,32,PHASE_COMPETITION,10000,16,128,4,32,10000
277,2026-06-02T09:32:51.284512,19.04745865613222,,128,,True,,9.333166759461164,6.623541004955769,1,15.956707764416933,,9.714291896671057,8.258833084255457,1,17.973124980926514,4,32,PHASE_COMPETITION,10000,17,128,4,32,10000
278,2026-06-02T09:32:51.329931,19.361416343599558,,128,,True,,9.862999897450209,7.110416889190674,1,16.973416786640882,,9.49841644614935,8.49558413028717,1,17.99400057643652,4,32,PHASE_COMPETITION,10000,18,128,4,32,10000
279,2026-06-02T09:32:51.377599,20.902332849800587,,128,,True,,10.255124885588884,7.296541705727577,1,17.55166659131646,,10.647207964211702,8.753875270485878,1,19.40108323469758,4,32,PHASE_COMPETITION,10000,19,128,4,32,10000
280,2026-06-02T09:32:51.448522,19.756417255848646,,128,,True,,10.033875238150358,32.549791038036346,1,42.583666276186705,,9.722542017698288,8.071416057646275,1,17.793958075344563,4,32,PHASE_COMPETITION,10000,20,128,4,32,10000
281,2026-06-02T09:32:51.555392,21.34999865666032,,128,,True,,11.364707723259926,8.190333843231201,1,19.555041566491127,,9.985290933400393,10.009958408772945,1,19.995249342173338,4,64,PHASE_COMPETITION,10000,1,128,4,64,10000
282,2026-06-02T09:32:51.609342,21.647125016897917,,128,,True,,11.455874890089035,8.547875098884106,1,20.00374998897314,,10.191250126808882,9.806625079363585,1,19.997875206172466,4,64,PHASE_COMPETITION,10000,2,128,4,64,10000
283,2026-06-02T09:32:51.662555,22.195083554834127,,128,,True,,11.463667266070843,8.348791860044003,1,19.812459126114845,,10.731416288763285,9.84995812177658,1,20.581374410539865,4,64,PHASE_COMPETITION,10000,3,128,4,64,10000
284,2026-06-02T09:32:51.715809,21.69129205867648,,128,,True,,11.299707926809788,8.550750091671944,1,19.85045801848173,,10.391584131866693,9.912041947245598,1,20.30362607911229,4,64,PHASE_COMPETITION,10000,4,128,4,64,10000
285,2026-06-02T09:32:51.769145,21.34129172191024,,128,,True,,10.924208909273148,8.175707887858152,1,19.0999167971313,,10.41708281263709,9.880332741886377,1,20.297415554523468,4,64,PHASE_COMPETITION,10000,5,128,4,64,10000
286,2026-06-02T09:32:51.822571,20.960290916264057,,128,,True,,10.93220803886652,8.508542086929083,1,19.440750125795603,,10.028082877397537,9.897333104163408,1,19.925415981560946,4,64,PHASE_COMPETITION,10000,6,128,4,64,10000
287,2026-06-02T09:32:51.901737,21.916542202234268,,128,,True,,11.63241732865572,34.124750178307295,1,45.757167506963015,,10.284124873578548,9.9011673592031,1,20.18529223278165,4,64,PHASE_COMPETITION,10000,7,128,4,64,10000
288,2026-06-02T09:32:51.954851,21.060749888420105,,128,,True,,10.878915898501873,8.199417032301426,1,19.0783329308033,,10.181833989918232,10.102208238095045,1,20.284042228013277,4,64,PHASE_COMPETITION,10000,8,128,4,64,10000
289,2026-06-02T09:32:52.008356,21.44787460565567,,128,,True,,11.096999980509281,8.486208040267229,1,19.58320802077651,,10.350874625146389,9.947540704160929,1,20.298415329307318,4,64,PHASE_COMPETITION,10000,9,128,4,64,10000
290,2026-06-02T09:32:52.061023,20.99245833232999,,128,,True,,10.947083123028278,8.498874958604574,1,19.445958081632853,,10.04537520930171,9.960583876818419,1,20.00595908612013,4,64,PHASE_COMPETITION,10000,10,128,4,64,10000
291,2026-06-02T09:32:52.115038,22.25670823827386,,128,,True,,11.543792206794024,8.690041955560446,1,20.23383416235447,,10.712916031479836,9.916417300701141,1,20.629333332180977,4,64,PHASE_COMPETITION,10000,11,128,4,64,10000
292,2026-06-02T09:32:52.168735,21.397124510258436,,128,,True,,11.262749787420034,8.245749864727259,1,19.508499652147293,,10.134374722838402,10.016916785389185,1,20.151291508227587,4,64,PHASE_COMPETITION,10000,12,128,4,64,10000
293,2026-06-02T09:32:52.227553,26.42587386071682,,128,,True,,10.919665917754173,8.4069580771029,1,19.326623994857073,,15.506207942962646,9.809124749153852,1,25.3153326921165,4,64,PHASE_COMPETITION,10000,13,128,4,64,10000
294,2026-06-02T09:32:52.308979,22.0924592576921,,128,,True,,11.857292149215937,35.777208395302296,1,47.63450054451823,,10.235167108476162,9.902541060000658,1,20.13770816847682,4,64,PHASE_COMPETITION,10000,14,128,4,64,10000
295,2026-06-02T09:32:52.362514,21.52941608801484,,128,,True,,11.111500207334757,8.293542079627514,1,19.40504228696227,,10.417915880680084,10.08850010111928,1,20.506415981799364,4,64,PHASE_COMPETITION,10000,15,128,4,64,10000
296,2026-06-02T09:32:52.416940,21.785041783005,,128,,True,,11.610958725214005,8.523625321686268,1,20.134584046900272,,10.174083057790995,10.012708138674498,1,20.186791196465492,4,64,PHASE_COMPETITION,10000,16,128,4,64,10000
297,2026-06-02T09:32:52.470266,22.026708349585533,,128,,True,,11.581375263631344,8.482917211949825,1,20.06429247558117,,10.44533308595419,9.87862516194582,1,20.32395824790001,4,64,PHASE_COMPETITION,10000,17,128,4,64,10000
298,2026-06-02T09:32:52.523307,21.076582837849855,,128,,True,,10.770749766379595,8.564541582018137,1,19.335291348397732,,10.30583307147026,10.020415764302015,1,20.326248835772276,4,64,PHASE_COMPETITION,10000,18,128,4,64,10000
299,2026-06-02T09:32:52.576470,21.20016608387232,,128,,True,,10.872625280171633,8.163957856595516,1,19.03658313676715,,10.327540803700686,10.004082694649696,1,20.331623498350382,4,64,PHASE_COMPETITION,10000,19,128,4,64,10000
300,2026-06-02T09:32:52.630958,21.94466581568122,,128,,True,,11.84120774269104,8.569957688450813,1,20.411165431141853,,10.103458072990179,9.915666654706001,1,20.01912472769618,4,64,PHASE_COMPETITION,10000,20,128,4,64,10000
301,2026-06-02T09:32:52.808742,29.078958090394735,,128,,True,,15.795708168298006,11.387708131223917,1,27.183416299521923,,13.28324992209673,13.624958228319883,1,26.908208150416613,4,128,PHASE_COMPETITION,10000,1,128,4,128,10000
302,2026-06-02T09:32:52.883092,28.824249748140574,,128,,True,,15.703625045716763,11.8212909437716,1,27.524915989488363,,13.120624702423811,12.847041711211205,1,25.967666413635015,4,128,PHASE_COMPETITION,10000,2,128,4,128,10000
303,2026-06-02T09:32:52.955257,27.790042106062174,,128,,True,,15.09599993005395,11.318957898765802,1,26.41495782881975,,12.694042176008224,13.43741687014699,1,26.131459046155214,4,128,PHASE_COMPETITION,10000,3,128,4,128,10000
304,2026-06-02T09:32:53.065041,32.26437512785196,,128,,True,,17.89637515321374,43.51354204118252,1,61.40991719439626,,14.367999974638224,14.794290997087955,1,29.16229097172618,4,128,PHASE_COMPETITION,10000,4,128,4,128,10000
305,2026-06-02T09:32:53.138224,28.023167047649622,,128,,True,,15.18529187887907,11.61087490618229,1,26.79616678506136,,12.837875168770552,13.770250137895346,1,26.608125306665897,4,128,PHASE_COMPETITION,10000,5,128,4,128,10000
306,2026-06-02T09:32:53.210528,28.03437551483512,,128,,True,,15.195625368505716,11.66916685178876,1,26.864792220294476,,12.838750146329403,12.976457830518484,1,25.815207976847887,4,128,PHASE_COMPETITION,10000,6,128,4,128,10000
307,2026-06-02T09:32:53.284207,29.458792880177498,,128,,True,,16.53695898130536,11.505499947816133,1,28.042458929121494,,12.921833898872137,13.169291894882917,1,26.091125793755054,4,128,PHASE_COMPETITION,10000,7,128,4,128,10000
308,2026-06-02T09:32:53.383054,28.187874238938093,,128,,True,,14.978208113461733,11.815540958195925,1,26.793749071657658,,13.20966612547636,38.97675033658743,1,52.18641646206379,4,128,PHASE_COMPETITION,10000,8,128,4,128,10000
309,2026-06-02T09:32:53.456464,29.58529209718108,,128,,True,,16.15870837122202,11.405459139496088,1,27.564167510718107,,13.426583725959063,13.112291693687439,1,26.5388754196465,4,128,PHASE_COMPETITION,10000,9,128,4,128,10000
310,2026-06-02T09:32:53.528857,27.904458809643984,,128,,True,,15.031625051051378,11.78258378058672,1,26.814208831638098,,12.872833758592606,12.888959143310785,1,25.76179290190339,4,128,PHASE_COMPETITION,10000,10,128,4,128,10000
311,2026-06-02T09:32:53.600783,28.003333136439323,,128,,True,,15.125625301152468,11.408917140215635,1,26.534542441368103,,12.877707835286856,13.125791680067778,1,26.003499515354633,4,128,PHASE_COMPETITION,10000,11,128,4,128,10000
312,2026-06-02T09:32:53.697480,28.43787521123886,,128,,True,,15.032667201012373,11.329540982842445,1,26.36220818385482,,13.405208010226488,37.40395838394761,1,50.8091663941741,4,128,PHASE_COMPETITION,10000,12,128,4,128,10000
313,2026-06-02T09:32:53.771621,29.21666670590639,,128,,True,,16.05312479659915,11.524916160851717,1,27.578040957450867,,13.163541909307241,13.131542131304741,1,26.295084040611982,4,128,PHASE_COMPETITION,10000,13,128,4,128,10000
314,2026-06-02T09:32:53.847954,30.583708081394434,,128,,True,,16.796291805803776,11.900291312485933,1,28.69658311828971,,13.787416275590658,13.805416878312826,1,27.592833153903484,4,128,PHASE_COMPETITION,10000,14,128,4,128,10000
315,2026-06-02T09:32:53.923725,30.214042402803898,,128,,True,,16.565417405217886,11.809292249381542,1,28.374709654599428,,13.648624997586012,13.635959010571241,1,27.284584008157253,4,128,PHASE_COMPETITION,10000,15,128,4,128,10000
316,2026-06-02T09:32:54.026314,29.643000569194555,,128,,True,,16.37483388185501,38.988207932561636,1,55.36304181441665,,13.268166687339544,13.885374646633863,1,27.153541333973408,4,128,PHASE_COMPETITION,10000,16,128,4,128,10000
317,2026-06-02T09:32:54.100626,29.47654202580452,,128,,True,,16.1552089266479,11.692499741911888,1,27.84770866855979,,13.321333099156618,13.408000115305185,1,26.729333214461803,4,128,PHASE_COMPETITION,10000,17,128,4,128,10000
318,2026-06-02T09:32:54.176308,29.938416555523872,,128,,True,,16.476749908179045,11.790708173066378,1,28.267458081245422,,13.461666647344828,13.907166663557291,1,27.36883331090212,4,128,PHASE_COMPETITION,10000,18,128,4,128,10000
319,2026-06-02T09:32:54.250066,29.24604108557105,,128,,True,,15.5647499486804,11.692792177200317,1,27.25754212588072,,13.68129113689065,13.149499893188477,1,26.830791030079126,4,128,PHASE_COMPETITION,10000,19,128,4,128,10000
320,2026-06-02T09:32:54.352386,31.38741571456194,,128,,True,,18.130332697182894,11.494541075080633,1,29.624873772263527,,13.257083017379045,14.089207630604506,1,27.34629064798355,4,128,PHASE_COMPETITION,10000,20,128,4,128,10000
321,2026-06-02T09:32:54.609389,48.305916134268045,,128,,True,,25.594207923859358,41.91199969500303,1,67.50620761886239,,22.711708210408688,19.261457957327366,1,41.97316616773605,4,256,PHASE_COMPETITION,10000,1,128,4,256,10000
322,2026-06-02T09:32:54.727479,49.895625561475754,,128,,True,,27.175333816558123,17.496666871011257,1,44.67200068756938,,22.72029174491763,19.108541309833527,1,41.82883305475116,4,256,PHASE_COMPETITION,10000,2,128,4,256,10000
323,2026-06-02T09:32:54.876482,49.72329083830118,,128,,True,,27.008290868252516,46.939749736338854,1,73.94804060459137,,22.714999970048666,19.168333150446415,1,41.88333312049508,4,256,PHASE_COMPETITION,10000,3,128,4,256,10000
324,2026-06-02T09:32:54.995658,49.91850024089217,,128,,True,,26.399167254567146,17.717833630740643,1,44.11700088530779,,23.519332986325026,19.584166817367077,1,43.1034998036921,4,256,PHASE_COMPETITION,10000,4,128,4,256,10000
325,2026-06-02T09:32:55.140895,50.95620872452855,,128,,True,,27.93479198589921,43.29133266583085,1,71.22612465173006,,23.02141673862934,19.48074996471405,1,42.50216670334339,4,256,PHASE_COMPETITION,10000,5,128,4,256,10000
326,2026-06-02T09:32:55.258767,49.02245895937085,,128,,True,,26.066749822348356,17.5673752091825,1,43.63412503153086,,22.955709137022495,19.201708026230335,1,42.15741716325283,4,256,PHASE_COMPETITION,10000,6,128,4,256,10000
327,2026-06-02T09:32:55.401850,50.17658369615674,,128,,True,,26.486916933208704,41.75399988889694,1,68.24091682210565,,23.689666762948036,19.099625293165445,1,42.78929205611348,4,256,PHASE_COMPETITION,10000,7,128,4,256,10000
328,2026-06-02T09:32:55.521252,50.2752922475338,,128,,True,,26.425084099173546,17.872999887913465,1,44.29808398708701,,23.850208148360252,19.39587527886033,1,43.24608342722058,4,256,PHASE_COMPETITION,10000,8,128,4,256,10000
329,2026-06-02T09:32:55.663087,47.61804221197963,,128,,True,,25.22416692227125,42.99358278512955,1,68.2177497074008,,22.393875289708376,19.749042112380266,1,42.14291740208864,4,256,PHASE_COMPETITION,10000,9,128,4,256,10000
330,2026-06-02T09:32:55.780396,48.69095794856548,,128,,True,,25.990957859903574,17.24424958229065,1,43.23520744219422,,22.70000008866191,19.634875003248453,1,42.33487509191036,4,256,PHASE_COMPETITION,10000,10,128,4,256,10000
331,2026-06-02T09:32:55.927001,51.39066698029637,,128,,True,,27.878125198185444,43.664874974638224,1,71.54300017282367,,23.51254178211093,19.52258311212063,1,43.03512489423156,4,256,PHASE_COMPETITION,10000,11,128,4,256,10000
332,2026-06-02T09:32:56.045963,50.485209096223116,,128,,True,,26.647542137652636,17.658624798059464,1,44.3061669357121,,23.83766695857048,19.011874683201313,1,42.84954164177179,4,256,PHASE_COMPETITION,10000,12,128,4,256,10000
333,2026-06-02T09:32:56.191518,50.48379162326455,,128,,True,,26.836749631911516,44.37804175540805,1,71.21479138731956,,23.647041991353035,19.06916731968522,1,42.716209311038256,4,256,PHASE_COMPETITION,10000,13,128,4,256,10000
334,2026-06-02T09:32:56.310347,50.589083693921566,,128,,True,,26.73454163596034,17.181582748889923,1,43.916124384850264,,23.854542057961226,19.72358301281929,1,43.578125070780516,4,256,PHASE_COMPETITION,10000,14,128,4,256,10000
335,2026-06-02T09:32:56.454367,50.53220922127366,,128,,True,,27.03229198232293,42.78337489813566,1,69.8156668804586,,23.49991723895073,19.38250008970499,1,42.88241732865572,4,256,PHASE_COMPETITION,10000,15,128,4,256,10000
336,2026-06-02T09:32:56.572944,49.67291560024023,,128,,True,,26.370457839220762,17.567832954227924,1,43.93829079344869,,23.30245776101947,19.4046669639647,1,42.70712472498417,4,256,PHASE_COMPETITION,10000,16,128,4,256,10000
337,2026-06-02T09:32:56.716252,50.01879250630736,,128,,True,,26.2900423258543,17.691667191684246,1,43.98170951753855,,23.728750180453062,19.190916791558266,1,42.91966697201133,4,256,PHASE_COMPETITION,10000,17,128,4,256,10000
338,2026-06-02T09:32:56.839800,53.64883365109563,,128,,True,,29.75779166445136,18.35649972781539,1,48.11429139226675,,23.891041986644268,19.871042110025883,1,43.76208409667015,4,256,PHASE_COMPETITION,10000,18,128,4,256,10000
339,2026-06-02T09:32:56.988724,51.44133418798447,,128,,True,,27.528167236596346,17.59054185822606,1,45.11870909482241,,23.91316695138812,20.205416716635227,1,44.11858366802335,4,256,PHASE_COMPETITION,10000,19,128,4,256,10000
340,2026-06-02T09:32:57.106195,48.96379169076681,,128,,True,,25.638625025749207,17.761082854121923,1,43.39970787987113,,23.325166665017605,19.2245002835989,1,42.549666948616505,4,256,PHASE_COMPETITION,10000,20,128,4,256,10000
341,2026-06-02T09:32:57.630553,113.66783315315843,,128,,True,,59.88029204308987,30.404791701585054,1,90.28508374467492,,53.78754111006856,31.205791980028152,1,84.99333309009671,4,512,PHASE_COMPETITION,10000,1,128,4,512,10000
342,2026-06-02T09:32:57.898081,116.76966724917293,,128,,True,,62.06454196944833,29.776125214993954,1,91.84066718444228,,54.7051252797246,31.629334203898907,1,86.3344594836235,4,512,PHASE_COMPETITION,10000,2,128,4,512,10000
343,2026-06-02T09:32:58.162737,115.60029210522771,,128,,True,,59.27929235622287,30.000375118106604,1,89.27966747432947,,56.32099974900484,31.15033358335495,1,87.47133333235979,4,512,PHASE_COMPETITION,10000,3,128,4,512,10000
344,2026-06-02T09:32:58.426866,112.82404093071818,,128,,True,,57.40004079416394,29.875459149479866,1,87.27549994364381,,55.42400013655424,31.79620811715722,1,87.22020825371146,4,512,PHASE_COMPETITION,10000,4,128,4,512,10000
345,2026-06-02T09:32:58.700563,121.57008377835155,,128,,True,,62.610500026494265,60.52520917728543,1,123.1357092037797,,58.95958375185728,31.809499952942133,1,90.76908370479941,4,512,PHASE_COMPETITION,10000,5,128,4,512,10000
346,2026-06-02T09:32:58.972557,122.72387417033315,,128,,True,,63.57154110446572,57.21183307468891,1,120.78337417915463,,59.152333065867424,32.2627080604434,1,91.41504112631083,4,512,PHASE_COMPETITION,10000,6,128,4,512,10000
347,2026-06-02T09:32:59.246021,122.32499988749623,,128,,True,,62.95358296483755,59.28412498906255,1,122.2377079539001,,59.37141692265868,31.945459078997374,1,91.31687600165606,4,512,PHASE_COMPETITION,10000,7,128,4,512,10000
348,2026-06-02T09:32:59.517536,121.71758292242885,,128,,True,,63.317458145320415,57.82004166394472,1,121.13749980926514,,58.40012477710843,31.67895833030343,1,90.07908310741186,4,512,PHASE_COMPETITION,10000,8,128,4,512,10000
349,2026-06-02T09:32:59.786760,119.15199924260378,,128,,True,,62.228916212916374,58.76500019803643,1,120.9939164109528,,56.923083029687405,31.408249866217375,1,88.33133289590478,4,512,PHASE_COMPETITION,10000,9,128,4,512,10000
350,2026-06-02T09:33:00.062107,125.35545788705349,,128,,True,,62.22900003194809,57.87254078313708,1,120.10154081508517,,63.1264578551054,31.659499742090702,1,94.7859575971961,4,512,PHASE_COMPETITION,10000,10,128,4,512,10000
351,2026-06-02T09:33:00.335809,121.35370820760727,,128,,True,,62.00612522661686,60.55454211309552,1,122.56066733971238,,59.34758298099041,31.887624878436327,1,91.23520785942674,4,512,PHASE_COMPETITION,10000,11,128,4,512,10000
352,2026-06-02T09:33:00.606727,121.70570809394121,,128,,True,,61.716833151876926,29.69570830464363,1,91.41254145652056,,59.988874942064285,59.123875107616186,1,119.11275004968047,4,512,PHASE_COMPETITION,10000,12,128,4,512,10000
353,2026-06-02T09:33:01.179985,124.60641702637076,,128,,True,,66.56462512910366,31.92033339291811,1,98.48495852202177,,58.0417918972671,63.43037495389581,1,121.47216685116291,4,512,PHASE_COMPETITION,10000,13,128,4,512,10000
354,2026-06-02T09:33:01.457648,123.94770886749029,,128,,True,,64.66216687113047,30.928791966289282,1,95.59095883741975,,59.285541996359825,60.863417107611895,1,120.14895910397172,4,512,PHASE_COMPETITION,10000,14,128,4,512,10000
355,2026-06-02T09:33:01.737974,124.12541685625911,,128,,True,,64.54645888879895,31.76733385771513,1,96.31379274651408,,59.578957967460155,61.5957910194993,1,121.17474898695946,4,512,PHASE_COMPETITION,10000,15,128,4,512,10000
356,2026-06-02T09:33:02.008794,119.88254077732563,,128,,True,,62.76904093101621,30.121750198304653,1,92.89079112932086,,57.11349984630942,60.50604209303856,1,117.61954193934798,4,512,PHASE_COMPETITION,10000,16,128,4,512,10000
357,2026-06-02T09:33:02.277995,116.3271670229733,,128,,True,,60.99479226395488,29.918250162154436,1,90.91304242610931,,55.33237475901842,63.15824994817376,1,118.49062470719218,4,512,PHASE_COMPETITION,10000,17,128,4,512,10000
358,2026-06-02T09:33:02.546025,117.7645418792963,,128,,True,,62.45116703212261,30.14149982482195,1,92.59266685694456,,55.31337484717369,60.13400014489889,1,115.44737499207258,4,512,PHASE_COMPETITION,10000,18,128,4,512,10000
359,2026-06-02T09:33:02.782666,115.15141604468226,,128,,True,,58.11962531879544,29.833875130861998,1,87.95350044965744,,57.03179072588682,31.650917138904333,1,88.68270786479115,4,512,PHASE_COMPETITION,10000,19,128,4,512,10000
360,2026-06-02T09:33:03.075829,127.72649992257357,,128,,True,,67.41670798510313,32.64975035563111,1,100.06645834073424,,60.309791937470436,38.72624970972538,1,99.03604164719582,4,512,PHASE_COMPETITION,10000,20,128,4,512,10000
361,2026-06-02T09:33:03.978090,25.954042095690966,,128,,True,,13.033791910856962,5.251708906143904,1,18.285500817000866,,12.920250184834003,6.81825028732419,1,19.738500472158194,8,2,PHASE_COMPETITION,10000,1,128,8,2,10000
362,2026-06-02T09:33:04.022921,24.688499979674816,,128,,True,,12.095250189304352,5.568834021687508,1,17.66408421099186,,12.593249790370464,6.459999829530716,1,19.05324961990118,8,2,PHASE_COMPETITION,10000,2,128,8,2,10000
363,2026-06-02T09:33:04.070805,25.386041030287743,,128,,True,,12.423166073858738,5.249542184174061,1,17.6727082580328,,12.962874956429005,8.570708334445953,1,21.533583290874958,8,2,PHASE_COMPETITION,10000,3,128,8,2,10000
364,2026-06-02T09:33:04.116268,25.004833471029997,,128,,True,,12.138667050749063,5.326999817043543,1,17.465666867792606,,12.866166420280933,6.91579096019268,1,19.781957380473614,8,2,PHASE_COMPETITION,10000,4,128,8,2,10000
365,2026-06-02T09:33:04.162268,25.266834534704685,,128,,True,,11.80333411321044,5.769082810729742,1,17.57241692394018,,13.463500421494246,6.959792226552963,1,20.42329264804721,8,2,PHASE_COMPETITION,10000,5,128,8,2,10000
366,2026-06-02T09:33:04.206894,24.470457807183266,,128,,True,,11.752292048186064,5.251332651823759,1,17.003624700009823,,12.718165758997202,6.708374712616205,1,19.426540471613407,8,2,PHASE_COMPETITION,10000,6,128,8,2,10000
367,2026-06-02T09:33:04.251813,24.765542708337307,,128,,True,,11.775667313486338,5.551832728087902,1,17.32750004157424,,12.98987539485097,6.615874823182821,1,19.60575021803379,8,2,PHASE_COMPETITION,10000,7,128,8,2,10000
368,2026-06-02T09:33:04.297067,24.326083716005087,,128,,True,,11.534041725099087,5.294083151966333,1,16.82812487706542,,12.792041990906,6.871125195175409,1,19.66316718608141,8,2,PHASE_COMPETITION,10000,8,128,8,2,10000
369,2026-06-02T09:33:04.342474,25.143499486148357,,128,,True,,12.774749659001827,5.238082725554705,1,18.012832384556532,,12.36874982714653,6.896457634866238,1,19.265207462012768,8,2,PHASE_COMPETITION,10000,9,128,8,2,10000
370,2026-06-02T09:33:04.389461,25.913916528224945,,128,,True,,12.015707790851593,5.830041132867336,1,17.84574892371893,,13.898208737373352,7.247832603752613,1,21.146041341125965,8,2,PHASE_COMPETITION,10000,10,128,8,2,10000
371,2026-06-02T09:33:04.436027,25.763167068362236,,128,,True,,12.33812514692545,5.4879579693078995,1,17.82608311623335,,13.425041921436787,7.077875081449747,1,20.502917002886534,8,2,PHASE_COMPETITION,10000,11,128,8,2,10000
372,2026-06-02T09:33:04.481262,24.878041818737984,,128,,True,,12.017250061035156,5.745042115449905,1,17.76229217648506,,12.860791757702827,6.509249564260244,1,19.370041321963072,8,2,PHASE_COMPETITION,10000,12,128,8,2,10000
373,2026-06-02T09:33:04.526716,24.62279098108411,,128,,True,,11.906125117093325,5.24341594427824,1,17.149541061371565,,12.716665863990784,6.8092080764472485,1,19.525873940438032,8,2,PHASE_COMPETITION,10000,13,128,8,2,10000
374,2026-06-02T09:33:04.570887,24.11658177152276,,128,,True,,11.365290731191635,5.568750202655792,1,16.934040933847427,,12.751291040331125,6.4621251076459885,1,19.213416147977114,8,2,PHASE_COMPETITION,10000,14,128,8,2,10000
375,2026-06-02T09:33:04.642139,25.10024979710579,,128,,True,,11.834584176540375,5.279792007058859,1,17.114376183599234,,13.265665620565414,32.13375015184283,1,45.39941577240825,8,2,PHASE_COMPETITION,10000,15,128,8,2,10000
376,2026-06-02T09:33:04.686520,24.398375302553177,,128,,True,,11.924291029572487,5.376916844397783,1,17.30120787397027,,12.47408427298069,6.4785839058458805,1,18.95266817882657,8,2,PHASE_COMPETITION,10000,16,128,8,2,10000
377,2026-06-02T09:33:04.731382,24.320415686815977,,128,,True,,11.812957935035229,5.200833082199097,1,17.013791017234325,,12.507457751780748,6.859417073428631,1,19.36687482520938,8,2,PHASE_COMPETITION,10000,17,128,8,2,10000
378,2026-06-02T09:33:04.776396,24.755666963756084,,128,,True,,11.93679217249155,5.305374972522259,1,17.24216714501381,,12.818874791264534,6.910332944244146,1,19.72920773550868,8,2,PHASE_COMPETITION,10000,18,128,8,2,10000
379,2026-06-02T09:33:04.821292,24.111332837492228,,128,,True,,11.783499736338854,5.7300422340631485,1,17.513541970402002,,12.327833101153374,6.86737522482872,1,19.195208325982094,8,2,PHASE_COMPETITION,10000,19,128,8,2,10000
380,2026-06-02T09:33:04.865741,24.45304160937667,,128,,True,,11.720374692231417,5.233041010797024,1,16.95341570302844,,12.732666917145252,6.701583042740822,1,19.434249959886074,8,2,PHASE_COMPETITION,10000,20,128,8,2,10000
381,2026-06-02T09:33:04.957062,24.48866656050086,,128,,True,,11.78449997678399,5.341750103980303,1,17.126250080764294,,12.70416658371687,7.0075406692922115,1,19.71170725300908,8,4,PHASE_COMPETITION,10000,1,128,8,4,10000
382,2026-06-02T09:33:05.004229,25.958749931305647,,128,,True,,12.91941711679101,5.391750019043684,1,18.311167135834694,,13.039332814514637,7.639292161911726,1,20.678624976426363,8,4,PHASE_COMPETITION,10000,2,128,8,4,10000
383,2026-06-02T09:33:05.056047,28.938082978129387,,128,,True,,13.032208196818829,6.298332940787077,1,19.330541137605906,,15.905874781310558,7.220875006169081,1,23.12674978747964,8,4,PHASE_COMPETITION,10000,3,128,8,4,10000
384,2026-06-02T09:33:05.102459,25.23179119452834,,128,,True,,12.170999776571989,5.4831672459840775,1,17.654167022556067,,13.060791417956352,6.956583354622126,1,20.017374772578478,8,4,PHASE_COMPETITION,10000,4,128,8,4,10000
385,2026-06-02T09:33:05.149523,26.151498779654503,,128,,True,,12.03945791348815,5.851041059941053,1,17.890498973429203,,14.112040866166353,6.725540850311518,1,20.83758171647787,8,4,PHASE_COMPETITION,10000,5,128,8,4,10000
386,2026-06-02T09:33:05.198447,26.775625068694353,,128,,True,,12.424415908753872,5.45645784586668,1,17.880873754620552,,14.351209159940481,7.071999832987785,1,21.423208992928267,8,4,PHASE_COMPETITION,10000,6,128,8,4,10000
387,2026-06-02T09:33:05.245199,25.370124727487564,,128,,True,,11.818290688097477,5.839959252625704,1,17.65824994072318,,13.551834039390087,6.883624941110611,1,20.435458980500698,8,4,PHASE_COMPETITION,10000,7,128,8,4,10000
388,2026-06-02T09:33:05.291297,24.5818761177361,,128,,True,,12.058834079653025,5.415500141680241,1,17.474334221333265,,12.523042038083076,7.057624869048595,1,19.580666907131672,8,4,PHASE_COMPETITION,10000,8,128,8,4,10000
389,2026-06-02T09:33:05.336905,24.94045812636614,,128,,True,,11.67808286845684,5.375250242650509,1,17.05333311110735,,13.262375257909298,7.131374906748533,1,20.39375016465783,8,4,PHASE_COMPETITION,10000,9,128,8,4,10000
390,2026-06-02T09:33:05.407304,25.896999519318342,,128,,True,,12.840916402637959,29.828375205397606,1,42.669291608035564,,13.056083116680384,6.578249856829643,1,19.634332973510027,8,4,PHASE_COMPETITION,10000,10,128,8,4,10000
391,2026-06-02T09:33:05.453541,24.97799973934889,,128,,True,,11.850208044052124,5.368417128920555,1,17.21862517297268,,13.127791695296764,6.911708973348141,1,20.039500668644905,8,4,PHASE_COMPETITION,10000,11,128,8,4,10000
392,2026-06-02T09:33:05.499412,24.688666686415672,,128,,True,,12.03650003299117,5.887083243578672,1,17.923583276569843,,12.652166653424501,7.052707951515913,1,19.704874604940414,8,4,PHASE_COMPETITION,10000,12,128,8,4,10000
393,2026-06-02T09:33:05.544305,24.47574958205223,,128,,True,,11.973291635513306,5.341083277016878,1,17.314374912530184,,12.502457946538925,6.810958031564951,1,19.313415978103876,8,4,PHASE_COMPETITION,10000,13,128,8,4,10000
394,2026-06-02T09:33:05.588028,23.674916941672564,,128,,True,,11.239042039960623,5.674582906067371,1,16.913624946027994,,12.43587490171194,6.506874691694975,1,18.942749593406916,8,4,PHASE_COMPETITION,10000,14,128,8,4,10000
395,2026-06-02T09:33:05.632866,23.91270874068141,,128,,True,,11.331791989505291,5.322291981428862,1,16.654083970934153,,12.580916751176119,6.843791343271732,1,19.42470809444785,8,4,PHASE_COMPETITION,10000,15,128,8,4,10000
396,2026-06-02T09:33:05.677349,24.04554095119238,,128,,True,,11.371708009392023,5.317209288477898,1,16.68891729786992,,12.673832941800356,6.925124675035477,1,19.598957616835833,8,4,PHASE_COMPETITION,10000,16,128,8,4,10000
397,2026-06-02T09:33:05.723498,24.926208425313234,,128,,True,,12.176208198070526,5.961957853287458,1,18.138166051357985,,12.750000227242708,7.03374994918704,1,19.78375017642975,8,4,PHASE_COMPETITION,10000,17,128,8,4,10000
398,2026-06-02T09:33:05.768641,24.589417036622763,,128,,True,,11.858792044222355,5.339332856237888,1,17.198124900460243,,12.730624992400408,7.012000307440758,1,19.742625299841166,8,4,PHASE_COMPETITION,10000,18,128,8,4,10000
399,2026-06-02T09:33:05.814253,24.904124904423952,,128,,True,,12.050332967191935,5.818167235702276,1,17.86850020289421,,12.853791937232018,6.63254177197814,1,19.486333709210157,8,4,PHASE_COMPETITION,10000,19,128,8,4,10000
400,2026-06-02T09:33:05.861302,25.77708289027214,,128,,True,,12.339374981820583,5.317790899425745,1,17.65716588124633,,13.437707908451557,6.887792143970728,1,20.325500052422285,8,4,PHASE_COMPETITION,10000,20,128,8,4,10000
401,2026-06-02T09:33:05.953974,24.93866626173258,,128,,True,,12.187708169221878,5.540417041629553,1,17.72812521085143,,12.7509580925107,7.2525423020124435,1,20.003500394523144,8,8,PHASE_COMPETITION,10000,1,128,8,8,10000
402,2026-06-02T09:33:05.999421,24.56479100510478,,128,,True,,11.68920798227191,5.548833403736353,1,17.238041386008263,,12.87558302283287,7.162709254771471,1,20.03829227760434,8,8,PHASE_COMPETITION,10000,2,128,8,8,10000
403,2026-06-02T09:33:06.046776,25.4524159245193,,128,,True,,12.315582949668169,6.145083345472813,1,18.46066629514098,,13.136832974851131,7.182790897786617,1,20.31962387263775,8,8,PHASE_COMPETITION,10000,3,128,8,8,10000
404,2026-06-02T09:33:06.116984,25.560874491930008,,128,,True,,12.692582793533802,5.639832932502031,1,18.332415726035833,,12.868291698396206,7.063166704028845,1,19.93145840242505,8,8,PHASE_COMPETITION,10000,4,128,8,8,10000
405,2026-06-02T09:33:06.163678,25.621748995035887,,128,,True,,12.170291040092707,5.8170827105641365,1,17.987373750656843,,13.45145795494318,6.765875034034252,1,20.217332988977432,8,8,PHASE_COMPETITION,10000,5,128,8,8,10000
406,2026-06-02T09:33:06.210735,25.226208847016096,,128,,True,,11.959834024310112,5.505792330950499,1,17.46562635526061,,13.266374822705984,7.285916246473789,1,20.552291069179773,8,8,PHASE_COMPETITION,10000,6,128,8,8,10000
407,2026-06-02T09:33:06.257129,25.04983264952898,,128,,True,,12.13858276605606,5.602917168289423,1,17.741499934345484,,12.91124988347292,7.335249800235033,1,20.246499683707952,8,8,PHASE_COMPETITION,10000,7,128,8,8,10000
408,2026-06-02T09:33:06.303007,24.066166952252388,,128,,True,,11.605416890233755,6.128957960754633,1,17.734374850988388,,12.460750062018633,7.140332832932472,1,19.601082894951105,8,8,PHASE_COMPETITION,10000,8,128,8,8,10000
409,2026-06-02T09:33:06.349141,24.99641664326191,,128,,True,,11.987541802227497,5.598375108093023,1,17.58591691032052,,13.008874841034412,7.089624647051096,1,20.09849948808551,8,8,PHASE_COMPETITION,10000,9,128,8,8,10000
410,2026-06-02T09:33:06.394603,24.34629201889038,,128,,True,,11.928209103643894,5.978166591376066,1,17.90637569501996,,12.418082915246487,6.848624907433987,1,19.266707822680473,8,8,PHASE_COMPETITION,10000,10,128,8,8,10000
411,2026-06-02T09:33:06.441693,25.204500183463097,,128,,True,,12.212167028337717,5.5246250703930855,1,17.736792098730803,,12.99233315512538,7.175333332270384,1,20.167666487395763,8,8,PHASE_COMPETITION,10000,11,128,8,8,10000
412,2026-06-02T09:33:06.487516,24.551626294851303,,128,,True,,12.115709017962217,5.512750241905451,1,17.628459259867668,,12.435917276889086,7.214208133518696,1,19.65012541040778,8,8,PHASE_COMPETITION,10000,12,128,8,8,10000
413,2026-06-02T09:33:06.534549,25.046707596629858,,128,,True,,12.370540760457516,6.182292010635138,1,18.552832771092653,,12.676166836172342,7.24637508392334,1,19.922541920095682,8,8,PHASE_COMPETITION,10000,13,128,8,8,10000
414,2026-06-02T09:33:06.580502,24.71945807337761,,128,,True,,12.304042000323534,5.580457858741283,1,17.884499859064817,,12.415416073054075,7.109584286808968,1,19.525000359863043,8,8,PHASE_COMPETITION,10000,14,128,8,8,10000
415,2026-06-02T09:33:06.626930,24.998875334858894,,128,,True,,12.22216710448265,6.102791987359524,1,18.324959091842175,,12.776708230376244,6.850709207355976,1,19.62741743773222,8,8,PHASE_COMPETITION,10000,15,128,8,8,10000
416,2026-06-02T09:33:06.673392,24.61562491953373,,128,,True,,11.998583097010851,5.543749779462814,1,17.542332876473665,,12.617041822522879,7.151333149522543,1,19.76837497204542,8,8,PHASE_COMPETITION,10000,16,128,8,8,10000
417,2026-06-02T09:33:06.719115,24.568666238337755,,128,,True,,11.735625099390745,5.845458246767521,1,17.581083346158266,,12.83304113894701,6.813082844018936,1,19.646123982965946,8,8,PHASE_COMPETITION,10000,17,128,8,8,10000
418,2026-06-02T09:33:06.791208,26.195583399385214,,128,,True,,12.371375225484371,5.580249708145857,1,17.951624933630228,,13.824208173900843,31.132707837969065,1,44.95691601186991,8,8,PHASE_COMPETITION,10000,18,128,8,8,10000
419,2026-06-02T09:33:06.837469,25.23312484845519,,128,,True,,12.297249864786863,5.727209150791168,1,18.02445901557803,,12.935874983668327,6.794665940105915,1,19.730540923774242,8,8,PHASE_COMPETITION,10000,19,128,8,8,10000
420,2026-06-02T09:33:06.884310,24.91454081609845,,128,,True,,12.192707974463701,5.5168746039271355,1,17.709582578390837,,12.72183284163475,7.277000229805708,1,19.99883307144046,8,8,PHASE_COMPETITION,10000,20,128,8,8,10000
421,2026-06-02T09:33:06.981580,25.69712419062853,,128,,True,,12.778458185493946,5.899250041693449,1,18.677708227187395,,12.918666005134583,7.588291075080633,1,20.506957080215216,8,16,PHASE_COMPETITION,10000,1,128,8,16,10000
422,2026-06-02T09:33:07.031415,26.480957865715027,,128,,True,,12.741915881633759,6.426124833524227,1,19.168040715157986,,13.739041984081268,7.294666953384876,1,21.033708937466145,8,16,PHASE_COMPETITION,10000,2,128,8,16,10000
423,2026-06-02T09:33:07.083617,27.17149956151843,,128,,True,,13.732041232287884,6.171917077153921,1,19.903958309441805,,13.439458329230547,7.81045900657773,1,21.249917335808277,8,16,PHASE_COMPETITION,10000,3,128,8,16,10000
424,2026-06-02T09:33:07.132611,25.75929183512926,,128,,True,,12.370666954666376,6.315832957625389,1,18.686499912291765,,13.388624880462885,7.327582687139511,1,20.716207567602396,8,16,PHASE_COMPETITION,10000,4,128,8,16,10000
425,2026-06-02T09:33:07.182345,26.148749981075525,,128,,True,,12.916500214487314,6.038417108356953,1,18.954917322844267,,13.232249766588211,7.628459017723799,1,20.86070878431201,8,16,PHASE_COMPETITION,10000,5,128,8,16,10000
426,2026-06-02T09:33:07.231843,26.032166089862585,,128,,True,,12.861624825745821,6.439124699681997,1,19.30074952542782,,13.170541264116764,7.649417035281658,1,20.819958299398422,8,16,PHASE_COMPETITION,10000,6,128,8,16,10000
427,2026-06-02T09:33:07.280005,25.32729133963585,,128,,True,,12.24087504670024,5.978750064969063,1,18.219625111669302,,13.08641629293561,7.654665969312191,1,20.7410822622478,8,16,PHASE_COMPETITION,10000,7,128,8,16,10000
428,2026-06-02T09:33:07.328413,25.123458355665207,,128,,True,,12.170125264674425,6.486124824732542,1,18.656250089406967,,12.953333090990782,7.562374696135521,1,20.515707787126303,8,16,PHASE_COMPETITION,10000,8,128,8,16,10000
429,2026-06-02T09:33:07.376836,25.587208103388548,,128,,True,,12.325792107731104,5.925584118813276,1,18.25137622654438,,13.261415995657444,7.6921251602470875,1,20.95354115590453,8,16,PHASE_COMPETITION,10000,9,128,8,16,10000
430,2026-06-02T09:33:07.426235,25.994291994720697,,128,,True,,12.464167084544897,5.947459023445845,1,18.41162610799074,,13.5301249101758,7.63316685333848,1,21.16329176351428,8,16,PHASE_COMPETITION,10000,10,128,8,16,10000
431,2026-06-02T09:33:07.474346,25.426709093153477,,128,,True,,12.25987495854497,6.239207927137613,1,18.499082885682583,,13.166834134608507,7.192832883447409,1,20.359667018055916,8,16,PHASE_COMPETITION,10000,11,128,8,16,10000
432,2026-06-02T09:33:07.523942,26.133416686207056,,128,,True,,12.705708853900433,5.9060826897621155,1,18.611791543662548,,13.427707832306623,7.570459041744471,1,20.998166874051094,8,16,PHASE_COMPETITION,10000,12,128,8,16,10000
433,2026-06-02T09:33:07.596692,25.474041234701872,,128,,True,,12.698041275143623,30.919207725673914,1,43.61724900081754,,12.775999959558249,7.22562475129962,1,20.001624710857868,8,16,PHASE_COMPETITION,10000,13,128,8,16,10000
434,2026-06-02T09:33:07.643686,24.04920756816864,,128,,True,,12.018374633044004,5.877125076949596,1,17.8954997099936,,12.030832935124636,7.350707892328501,1,19.381540827453136,8,16,PHASE_COMPETITION,10000,14,128,8,16,10000
435,2026-06-02T09:33:07.691957,25.098332669585943,,128,,True,,12.1416668407619,6.464916747063398,1,18.6065835878253,,12.956665828824043,7.684791926294565,1,20.64145775511861,8,16,PHASE_COMPETITION,10000,15,128,8,16,10000
436,2026-06-02T09:33:07.740183,25.465082842856646,,128,,True,,12.435500044375658,5.905374884605408,1,18.340874928981066,,13.029582798480988,7.697208318859339,1,20.726791117340326,8,16,PHASE_COMPETITION,10000,16,128,8,16,10000
437,2026-06-02T09:33:07.789457,26.07712522149086,,128,,True,,12.37829215824604,5.888542160391808,1,18.266834318637848,,13.69883306324482,7.634374778717756,1,21.333207841962576,8,16,PHASE_COMPETITION,10000,17,128,8,16,10000
438,2026-06-02T09:33:07.839910,26.98800014331937,,128,,True,,12.885999865829945,6.468167062848806,1,19.35416692867875,,14.102000277489424,7.461958099156618,1,21.563958376646042,8,16,PHASE_COMPETITION,10000,18,128,8,16,10000
439,2026-06-02T09:33:07.890766,26.72345796599984,,128,,True,,12.99512479454279,6.144208367913961,1,19.13933316245675,,13.728333171457052,7.838417310267687,1,21.56675048172474,8,16,PHASE_COMPETITION,10000,19,128,8,16,10000
440,2026-06-02T09:33:07.940169,26.174166705459356,,128,,True,,13.294499833136797,6.397416815161705,1,19.691916648298502,,12.87966687232256,7.3929172940552235,1,20.272584166377783,8,16,PHASE_COMPETITION,10000,20,128,8,16,10000
441,2026-06-02T09:33:08.049980,27.821707539260387,,128,,True,,14.256541151553392,6.854791659861803,1,21.111332811415195,,13.565166387706995,8.55129212141037,1,22.116458509117365,8,32,PHASE_COMPETITION,10000,1,128,8,32,10000
442,2026-06-02T09:33:08.104954,28.059625532478094,,128,,True,,14.130166731774807,7.394999731332064,1,21.52516646310687,,13.929458800703287,8.748375345021486,1,22.677834145724773,8,32,PHASE_COMPETITION,10000,2,128,8,32,10000
443,2026-06-02T09:33:08.159257,27.446874883025885,,128,,True,,13.800124637782574,7.3045408353209496,1,21.104665473103523,,13.646750245243311,8.590334095060825,1,22.237084340304136,8,32,PHASE_COMPETITION,10000,3,128,8,32,10000
444,2026-06-02T09:33:08.214249,28.700126335024834,,128,,True,,14.644209295511246,7.1840002201497555,1,21.828209515661,,14.055917039513588,8.288041688501835,1,22.343958728015423,8,32,PHASE_COMPETITION,10000,4,128,8,32,10000
445,2026-06-02T09:33:08.270499,29.117124155163765,,128,,True,,13.817165978252888,6.825082935392857,1,20.642248913645744,,15.299958176910877,8.589208126068115,1,23.889166302978992,8,32,PHASE_COMPETITION,10000,5,128,8,32,10000
446,2026-06-02T09:33:08.324933,27.40625012665987,,128,,True,,13.72375013306737,6.798333954066038,1,20.522084087133408,,13.6824999935925,8.458166848868132,1,22.140666842460632,8,32,PHASE_COMPETITION,10000,6,128,8,32,10000
447,2026-06-02T09:33:08.403454,26.61500032991171,,128,,True,,13.131750281900167,7.202249951660633,1,20.3340002335608,,13.483250048011541,33.75475015491247,1,47.23800020292401,8,32,PHASE_COMPETITION,10000,7,128,8,32,10000
448,2026-06-02T09:33:08.456130,26.661666110157967,,128,,True,,13.508082833141088,7.092625368386507,1,20.600708201527596,,13.153583277016878,8.462917059659958,1,21.616500336676836,8,32,PHASE_COMPETITION,10000,8,128,8,32,10000
449,2026-06-02T09:33:08.510505,28.0497083440423,,128,,True,,13.324958272278309,7.016958203166723,1,20.341916475445032,,14.724750071763992,8.856750093400478,1,23.58150016516447,8,32,PHASE_COMPETITION,10000,9,128,8,32,10000
450,2026-06-02T09:33:08.564269,27.051041834056377,,128,,True,,13.696957845240831,7.016499992460012,1,20.713457837700844,,13.354083988815546,8.69775004684925,1,22.051834035664797,8,32,PHASE_COMPETITION,10000,10,128,8,32,10000
451,2026-06-02T09:33:08.618123,27.35354145988822,,128,,True,,13.73916631564498,6.677917204797268,1,20.417083520442247,,13.61437514424324,8.56291688978672,1,22.17729203402996,8,32,PHASE_COMPETITION,10000,11,128,8,32,10000
452,2026-06-02T09:33:08.671410,26.85233298689127,,128,,True,,13.532041106373072,6.711791735142469,1,20.24383284151554,,13.320291880518198,8.546500001102686,1,21.866791881620884,8,32,PHASE_COMPETITION,10000,12,128,8,32,10000
453,2026-06-02T09:33:08.724586,27.15975046157837,,128,,True,,13.917500153183937,7.072125095874071,1,20.989625249058008,,13.242250308394432,8.47270805388689,1,21.714958362281322,8,32,PHASE_COMPETITION,10000,13,128,8,32,10000
454,2026-06-02T09:33:08.778750,27.828500140458345,,128,,True,,14.052500016987324,7.168208248913288,1,21.220708265900612,,13.776000123471022,8.528875187039375,1,22.304875310510397,8,32,PHASE_COMPETITION,10000,14,128,8,32,10000
455,2026-06-02T09:33:08.832269,27.525541838258505,,128,,True,,13.513917103409767,6.760583259165287,1,20.274500362575054,,14.011624734848738,8.527792058885098,1,22.539416793733835,8,32,PHASE_COMPETITION,10000,15,128,8,32,10000
456,2026-06-02T09:33:08.884242,25.74816718697548,,128,,True,,13.02820909768343,6.6790408454835415,1,19.70724994316697,,12.71995808929205,8.308792021125555,1,21.028750110417604,8,32,PHASE_COMPETITION,10000,16,128,8,32,10000
457,2026-06-02T09:33:08.936676,26.401249691843987,,128,,True,,13.429958838969469,6.634749937802553,1,20.064708776772022,,12.971290852874517,8.330333046615124,1,21.30162389948964,8,32,PHASE_COMPETITION,10000,17,128,8,32,10000
458,2026-06-02T09:33:09.015162,27.745125349611044,,128,,True,,13.509417418390512,7.05866701900959,1,20.568084437400103,,14.235707931220531,33.16995780915022,1,47.40566574037075,8,32,PHASE_COMPETITION,10000,18,128,8,32,10000
459,2026-06-02T09:33:09.070017,28.89929199591279,,128,,True,,13.540124986320734,6.9995420053601265,1,20.53966699168086,,15.359167009592056,8.494458626955748,1,23.853625636547804,8,32,PHASE_COMPETITION,10000,19,128,8,32,10000
460,2026-06-02T09:33:09.125762,28.753583319485188,,128,,True,,15.231875237077475,7.536625023931265,1,22.76850026100874,,13.521708082407713,8.624250069260597,1,22.14595815166831,8,32,PHASE_COMPETITION,10000,20,128,8,32,10000
461,2026-06-02T09:33:09.250629,30.120166949927807,,128,,True,,16.391958110034466,8.704416919499636,1,25.0963750295341,,13.728208839893341,10.057332925498486,1,23.785541765391827,8,64,PHASE_COMPETITION,10000,1,128,8,64,10000
462,2026-06-02T09:33:09.312151,29.589124023914337,,128,,True,,15.845333226025105,8.19991622120142,1,24.045249447226524,,13.743790797889233,9.965917095541954,1,23.709707893431187,8,64,PHASE_COMPETITION,10000,2,128,8,64,10000
463,2026-06-02T09:33:09.374722,29.883624985814095,,128,,True,,15.245417132973671,8.454875089228153,1,23.700292222201824,,14.638207852840424,9.94820799678564,1,24.586415849626064,8,64,PHASE_COMPETITION,10000,3,128,8,64,10000
464,2026-06-02T09:33:09.436874,30.491583049297333,,128,,True,,16.566332895308733,8.453084155917168,1,25.0194170512259,,13.9252501539886,9.966624900698662,1,23.89187505468726,8,64,PHASE_COMPETITION,10000,4,128,8,64,10000
465,2026-06-02T09:33:09.524352,30.045540537685156,,128,,True,,16.193749848753214,33.5743329487741,1,49.76808279752731,,13.851790688931942,10.001915972679853,1,23.853706661611795,8,64,PHASE_COMPETITION,10000,5,128,8,64,10000
466,2026-06-02T09:33:09.586585,30.15595907345414,,128,,True,,16.532875131815672,8.308792021125555,1,24.841667152941227,,13.62308394163847,9.81929199770093,1,23.4423759393394,8,64,PHASE_COMPETITION,10000,6,128,8,64,10000
467,2026-06-02T09:33:09.648075,29.790082946419716,,128,,True,,16.07633288949728,8.519166149199009,1,24.59549903869629,,13.713750056922436,9.901000186800957,1,23.614750243723392,8,64,PHASE_COMPETITION,10000,7,128,8,64,10000
468,2026-06-02T09:33:09.710081,29.61949957534671,,128,,True,,15.809041913598776,8.294041734188795,1,24.10308364778757,,13.810457661747932,10.184541810303926,1,23.99499947205186,8,64,PHASE_COMPETITION,10000,8,128,8,64,10000
469,2026-06-02T09:33:09.771911,29.494457878172398,,128,,True,,16.003333032131195,8.446166757494211,1,24.449499789625406,,13.491124846041203,9.865832980722189,1,23.35695782676339,8,64,PHASE_COMPETITION,10000,9,128,8,64,10000
470,2026-06-02T09:33:09.832880,29.50904192402959,,128,,True,,15.749583952128887,8.38416675105691,1,24.133750703185797,,13.759457971900702,9.805583395063877,1,23.56504136696458,8,64,PHASE_COMPETITION,10000,10,128,8,64,10000
471,2026-06-02T09:33:09.895606,30.41216731071472,,128,,True,,16.539125237613916,8.6729577742517,1,25.212083011865616,,13.873042073100805,10.023666080087423,1,23.89670815318823,8,64,PHASE_COMPETITION,10000,11,128,8,64,10000
472,2026-06-02T09:33:09.983118,30.90833406895399,,128,,True,,16.657292377203703,8.255790919065475,1,24.91308329626918,,14.251041691750288,10.071499738842249,1,24.322541430592537,8,64,PHASE_COMPETITION,10000,12,128,8,64,10000
473,2026-06-02T09:33:10.045417,29.848499689251184,,128,,True,,15.868624672293663,8.442457765340805,1,24.311082437634468,,13.979875016957521,9.835625067353249,1,23.81550008431077,8,64,PHASE_COMPETITION,10000,13,128,8,64,10000
474,2026-06-02T09:33:10.106851,29.51666573062539,,128,,True,,15.530458185821772,8.409250061959028,1,23.9397082477808,,13.98620754480362,9.996958076953888,1,23.983165621757507,8,64,PHASE_COMPETITION,10000,14,128,8,64,10000
475,2026-06-02T09:33:10.168602,29.965416993945837,,128,,True,,15.852542128413916,8.552042301744223,1,24.40458443015814,,14.112874865531921,10.050249751657248,1,24.16312461718917,8,64,PHASE_COMPETITION,10000,15,128,8,64,10000
476,2026-06-02T09:33:10.230475,29.795791022479534,,128,,True,,15.769083052873611,8.214250206947327,1,23.983333259820938,,14.026707969605923,10.082792025059462,1,24.109499994665384,8,64,PHASE_COMPETITION,10000,16,128,8,64,10000
477,2026-06-02T09:33:10.291279,28.552625328302383,,128,,True,,15.361583326011896,8.442082908004522,1,23.80366623401642,,13.191042002290487,9.866166394203901,1,23.05720839649439,8,64,PHASE_COMPETITION,10000,17,128,8,64,10000
478,2026-06-02T09:33:10.352852,29.783708043396473,,128,,True,,15.778624918311834,8.434041868895292,1,24.212666787207127,,14.005083125084639,10.101750027388334,1,24.106833152472973,8,64,PHASE_COMPETITION,10000,18,128,8,64,10000
479,2026-06-02T09:33:10.440077,30.24037554860115,,128,,True,,16.257208306342363,33.037290908396244,1,49.29449921473861,,13.983167242258787,9.998292196542025,1,23.98145943880081,8,64,PHASE_COMPETITION,10000,19,128,8,64,10000
480,2026-06-02T09:33:10.502094,29.647582676261663,,128,,True,,15.827999915927649,8.346875198185444,1,24.174875114113092,,13.819582760334015,10.062791407108307,1,23.882374167442322,8,64,PHASE_COMPETITION,10000,20,128,8,64,10000
481,2026-06-02T09:33:10.666310,39.27808301523328,,128,,True,,22.5105001591146,11.47087523713708,1,33.98137539625168,,16.76758285611868,13.650333043187857,1,30.417915899306536,8,128,PHASE_COMPETITION,10000,1,128,8,128,10000
482,2026-06-02T09:33:10.773747,38.83083304390311,,128,,True,,21.70920791104436,11.439708061516285,1,33.148915972560644,,17.121625132858753,38.00750011578202,1,55.129125248640776,8,128,PHASE_COMPETITION,10000,2,128,8,128,10000
483,2026-06-02T09:33:10.854772,36.96574969217181,,128,,True,,20.83029178902507,11.261624749749899,1,32.09191653877497,,16.135457903146744,13.39929224923253,1,29.534750152379274,8,128,PHASE_COMPETITION,10000,3,128,8,128,10000
484,2026-06-02T09:33:10.935878,37.96870820224285,,128,,True,,21.86533296480775,11.429458856582642,1,33.29479182139039,,16.103375237435102,12.722833082079887,1,28.82620831951499,8,128,PHASE_COMPETITION,10000,4,128,8,128,10000
485,2026-06-02T09:33:11.017919,38.23945764452219,,128,,True,,21.60987490788102,11.40208262950182,1,33.01195753738284,,16.62958273664117,13.214749749749899,1,29.844332486391068,8,128,PHASE_COMPETITION,10000,5,128,8,128,10000
486,2026-06-02T09:33:11.131163,41.46637488156557,,128,,True,,23.607959039509296,11.868916917592287,1,35.47687595710158,,17.858415842056274,40.39191594347358,1,58.25033178552985,8,128,PHASE_COMPETITION,10000,6,128,8,128,10000
487,2026-06-02T09:33:11.216133,39.734582882374525,,128,,True,,22.769374772906303,11.726625263690948,1,34.49600003659725,,16.96520810946822,13.209457974880934,1,30.174666084349155,8,128,PHASE_COMPETITION,10000,7,128,8,128,10000
488,2026-06-02T09:33:11.298210,37.711624056100845,,128,,True,,21.084416192024946,11.754167266190052,1,32.838583458215,,16.6272078640759,12.865375261753798,1,29.492583125829697,8,128,PHASE_COMPETITION,10000,8,128,8,128,10000
489,2026-06-02T09:33:11.380018,37.68191719427705,,128,,True,,21.30312519147992,11.315790936350822,1,32.618916127830744,,16.378792002797127,13.15408293157816,1,29.532874934375286,8,128,PHASE_COMPETITION,10000,9,128,8,128,10000
490,2026-06-02T09:33:11.490246,39.35529151931405,,128,,True,,22.098874673247337,11.36179082095623,1,33.46066549420357,,17.256416846066713,39.815041702240705,1,57.07145854830742,8,128,PHASE_COMPETITION,10000,10,128,8,128,10000
491,2026-06-02T09:33:11.572267,38.363459054380655,,128,,True,,21.525375079363585,11.259542312473059,1,32.78491739183664,,16.83808397501707,13.152791187167168,1,29.99087516218424,8,128,PHASE_COMPETITION,10000,11,128,8,128,10000
492,2026-06-02T09:33:11.655237,38.94933266565204,,128,,True,,20.953374914824963,11.367749888449907,1,32.32112480327487,,17.995957750827074,13.27429199591279,1,31.270249746739864,8,128,PHASE_COMPETITION,10000,12,128,8,128,10000
493,2026-06-02T09:33:11.740708,39.09108368679881,,128,,True,,22.490249946713448,11.699874885380268,1,34.190124832093716,,16.600833740085363,13.207375071942806,1,29.80820881202817,8,128,PHASE_COMPETITION,10000,13,128,8,128,10000
494,2026-06-02T09:33:11.851036,41.9880417175591,,128,,True,,21.83887455612421,11.351665947586298,1,33.19054050371051,,20.14916716143489,37.52429084852338,1,57.67345800995827,8,128,PHASE_COMPETITION,10000,14,128,8,128,10000
495,2026-06-02T09:33:11.992406,76.45062496885657,,128,,True,,38.3242079988122,12.522667180746794,1,50.84687517955899,,38.126416970044374,30.861665960401297,1,68.98808293044567,8,128,PHASE_COMPETITION,10000,15,128,8,128,10000
496,2026-06-02T09:33:12.130779,49.55695802345872,,128,,True,,30.78033309429884,16.654709354043007,1,47.43504244834185,,18.77662492915988,14.131125062704086,1,32.907749991863966,8,128,PHASE_COMPETITION,10000,16,128,8,128,10000
497,2026-06-02T09:33:12.225667,45.53375020623207,,128,,True,,27.11520902812481,12.816333211958408,1,39.93154224008322,,18.41854117810726,13.540542218834162,1,31.959083396941423,8,128,PHASE_COMPETITION,10000,17,128,8,128,10000
498,2026-06-02T09:33:12.343682,39.26266636699438,,128,,True,,22.24866673350334,42.33674984425306,1,64.5854165777564,,17.01399963349104,13.466207776218653,1,30.480207409709692,8,128,PHASE_COMPETITION,10000,18,128,8,128,10000
499,2026-06-02T09:33:12.426250,38.768666330724955,,128,,True,,22.015457972884178,11.393958237022161,1,33.40941620990634,,16.753208357840776,13.049291912466288,1,29.802500270307064,8,128,PHASE_COMPETITION,10000,19,128,8,128,10000
500,2026-06-02T09:33:12.511596,40.71133304387331,,128,,True,,24.015750270336866,11.458042077720165,1,35.47379234805703,,16.695582773536444,13.490874785929918,1,30.186457559466362,8,128,PHASE_COMPETITION,10000,20,128,8,128,10000
501,2026-06-02T09:33:12.809429,65.18612522631884,,128,,True,,36.318750120699406,17.71445805206895,1,54.033208172768354,,28.86737510561943,19.33020818978548,1,48.19758329540491,8,256,PHASE_COMPETITION,10000,1,128,8,256,10000
502,2026-06-02T09:33:13.032564,124.90770872682333,,128,,True,,40.96937458962202,44.38691586256027,1,85.3562904521823,,83.93833413720131,21.803042385727167,1,105.74137652292848,8,256,PHASE_COMPETITION,10000,2,128,8,256,10000
503,2026-06-02T09:33:13.177082,72.71187612786889,,128,,True,,36.78729198873043,17.90629094466567,1,54.6935829333961,,35.92458413913846,19.80691682547331,1,55.73150096461177,8,256,PHASE_COMPETITION,10000,3,128,8,256,10000
504,2026-06-02T09:33:13.342479,67.80479149892926,,128,,True,,37.811875343322754,45.26395769789815,1,83.0758330412209,,29.99291615560651,19.699417054653168,1,49.692333210259676,8,256,PHASE_COMPETITION,10000,4,128,8,256,10000
505,2026-06-02T09:33:13.497515,77.92849978432059,,128,,True,,46.860499773174524,21.718999836593866,1,68.57949960976839,,31.06800001114607,20.528374705463648,1,51.596374716609716,8,256,PHASE_COMPETITION,10000,5,128,8,256,10000
506,2026-06-02T09:33:13.660712,67.89220776408911,,128,,True,,38.31862471997738,43.16070815548301,1,81.47933287546039,,29.57358304411173,19.14695929735899,1,48.72054234147072,8,256,PHASE_COMPETITION,10000,6,128,8,256,10000
507,2026-06-02T09:33:13.796877,67.21987528726459,,128,,True,,37.465458270162344,17.62229111045599,1,55.087749380618334,,29.75441701710224,19.41620884463191,1,49.17062586173415,8,256,PHASE_COMPETITION,10000,7,128,8,256,10000
508,2026-06-02T09:33:13.962387,68.8061248511076,,128,,True,,38.87595795094967,44.72341714426875,1,83.59937509521842,,29.93016690015793,20.17829194664955,1,50.10845884680748,8,256,PHASE_COMPETITION,10000,8,128,8,256,10000
509,2026-06-02T09:33:14.099815,68.70866706594825,,128,,True,,37.61979192495346,17.617625184357166,1,55.23741710931063,,31.088875140994787,19.628040958195925,1,50.71691609919071,8,256,PHASE_COMPETITION,10000,9,128,8,256,10000
510,2026-06-02T09:33:14.293280,90.18529206514359,,128,,True,,58.31066705286503,50.06908439099789,1,108.37975144386292,,31.874625012278557,20.88645799085498,1,52.761083003133535,8,256,PHASE_COMPETITION,10000,10,128,8,256,10000
511,2026-06-02T09:33:14.445022,67.28079123422503,,128,,True,,36.57487500458956,24.46595812216401,1,61.04083312675357,,30.705916229635477,19.253958016633987,1,49.959874246269464,8,256,PHASE_COMPETITION,10000,11,128,8,256,10000
512,2026-06-02T09:33:14.611464,66.86270702630281,,128,,True,,37.31204103678465,47.92708391323686,1,85.2391249500215,,29.550665989518166,19.0908326767385,1,48.641498666256666,8,256,PHASE_COMPETITION,10000,12,128,8,256,10000
513,2026-06-02T09:33:14.749595,68.42612475156784,,128,,True,,37.031374871730804,17.32662506401539,1,54.35799993574619,,31.394749879837036,20.084500312805176,1,51.47925019264221,8,256,PHASE_COMPETITION,10000,13,128,8,256,10000
514,2026-06-02T09:33:14.920034,71.37316605076194,,128,,True,,39.38083304092288,48.01545757800341,1,87.39629061892629,,31.992333009839058,19.64604202657938,1,51.63837503641844,8,256,PHASE_COMPETITION,10000,14,128,8,256,10000
515,2026-06-02T09:33:15.065251,71.45766727626324,,128,,True,,39.48479192331433,19.27975006401539,1,58.76454198732972,,31.972875352948904,19.76100029423833,1,51.73387564718723,8,256,PHASE_COMPETITION,10000,15,128,8,256,10000
516,2026-06-02T09:33:15.307237,72.66237447038293,,128,,True,,41.401333175599575,19.510916899889708,1,60.91225007548928,,31.261041294783354,19.83474986627698,1,51.09579116106033,8,256,PHASE_COMPETITION,10000,16,128,8,256,10000
517,2026-06-02T09:33:15.444152,66.7027086019516,,128,,True,,38.268167059868574,18.133458215743303,1,56.40162527561188,,28.434541542083025,19.274957943707705,1,47.70949948579073,8,256,PHASE_COMPETITION,10000,17,128,8,256,10000
518,2026-06-02T09:33:15.608321,66.91791722550988,,128,,True,,37.33754204586148,17.363708931952715,1,54.7012509778142,,29.5803751796484,20.138458348810673,1,49.71883352845907,8,256,PHASE_COMPETITION,10000,18,128,8,256,10000
519,2026-06-02T09:33:15.743677,66.72729225829244,,128,,True,,37.579874973744154,17.711749766021967,1,55.29162473976612,,29.147417284548283,19.46816686540842,1,48.6155841499567,8,256,PHASE_COMPETITION,10000,19,128,8,256,10000
520,2026-06-02T09:33:15.903725,67.05237505957484,,128,,True,,36.9853749871254,17.552541103214025,1,54.53791609033942,,30.067000072449446,19.093208014965057,1,49.1602080874145,8,256,PHASE_COMPETITION,10000,20,128,8,256,10000
521,2026-06-02T09:33:16.525408,162.38233260810375,,128,,True,,83.12887465581298,30.32220806926489,1,113.45108272507787,,79.25345795229077,62.98050004988909,1,142.23395800217986,8,512,PHASE_COMPETITION,10000,1,128,8,512,10000
522,2026-06-02T09:33:16.845596,165.9678341820836,,128,,True,,89.90945899859071,32.14845759794116,1,122.05791659653187,,76.0583751834929,60.41075009852648,1,136.46912528201938,8,512,PHASE_COMPETITION,10000,2,128,8,512,10000
523,2026-06-02T09:33:17.151546,154.84154177829623,,128,,True,,81.53079217299819,30.287708155810833,1,111.81850032880902,,73.31074960529804,60.35070912912488,1,133.66145873442292,8,512,PHASE_COMPETITION,10000,3,128,8,512,10000
524,2026-06-02T09:33:17.457798,155.14524979516864,,128,,True,,81.33166702464223,30.454250052571297,1,111.78591707721353,,73.81358277052641,60.5186247266829,1,134.3322074972093,8,512,PHASE_COMPETITION,10000,4,128,8,512,10000
525,2026-06-02T09:33:17.754740,145.7876660861075,,128,,True,,77.9565004631877,30.023416969925165,1,107.97991743311286,,67.8311656229198,60.53758319467306,1,128.36874881759286,8,512,PHASE_COMPETITION,10000,5,128,8,512,10000
526,2026-06-02T09:33:18.055659,152.59241685271263,,128,,True,,81.2665419653058,30.025084037333727,1,111.29162600263953,,71.32587488740683,58.066874742507935,1,129.39274962991476,8,512,PHASE_COMPETITION,10000,6,128,8,512,10000
527,2026-06-02T09:33:18.352461,146.2454590946436,,128,,True,,75.6376669742167,29.954165685921907,1,105.5918326601386,,70.6077921204269,60.909540858119726,1,131.51733297854662,8,512,PHASE_COMPETITION,10000,7,128,8,512,10000
528,2026-06-02T09:33:18.662945,158.21087546646595,,128,,True,,81.35262504220009,30.22545762360096,1,111.57808266580105,,76.85825042426586,60.444083996117115,1,137.30233442038298,8,512,PHASE_COMPETITION,10000,8,128,8,512,10000
529,2026-06-02T09:33:18.934120,149.66608304530382,,128,,True,,80.55879222229123,29.965708032250404,1,110.52450025454164,,69.10729082301259,31.257041729986668,1,100.36433255299926,8,512,PHASE_COMPETITION,10000,9,128,8,512,10000
530,2026-06-02T09:33:19.236983,150.92508401721716,,128,,True,,81.1921670101583,29.841999989002943,1,111.03416699916124,,69.73291700705886,31.64491569623351,1,101.37783270329237,8,512,PHASE_COMPETITION,10000,10,128,8,512,10000
531,2026-06-02T09:33:19.563169,171.87200020998716,,128,,True,,81.22291695326567,30.999625101685524,1,112.22254205495119,,90.6490832567215,32.00295893475413,1,122.65204219147563,8,512,PHASE_COMPETITION,10000,11,128,8,512,10000
532,2026-06-02T09:33:19.874949,155.3161251358688,,128,,True,,83.5827081464231,30.310625210404396,1,113.8933333568275,,71.73341698944569,32.116583082824945,1,103.85000007227063,8,512,PHASE_COMPETITION,10000,12,128,8,512,10000
533,2026-06-02T09:33:20.180112,154.39616749063134,,128,,True,,80.27083426713943,30.202167108654976,1,110.47300137579441,,74.12533322349191,31.85500018298626,1,105.98033340647817,8,512,PHASE_COMPETITION,10000,13,128,8,512,10000
534,2026-06-02T09:33:20.484289,152.61095808818936,,128,,True,,81.22524991631508,30.174292158335447,1,111.39954207465053,,71.38570817187428,31.576375011354685,1,102.96208318322897,8,512,PHASE_COMPETITION,10000,14,128,8,512,10000
535,2026-06-02T09:33:20.791082,157.61854220181704,,128,,True,,80.63787501305342,30.42004117742181,1,111.05791619047523,,76.98066718876362,31.476458068937063,1,108.45712525770068,8,512,PHASE_COMPETITION,10000,15,128,8,512,10000
536,2026-06-02T09:33:21.097660,153.07179233059287,,128,,True,,80.08541725575924,30.07133398205042,1,110.15675123780966,,72.98637507483363,31.79724980145693,1,104.78362487629056,8,512,PHASE_COMPETITION,10000,16,128,8,512,10000
537,2026-06-02T09:33:21.399804,150.26483312249184,,128,,True,,77.77620805427432,58.65591671317816,1,136.43212476745248,,72.48862506821752,32.917500007897615,1,105.40612507611513,8,512,PHASE_COMPETITION,10000,17,128,8,512,10000
538,2026-06-02T09:33:21.699637,151.54087636619806,,128,,True,,78.55495903640985,55.6729999370873,1,134.22795897349715,,72.98591732978821,31.276416964828968,1,104.26233429461718,8,512,PHASE_COMPETITION,10000,18,128,8,512,10000
539,2026-06-02T09:33:22.197198,344.28916685283184,,128,,True,,268.0610418319702,58.81012510508299,1,326.8711669370532,,76.22812502086163,33.12170784920454,1,109.34983287006617,8,512,PHASE_COMPETITION,10000,19,128,8,512,10000
540,2026-06-02T09:33:22.511338,155.73429130017757,,128,,True,,81.31483336910605,63.994374591857195,1,145.30920796096325,,74.41945793107152,32.12783299386501,1,106.54729092493653,8,512,PHASE_COMPETITION,10000,20,128,8,512,10000
541,2026-06-02T09:33:23.448425,38.65074971690774,,128,,True,,18.654583021998405,6.078749895095825,1,24.73333291709423,,19.996166694909334,7.213708013296127,1,27.20987470820546,16,2,PHASE_COMPETITION,10000,1,128,16,2,10000
542,2026-06-02T09:33:23.507367,38.31500094383955,,128,,True,,18.523292150348425,5.358249880373478,1,23.881542030721903,,19.791708793491125,6.91050011664629,1,26.702208910137415,16,2,PHASE_COMPETITION,10000,2,128,16,2,10000
543,2026-06-02T09:33:23.565276,37.20808355137706,,128,,True,,18.010458908975124,5.609458312392235,1,23.61991722136736,,19.197624642401934,6.774125155061483,1,25.971749797463417,16,2,PHASE_COMPETITION,10000,3,128,16,2,10000
544,2026-06-02T09:33:23.624432,38.04941615089774,,128,,True,,17.97854108735919,5.250082816928625,1,23.228623904287815,,20.07087506353855,7.036000024527311,1,27.106875088065863,16,2,PHASE_COMPETITION,10000,4,128,16,2,10000
545,2026-06-02T09:33:23.682722,37.85366704687476,,128,,True,,18.862042110413313,5.289624910801649,1,24.151667021214962,,18.99162493646145,7.00037507340312,1,25.99200000986457,16,2,PHASE_COMPETITION,10000,5,128,16,2,10000
546,2026-06-02T09:33:23.741104,37.22829231992364,,128,,True,,17.98191713169217,5.802708212286234,1,23.784625343978405,,19.246375188231468,7.030083332210779,1,26.276458520442247,16,2,PHASE_COMPETITION,10000,6,128,16,2,10000
547,2026-06-02T09:33:23.827369,37.1884573251009,,128,,True,,17.948541324585676,5.28091611340642,1,23.229457437992096,,19.239916000515223,35.521124955266714,1,54.76104095578194,16,2,PHASE_COMPETITION,10000,7,128,16,2,10000
548,2026-06-02T09:33:23.884996,36.57408431172371,,128,,True,,17.8615003824234,5.563958082348108,1,23.42545846477151,,18.71258392930031,6.922583095729351,1,25.63516702502966,16,2,PHASE_COMPETITION,10000,8,128,16,2,10000
549,2026-06-02T09:33:23.943259,38.135666865855455,,128,,True,,17.971999943256378,5.28350006788969,1,23.25550001114607,,20.163666922599077,6.894290912896395,1,27.057957835495472,16,2,PHASE_COMPETITION,10000,9,128,16,2,10000
550,2026-06-02T09:33:24.003023,38.305082358419895,,128,,True,,18.932999577373266,5.776125006377697,1,24.709124583750963,,19.37208278104663,6.556791253387928,1,25.928874034434557,16,2,PHASE_COMPETITION,10000,10,128,16,2,10000
551,2026-06-02T09:33:24.062088,37.90550027042627,,128,,True,,18.94070813432336,5.2990843541920185,1,24.239792488515377,,18.964792136102915,6.845083087682724,1,25.80987522378564,16,2,PHASE_COMPETITION,10000,11,128,16,2,10000
552,2026-06-02T09:33:24.119067,36.56420763581991,,128,,True,,17.573957797139883,5.522208288311958,1,23.09616608545184,,18.99024983868003,6.458125077188015,1,25.448374915868044,16,2,PHASE_COMPETITION,10000,12,128,16,2,10000
553,2026-06-02T09:33:24.177904,37.91100112721324,,128,,True,,17.634666990488768,5.187207832932472,1,22.82187482342124,,20.276334136724472,7.011540699750185,1,27.287874836474657,16,2,PHASE_COMPETITION,10000,13,128,16,2,10000
554,2026-06-02T09:33:24.236152,37.91020903736353,,128,,True,,18.422916997224092,5.310957785695791,1,23.733874782919884,,19.487292040139437,6.931624840945005,1,26.418916881084442,16,2,PHASE_COMPETITION,10000,14,128,16,2,10000
555,2026-06-02T09:33:24.293673,36.86475055292249,,128,,True,,17.821625340729952,5.7351249270141125,1,23.556750267744064,,19.043125212192535,6.883374880999327,1,25.926500093191862,16,2,PHASE_COMPETITION,10000,15,128,16,2,10000
556,2026-06-02T09:33:24.349601,35.858542658388615,,128,,True,,17.53716729581356,5.23891719058156,1,22.77608448639512,,18.321375362575054,6.736999843269587,1,25.05837520584464,16,2,PHASE_COMPETITION,10000,16,128,16,2,10000
557,2026-06-02T09:33:24.406546,36.77145857363939,,128,,True,,17.205792013555765,5.549457855522633,1,22.755249869078398,,19.565666560083628,6.642415653914213,1,26.20808221399784,16,2,PHASE_COMPETITION,10000,17,128,16,2,10000
558,2026-06-02T09:33:24.468152,40.6967094168067,,128,,True,,19.02162516489625,5.267375148832798,1,24.289000313729048,,21.675084251910448,6.860166788101196,1,28.535251040011644,16,2,PHASE_COMPETITION,10000,18,128,16,2,10000
559,2026-06-02T09:33:24.525194,36.54229221865535,,128,,True,,17.737250309437513,5.256082862615585,1,22.9933331720531,,18.805041909217834,6.90516596660018,1,25.710207875818014,16,2,PHASE_COMPETITION,10000,19,128,16,2,10000
560,2026-06-02T09:33:24.584431,38.41116605326533,,128,,True,,18.0823327973485,5.73658337816596,1,23.81891617551446,,20.328833255916834,7.097083143889904,1,27.425916399806738,16,2,PHASE_COMPETITION,10000,20,128,16,2,10000
561,2026-06-02T09:33:24.730631,37.57616551592946,,128,,True,,18.66737473756075,35.11366713792086,1,53.781041875481606,,18.90879077836871,6.72595901414752,1,25.63474979251623,16,4,PHASE_COMPETITION,10000,1,128,16,4,10000
562,2026-06-02T09:33:24.788548,36.65087511762977,,128,,True,,18.029917031526566,5.403749644756317,1,23.433666676282883,,18.6209580861032,6.881041917949915,1,25.502000004053116,16,4,PHASE_COMPETITION,10000,2,128,16,4,10000
563,2026-06-02T09:33:24.848274,38.825041614472866,,128,,True,,19.0011253580451,5.976083688437939,1,24.97720904648304,,19.823916256427765,6.666166242212057,1,26.490082498639822,16,4,PHASE_COMPETITION,10000,3,128,16,4,10000
564,2026-06-02T09:33:24.906079,36.5857919678092,,128,,True,,17.790209036320448,5.34316711127758,1,23.133376147598028,,18.795582931488752,6.893707904964685,1,25.689290836453438,16,4,PHASE_COMPETITION,10000,4,128,16,4,10000
565,2026-06-02T09:33:24.964166,37.55274973809719,,128,,True,,17.898499965667725,5.618957802653313,1,23.517457768321037,,19.654249772429466,6.6977920942008495,1,26.352041866630316,16,4,PHASE_COMPETITION,10000,5,128,16,4,10000
566,2026-06-02T09:33:25.023650,37.653875071555376,,128,,True,,18.077332992106676,5.433082580566406,1,23.510415572673082,,19.5765420794487,7.391083054244518,1,26.96762513369322,16,4,PHASE_COMPETITION,10000,6,128,16,4,10000
567,2026-06-02T09:33:25.081154,36.87483398243785,,128,,True,,18.079041969031096,5.3536673076450825,1,23.432709276676178,,18.795792013406754,7.051750086247921,1,25.847542099654675,16,4,PHASE_COMPETITION,10000,7,128,16,4,10000
568,2026-06-02T09:33:25.141688,39.23562495037913,,128,,True,,18.380749970674515,5.941957700997591,1,24.322707671672106,,20.85487497970462,7.056832779198885,1,27.911707758903503,16,4,PHASE_COMPETITION,10000,8,128,16,4,10000
569,2026-06-02T09:33:25.199866,37.13133418932557,,128,,True,,18.320042174309492,5.462415982037783,1,23.782458156347275,,18.81129201501608,7.014458067715168,1,25.825750082731247,16,4,PHASE_COMPETITION,10000,9,128,16,4,10000
570,2026-06-02T09:33:25.259291,38.51558268070221,,128,,True,,19.15691699832678,5.783666390925646,1,24.940583389252424,,19.35866568237543,6.6730002872645855,1,26.031665969640017,16,4,PHASE_COMPETITION,10000,10,128,16,4,10000
571,2026-06-02T09:33:25.318234,37.37812489271164,,128,,True,,18.050457816570997,5.354708060622215,1,23.405165877193213,,19.327667076140642,7.037042174488306,1,26.364709250628948,16,4,PHASE_COMPETITION,10000,11,128,16,4,10000
572,2026-06-02T09:33:25.376814,37.60099969804287,,128,,True,,18.527707550674677,5.382041912525892,1,23.90974946320057,,19.073292147368193,7.123417221009731,1,26.196709368377924,16,4,PHASE_COMPETITION,10000,12,128,16,4,10000
573,2026-06-02T09:33:25.438093,39.58379151299596,,128,,True,,18.61304184421897,5.9073748998343945,1,24.520416744053364,,20.97074966877699,7.372000254690647,1,28.342749923467636,16,4,PHASE_COMPETITION,10000,13,128,16,4,10000
574,2026-06-02T09:33:25.498868,39.408791810274124,,128,,True,,19.582875072956085,5.555916111916304,1,25.13879118487239,,19.82591673731804,7.169750053435564,1,26.995666790753603,16,4,PHASE_COMPETITION,10000,14,128,16,4,10000
575,2026-06-02T09:33:25.558826,38.72950002551079,,128,,True,,19.201125018298626,5.995624698698521,1,25.196749716997147,,19.528375007212162,6.807167083024979,1,26.33554209023714,16,4,PHASE_COMPETITION,10000,15,128,16,4,10000
576,2026-06-02T09:33:25.624287,41.26483388245106,,128,,True,,21.383624989539385,5.587334278970957,1,26.97095926851034,,19.881208892911673,8.786916267126799,1,28.66812516003847,16,4,PHASE_COMPETITION,10000,16,128,16,4,10000
577,2026-06-02T09:33:25.711626,39.42716587334871,,128,,True,,19.158875104039907,5.767458118498325,1,24.926333222538233,,20.268290769308805,33.27979194000363,1,53.54808270931244,16,4,PHASE_COMPETITION,10000,17,128,16,4,10000
578,2026-06-02T09:33:25.771995,38.897540885955095,,128,,True,,19.202208146452904,5.355499684810638,1,24.557707831263542,,19.69533273950219,6.986249703913927,1,26.68158244341612,16,4,PHASE_COMPETITION,10000,18,128,16,4,10000
579,2026-06-02T09:33:25.831219,38.37879095226526,,128,,True,,18.963624723255634,5.685959011316299,1,24.649583734571934,,19.41516622900963,6.682207807898521,1,26.09737403690815,16,4,PHASE_COMPETITION,10000,19,128,16,4,10000
580,2026-06-02T09:33:25.890234,37.57862513884902,,128,,True,,18.382249865680933,5.351833067834377,1,23.73408293351531,,19.196375273168087,7.079000119119883,1,26.27537539228797,16,4,PHASE_COMPETITION,10000,20,128,16,4,10000
581,2026-06-02T09:33:26.009266,37.76425030082464,,128,,True,,18.675625324249268,6.033459212630987,1,24.709084536880255,,19.088624976575375,7.190249860286713,1,26.278874836862087,16,8,PHASE_COMPETITION,10000,1,128,16,8,10000
582,2026-06-02T09:33:26.068841,38.166957907378674,,128,,True,,18.665208015590906,5.665374919772148,1,24.330582935363054,,19.501749891787767,7.080250419676304,1,26.58200031146407,16,8,PHASE_COMPETITION,10000,2,128,16,8,10000
583,2026-06-02T09:33:26.128843,38.60833356156945,,128,,True,,18.723041750490665,5.921540781855583,1,24.64458253234625,,19.885291811078787,6.910583004355431,1,26.795874815434217,16,8,PHASE_COMPETITION,10000,3,128,16,8,10000
584,2026-06-02T09:33:26.188967,38.1593331694603,,128,,True,,18.597625195980072,5.569499917328358,1,24.16712511330843,,19.561707973480225,7.175374776124954,1,26.73708274960518,16,8,PHASE_COMPETITION,10000,4,128,16,8,10000
585,2026-06-02T09:33:26.248546,37.94325003400445,,128,,True,,18.621500115841627,5.571041721850634,1,24.19254183769226,,19.321749918162823,7.366792298853397,1,26.68854221701622,16,8,PHASE_COMPETITION,10000,5,128,16,8,10000
586,2026-06-02T09:33:26.309405,38.746874779462814,,128,,True,,18.95345887169242,6.086292210966349,1,25.039751082658768,,19.793415907770395,7.30533292517066,1,27.098748832941055,16,8,PHASE_COMPETITION,10000,6,128,16,8,10000
587,2026-06-02T09:33:26.371704,40.96429096534848,,128,,True,,19.042208325117826,5.542207974940538,1,24.584416300058365,,21.922082640230656,7.182041648775339,1,29.104124289005995,16,8,PHASE_COMPETITION,10000,7,128,16,8,10000
588,2026-06-02T09:33:26.432017,38.54458266869187,,128,,True,,18.281708005815744,6.076874677091837,1,24.35858268290758,,20.26287466287613,6.937332917004824,1,27.200207579880953,16,8,PHASE_COMPETITION,10000,8,128,16,8,10000
589,2026-06-02T09:33:26.493530,39.194374810904264,,128,,True,,19.45141702890396,5.582708865404129,1,25.03412589430809,,19.742957782000303,7.234792225062847,1,26.97775000706315,16,8,PHASE_COMPETITION,10000,9,128,16,8,10000
590,2026-06-02T09:33:26.552692,37.7296251244843,,128,,True,,18.689542077481747,5.911792162805796,1,24.601334240287542,,19.040083047002554,6.854624953120947,1,25.8947080001235,16,8,PHASE_COMPETITION,10000,10,128,16,8,10000
591,2026-06-02T09:33:26.638628,39.27695890888572,,128,,True,,18.756584264338017,5.618124734610319,1,24.374708998948336,,20.5203746445477,31.680375337600708,1,52.20074998214841,16,8,PHASE_COMPETITION,10000,11,128,16,8,10000
592,2026-06-02T09:33:26.697336,37.451707758009434,,128,,True,,18.71420769020915,5.641583353281021,1,24.35579104349017,,18.737500067800283,6.822915747761726,1,25.56041581556201,16,8,PHASE_COMPETITION,10000,12,128,16,8,10000
593,2026-06-02T09:33:26.757307,38.00141625106335,,128,,True,,18.52233335375786,5.528375040739775,1,24.050708394497633,,19.47908289730549,7.356707938015461,1,26.83579083532095,16,8,PHASE_COMPETITION,10000,13,128,16,8,10000
594,2026-06-02T09:33:26.817058,38.161625154316425,,128,,True,,18.79520807415247,5.586666986346245,1,24.381875060498714,,19.366417080163956,7.362540811300278,1,26.728957891464233,16,8,PHASE_COMPETITION,10000,14,128,16,8,10000
595,2026-06-02T09:33:26.876999,37.84920834004879,,128,,True,,19.208542071282864,6.056040991097689,1,25.264583062380552,,18.640666268765926,7.237458135932684,1,25.87812440469861,16,8,PHASE_COMPETITION,10000,15,128,16,8,10000
596,2026-06-02T09:33:26.935890,37.70454088225961,,128,,True,,18.702249974012375,5.5420417338609695,1,24.244291707873344,,19.002290908247232,7.136499974876642,1,26.138790883123875,16,8,PHASE_COMPETITION,10000,16,128,16,8,10000
597,2026-06-02T09:33:26.995409,37.90883393958211,,128,,True,,18.595458939671516,6.020334083586931,1,24.615793023258448,,19.313374999910593,7.0744170807302,1,26.387792080640793,16,8,PHASE_COMPETITION,10000,17,128,16,8,10000
598,2026-06-02T09:33:27.055032,37.75445930659771,,128,,True,,18.933500163257122,5.527416709810495,1,24.460916873067617,,18.820959143340588,7.14774988591671,1,25.968709029257298,16,8,PHASE_COMPETITION,10000,18,128,16,8,10000
599,2026-06-02T09:33:27.116737,40.11954180896282,,128,,True,,19.400874618440866,5.650084000080824,1,25.05095861852169,,20.718667190521955,7.401083130389452,1,28.119750320911407,16,8,PHASE_COMPETITION,10000,19,128,16,8,10000
600,2026-06-02T09:33:27.179635,40.47304252162576,,128,,True,,20.063750445842743,6.19841692969203,1,26.262167375534773,,20.409292075783014,7.62683292850852,1,28.036125004291534,16,8,PHASE_COMPETITION,10000,20,128,16,8,10000
601,2026-06-02T09:33:27.308626,38.427459076046944,,128,,True,,19.700542092323303,6.61358330398798,1,26.314125396311283,,18.72691698372364,7.704500108957291,1,26.43141709268093,16,16,PHASE_COMPETITION,10000,1,128,16,16,10000
602,2026-06-02T09:33:27.369877,38.04733417928219,,128,,True,,19.433083944022655,5.946374963968992,1,25.379458907991648,,18.614250235259533,7.684625219553709,1,26.298875454813242,16,16,PHASE_COMPETITION,10000,2,128,16,16,10000
603,2026-06-02T09:33:27.432472,39.191083051264286,,128,,True,,19.65854223817587,5.9344591572880745,1,25.593001395463943,,19.532540813088417,7.586291059851646,1,27.118831872940063,16,16,PHASE_COMPETITION,10000,3,128,16,16,10000
604,2026-06-02T09:33:27.498758,42.8314171731472,,128,,True,,20.63516713678837,6.276249885559082,1,26.91141702234745,,22.196250036358833,7.614291273057461,1,29.810541309416294,16,16,PHASE_COMPETITION,10000,4,128,16,16,10000
605,2026-06-02T09:33:27.562599,39.71162484958768,,128,,True,,19.972332753241062,6.120332982391119,1,26.09266573563218,,19.739292096346617,7.671874947845936,1,27.411167044192553,16,16,PHASE_COMPETITION,10000,5,128,16,16,10000
606,2026-06-02T09:33:27.650404,39.61783368140459,,128,,True,,19.51099978759885,31.5159996971488,1,51.02699948474765,,20.106833893805742,7.170374970883131,1,27.277208864688873,16,16,PHASE_COMPETITION,10000,6,128,16,16,10000
607,2026-06-02T09:33:27.712656,38.89349987730384,,128,,True,,19.328332971781492,5.8916667476296425,1,25.219999719411135,,19.565166905522346,7.590332999825478,1,27.155499905347824,16,16,PHASE_COMPETITION,10000,7,128,16,16,10000
608,2026-06-02T09:33:27.775263,38.833125960081816,,128,,True,,19.421708770096302,6.607708055526018,1,26.02941682562232,,19.411417189985514,7.62575026601553,1,27.037167456001043,16,16,PHASE_COMPETITION,10000,8,128,16,16,10000
609,2026-06-02T09:33:27.840782,42.15941717848182,,128,,True,,21.062416955828667,5.921667441725731,1,26.984084397554398,,21.09700022265315,7.9476251266896725,1,29.044625349342823,16,16,PHASE_COMPETITION,10000,9,128,16,16,10000
610,2026-06-02T09:33:27.904002,38.98141719400883,,128,,True,,19.703499972820282,6.013750098645687,1,25.71725007146597,,19.277917221188545,7.566708140075207,1,26.844625361263752,16,16,PHASE_COMPETITION,10000,10,128,16,16,10000
611,2026-06-02T09:33:27.965289,38.48491655662656,,128,,True,,19.28399968892336,6.25808397307992,1,25.54208366200328,,19.2009168677032,7.241500075906515,1,26.442416943609715,16,16,PHASE_COMPETITION,10000,11,128,16,16,10000
612,2026-06-02T09:33:28.027748,38.83162513375282,,128,,True,,19.40891705453396,5.910750012844801,1,25.31966706737876,,19.422708079218864,7.611584383994341,1,27.034292463213205,16,16,PHASE_COMPETITION,10000,12,128,16,16,10000
613,2026-06-02T09:33:28.089600,38.934916723519564,,128,,True,,19.534375052899122,6.228750105947256,1,25.76312515884638,,19.40054167062044,7.21229100599885,1,26.61283267661929,16,16,PHASE_COMPETITION,10000,13,128,16,16,10000
614,2026-06-02T09:33:28.152240,38.906749337911606,,128,,True,,19.306708127260208,5.9376247227191925,1,25.2443328499794,,19.600041210651398,7.684542331844568,1,27.284583542495966,16,16,PHASE_COMPETITION,10000,14,128,16,16,10000
615,2026-06-02T09:33:28.214977,39.06562505289912,,128,,True,,19.608167000114918,6.418792065232992,1,26.02695906534791,,19.457458052784204,7.7766659669578075,1,27.234124019742012,16,16,PHASE_COMPETITION,10000,15,128,16,16,10000
616,2026-06-02T09:33:28.277220,39.175499230623245,,128,,True,,19.261416047811508,5.943375173956156,1,25.204791221767664,,19.914083182811737,7.675209082663059,1,27.589292265474796,16,16,PHASE_COMPETITION,10000,16,128,16,16,10000
617,2026-06-02T09:33:28.339463,38.568667601794004,,128,,True,,18.77091731876135,6.534374784678221,1,25.30529210343957,,19.797750283032656,7.755958940833807,1,27.553709223866463,16,16,PHASE_COMPETITION,10000,17,128,16,16,10000
618,2026-06-02T09:33:28.401638,39.21025013551116,,128,,True,,19.98858293518424,6.006291601806879,1,25.99487453699112,,19.22166720032692,7.679082918912172,1,26.900750119239092,16,16,PHASE_COMPETITION,10000,18,128,16,16,10000
619,2026-06-02T09:33:28.466812,41.06829082593322,,128,,True,,20.82395786419511,6.094125099480152,1,26.91808296367526,,20.24433296173811,7.7323331497609615,1,27.97666611149907,16,16,PHASE_COMPETITION,10000,19,128,16,16,10000
620,2026-06-02T09:33:28.528307,38.55720814317465,,128,,True,,19.441291224211454,6.245458964258432,1,25.686750188469887,,19.115916918963194,7.254540920257568,1,26.370457839220762,16,16,PHASE_COMPETITION,10000,20,128,16,16,10000
621,2026-06-02T09:33:28.689072,41.242375038564205,,128,,True,,21.30354242399335,6.677916273474693,1,27.981458697468042,,19.938832614570856,32.880499958992004,1,52.81933257356286,16,32,PHASE_COMPETITION,10000,1,128,16,32,10000
622,2026-06-02T09:33:28.756089,41.24845750629902,,128,,True,,21.02583274245262,6.6624172031879425,1,27.688249945640564,,20.222624763846397,8.368958253413439,1,28.591583017259836,16,32,PHASE_COMPETITION,10000,2,128,16,32,10000
623,2026-06-02T09:33:28.822846,40.598124731332064,,128,,True,,21.07774978503585,7.0950002409517765,1,28.172750025987625,,19.520374946296215,8.410291746258736,1,27.93066669255495,16,32,PHASE_COMPETITION,10000,3,128,16,32,10000
624,2026-06-02T09:33:28.894608,44.647791888564825,,128,,True,,22.49429188668728,7.34225008636713,1,29.83654197305441,,22.153500001877546,8.823125157505274,1,30.97662515938282,16,32,PHASE_COMPETITION,10000,4,128,16,32,10000
625,2026-06-02T09:33:28.964912,43.00866648554802,,128,,True,,22.273833863437176,7.219208870083094,1,29.49304273352027,,20.734832622110844,8.784249890595675,1,29.519082512706518,16,32,PHASE_COMPETITION,10000,5,128,16,32,10000
626,2026-06-02T09:33:29.035803,43.611749075353146,,128,,True,,22.578457836061716,6.90429238602519,1,29.482750222086906,,21.03329123929143,8.620916865766048,1,29.654208105057478,16,32,PHASE_COMPETITION,10000,6,128,16,32,10000
627,2026-06-02T09:33:29.104812,41.867208667099476,,128,,True,,21.762333810329437,6.9070421159267426,1,28.66937592625618,,20.10487485677004,8.658166974782944,1,28.763041831552982,16,32,PHASE_COMPETITION,10000,7,128,16,32,10000
628,2026-06-02T09:33:29.173924,42.582542169839144,,128,,True,,22.159666754305363,7.282834034413099,1,29.442500788718462,,20.42287541553378,8.528958074748516,1,28.951833490282297,16,32,PHASE_COMPETITION,10000,8,128,16,32,10000
629,2026-06-02T09:33:29.243612,42.664458975195885,,128,,True,,22.296208888292313,7.236500270664692,1,29.532709158957005,,20.368250086903572,8.704124949872494,1,29.072375036776066,16,32,PHASE_COMPETITION,10000,9,128,16,32,10000
630,2026-06-02T09:33:29.312051,42.0329999178648,,128,,True,,21.70666679739952,6.939167156815529,1,28.64583395421505,,20.32633312046528,8.667541202157736,1,28.993874322623014,16,32,PHASE_COMPETITION,10000,10,128,16,32,10000
631,2026-06-02T09:33:29.383540,43.98350091651082,,128,,True,,22.41433411836624,6.790084298700094,1,29.204418417066336,,21.56916679814458,9.04150027781725,1,30.61066707596183,16,32,PHASE_COMPETITION,10000,11,128,16,32,10000
632,2026-06-02T09:33:29.454258,41.950082406401634,,128,,True,,21.533040795475245,6.869874894618988,1,28.402915690094233,,20.41704161092639,8.696540724486113,1,29.113582335412502,16,32,PHASE_COMPETITION,10000,12,128,16,32,10000
633,2026-06-02T09:33:29.553995,44.23708328977227,,128,,True,,23.436666931957006,35.361332818865776,1,58.79799975082278,,20.800416357815266,9.052666835486889,1,29.853083193302155,16,32,PHASE_COMPETITION,10000,13,128,16,32,10000
634,2026-06-02T09:33:29.621991,41.22308315709233,,128,,True,,21.699583157896996,7.106916978955269,1,28.806500136852264,,19.523499999195337,8.497416041791439,1,28.020916040986776,16,32,PHASE_COMPETITION,10000,14,128,16,32,10000
635,2026-06-02T09:33:29.689474,41.44191602244973,,128,,True,,21.06512477621436,7.063208147883415,1,28.128332924097776,,20.37679124623537,8.003250230103731,1,28.380041476339102,16,32,PHASE_COMPETITION,10000,15,128,16,32,10000
636,2026-06-02T09:33:29.757778,41.71145847067237,,128,,True,,21.212583407759666,6.672749761492014,1,27.88533316925168,,20.498875062912703,8.42233281582594,1,28.92120787873864,16,32,PHASE_COMPETITION,10000,16,128,16,32,10000
637,2026-06-02T09:33:29.824885,40.65445903688669,,128,,True,,21.39070862904191,6.6668749786913395,1,28.05758360773325,,19.263750407844782,8.36879201233387,1,27.632542420178652,16,32,PHASE_COMPETITION,10000,17,128,16,32,10000
638,2026-06-02T09:33:29.892627,41.40483308583498,,128,,True,,21.165833342820406,7.152999751269817,1,28.318833094090223,,20.238999743014574,8.474208414554596,1,28.71320815756917,16,32,PHASE_COMPETITION,10000,18,128,16,32,10000
639,2026-06-02T09:33:29.960008,41.08324879780412,,128,,True,,20.970082841813564,7.104333955794573,1,28.074416797608137,,20.113165955990553,8.524165954440832,1,28.637331910431385,16,32,PHASE_COMPETITION,10000,19,128,16,32,10000
640,2026-06-02T09:33:30.027740,42.04541677609086,,128,,True,,21.44679194316268,7.09058390930295,1,28.53737585246563,,20.59862483292818,8.131958078593016,1,28.730582911521196,16,32,PHASE_COMPETITION,10000,20,128,16,32,10000
641,2026-06-02T09:33:30.212187,46.55204201117158,,128,,True,,24.59654211997986,8.480750024318695,1,33.07729214429855,,21.95549989119172,34.891792107373476,1,56.8472919985652,16,64,PHASE_COMPETITION,10000,1,128,16,64,10000
642,2026-06-02T09:33:30.289224,44.92454091086984,,128,,True,,24.531832896173,8.158707991242409,1,32.69054088741541,,20.392708014696836,9.964582975953817,1,30.357290990650654,16,64,PHASE_COMPETITION,10000,2,128,16,64,10000
643,2026-06-02T09:33:30.366564,45.0167921371758,,128,,True,,24.69150023534894,8.395125158131123,1,33.08662539348006,,20.32529190182686,9.879375342279673,1,30.20466724410653,16,64,PHASE_COMPETITION,10000,3,128,16,64,10000
644,2026-06-02T09:33:30.445154,46.68125044554472,,128,,True,,25.962750427424908,8.506875019520521,1,34.46962544694543,,20.718500018119812,10.045916773378849,1,30.76441679149866,16,64,PHASE_COMPETITION,10000,4,128,16,64,10000
645,2026-06-02T09:33:30.523789,46.364749781787395,,128,,True,,25.678582955151796,8.239791728556156,1,33.91837468370795,,20.6861668266356,10.045166127383709,1,30.731332954019308,16,64,PHASE_COMPETITION,10000,5,128,16,64,10000
646,2026-06-02T09:33:30.601832,45.48150021582842,,128,,True,,24.56245804205537,8.400416933000088,1,32.962874975055456,,20.91904217377305,9.94958309456706,1,30.86862526834011,16,64,PHASE_COMPETITION,10000,6,128,16,64,10000
647,2026-06-02T09:33:30.683876,50.18725013360381,,128,,True,,24.222209118306637,8.388542104512453,1,32.61075122281909,,25.965041015297174,9.836791083216667,1,35.80183209851384,16,64,PHASE_COMPETITION,10000,7,128,16,64,10000
648,2026-06-02T09:33:30.768660,51.89137486740947,,128,,True,,30.731499660760164,8.876540698111057,1,39.60804035887122,,21.159875206649303,10.167458094656467,1,31.32733330130577,16,64,PHASE_COMPETITION,10000,8,128,16,64,10000
649,2026-06-02T09:33:30.878013,50.644750241190195,,128,,True,,28.898416087031364,8.365708868950605,1,37.26412495598197,,21.74633415415883,10.181083343923092,1,31.927417498081923,16,64,PHASE_COMPETITION,10000,9,128,16,64,10000
650,2026-06-02T09:33:30.959354,48.583791591227055,,128,,True,,27.41645835340023,8.527291938662529,1,35.94375029206276,,21.167333237826824,9.97379096224904,1,31.141124200075865,16,64,PHASE_COMPETITION,10000,10,128,16,64,10000
651,2026-06-02T09:33:31.039157,46.02112388238311,,128,,True,,25.0145411118865,8.603750262409449,1,33.61829137429595,,21.006582770496607,9.934082627296448,1,30.940665397793055,16,64,PHASE_COMPETITION,10000,11,128,16,64,10000
652,2026-06-02T09:33:31.117178,45.813166070729494,,128,,True,,25.119957979768515,8.512916043400764,1,33.63287402316928,,20.69320809096098,10.214874986559153,1,30.908083077520132,16,64,PHASE_COMPETITION,10000,12,128,16,64,10000
653,2026-06-02T09:33:31.200730,49.5810410939157,,128,,True,,28.041125275194645,8.531749714165926,1,36.57287498936057,,21.539915818721056,10.281791910529137,1,31.821707729250193,16,64,PHASE_COMPETITION,10000,13,128,16,64,10000
654,2026-06-02T09:33:31.279380,45.682291965931654,,128,,True,,24.914124980568886,8.498833980411291,1,33.41295896098018,,20.768166985362768,9.874250274151564,1,30.642417259514332,16,64,PHASE_COMPETITION,10000,14,128,16,64,10000
655,2026-06-02T09:33:31.356238,45.12258293107152,,128,,True,,24.51541693881154,8.38837493211031,1,32.90379187092185,,20.60716599225998,9.915708098560572,1,30.52287409082055,16,64,PHASE_COMPETITION,10000,15,128,16,64,10000
656,2026-06-02T09:33:31.460501,47.473959159106016,,128,,True,,25.927875190973282,32.52199990674853,1,58.449875097721815,,21.546083968132734,10.191250126808882,1,31.737334094941616,16,64,PHASE_COMPETITION,10000,16,128,16,64,10000
657,2026-06-02T09:33:31.538761,45.881582889705896,,128,,True,,24.103540927171707,8.349125273525715,1,32.45266620069742,,21.77804196253419,9.995833039283752,1,31.77387500181794,16,64,PHASE_COMPETITION,10000,17,128,16,64,10000
658,2026-06-02T09:33:31.619835,48.076166305691004,,128,,True,,26.28012513741851,8.975207805633545,1,35.25533294305205,,21.796041168272495,10.286749806255102,1,32.0827909745276,16,64,PHASE_COMPETITION,10000,18,128,16,64,10000
659,2026-06-02T09:33:31.698390,45.7462090998888,,128,,True,,24.776209145784378,8.321958128362894,1,33.09816727414727,,20.969999954104424,10.186083149164915,1,31.15608310326934,16,64,PHASE_COMPETITION,10000,19,128,16,64,10000
660,2026-06-02T09:33:31.787765,55.869834031909704,,128,,True,,32.50562492758036,8.420541882514954,1,40.92616681009531,,23.364209104329348,11.055042035877705,1,34.41925114020705,16,64,PHASE_COMPETITION,10000,20,128,16,64,10000
661,2026-06-02T09:33:32.023940,61.51729263365269,,128,,True,,36.06400033459067,38.91575010493398,1,74.97975043952465,,25.453292299062014,12.910875026136637,1,38.36416732519865,16,128,PHASE_COMPETITION,10000,1,128,16,128,10000
662,2026-06-02T09:33:32.134173,59.48883295059204,,128,,True,,35.583707969635725,12.141333427280188,1,47.72504139691591,,23.905124980956316,13.004834298044443,1,36.90995927900076,16,128,PHASE_COMPETITION,10000,2,128,16,128,10000
663,2026-06-02T09:33:32.234886,56.5267913043499,,128,,True,,33.01154123619199,11.382500175386667,1,44.394041411578655,,23.51525006815791,13.02749989554286,1,36.54274996370077,16,128,PHASE_COMPETITION,10000,3,128,16,128,10000
664,2026-06-02T09:33:32.335823,56.69012479484081,,128,,True,,33.5079999640584,11.800209060311317,1,45.30820902436972,,23.182124830782413,12.891291175037622,1,36.073416005820036,16,128,PHASE_COMPETITION,10000,4,128,16,128,10000
665,2026-06-02T09:33:32.466991,59.618332888931036,,128,,True,,35.88179126381874,38.79004064947367,1,74.67183191329241,,23.736541625112295,13.200416695326567,1,36.93695832043886,16,128,PHASE_COMPETITION,10000,5,128,16,128,10000
666,2026-06-02T09:33:32.569738,58.60629212111235,,128,,True,,34.9871669895947,11.657875031232834,1,46.64504202082753,,23.61912513151765,12.845207937061787,1,36.464333068579435,16,128,PHASE_COMPETITION,10000,6,128,16,128,10000
667,2026-06-02T09:33:32.671581,57.75316571816802,,128,,True,,34.28812464699149,11.436499655246735,1,45.724624302238226,,23.46504107117653,13.104749843478203,1,36.56979091465473,16,128,PHASE_COMPETITION,10000,7,128,16,128,10000
668,2026-06-02T09:33:32.774024,57.72712407633662,,128,,True,,34.29154120385647,11.397375259548426,1,45.688916463404894,,23.435582872480154,13.376041781157255,1,36.81162465363741,16,128,PHASE_COMPETITION,10000,8,128,16,128,10000
669,2026-06-02T09:33:32.899376,56.36708391830325,,128,,True,,33.44612522050738,36.39283403754234,1,69.83895925804973,,22.920958697795868,12.962874956429005,1,35.88383365422487,16,128,PHASE_COMPETITION,10000,9,128,16,128,10000
670,2026-06-02T09:33:33.001284,57.54783330485225,,128,,True,,34.0981250628829,11.460958048701286,1,45.55908311158419,,23.449708241969347,13.591874856501818,1,37.041583098471165,16,128,PHASE_COMPETITION,10000,10,128,16,128,10000
671,2026-06-02T09:33:33.108898,60.682250652462244,,128,,True,,36.28820879384875,11.988624930381775,1,48.27683372423053,,24.39404185861349,13.592999894171953,1,37.987041752785444,16,128,PHASE_COMPETITION,10000,11,128,16,128,10000
672,2026-06-02T09:33:33.214074,59.26400003954768,,128,,True,,35.58208281174302,11.601374950259924,1,47.183457762002945,,23.68191722780466,14.331957791000605,1,38.013875018805265,16,128,PHASE_COMPETITION,10000,12,128,16,128,10000
673,2026-06-02T09:33:33.343454,61.01399986073375,,128,,True,,37.79600001871586,11.504624970257282,1,49.30062498897314,,23.21799984201789,13.031417038291693,1,36.24941688030958,16,128,PHASE_COMPETITION,10000,13,128,16,128,10000
674,2026-06-02T09:33:33.447529,58.99200076237321,,128,,True,,34.39508378505707,11.391124688088894,1,45.78620847314596,,24.59691697731614,13.927875086665154,1,38.524792063981295,16,128,PHASE_COMPETITION,10000,14,128,16,128,10000
675,2026-06-02T09:33:33.547983,56.74170795828104,,128,,True,,33.719874918460846,11.452999897301197,1,45.17287481576204,,23.021833039820194,12.739541009068489,1,35.76137404888868,16,128,PHASE_COMPETITION,10000,15,128,16,128,10000
676,2026-06-02T09:33:33.653606,60.78408192843199,,128,,True,,37.21754113212228,11.722458992153406,1,48.940000124275684,,23.56654079630971,13.318500015884638,1,36.88504081219435,16,128,PHASE_COMPETITION,10000,16,128,16,128,10000
677,2026-06-02T09:33:33.782859,57.5662087649107,,128,,True,,33.24945876374841,11.511667165905237,1,44.761125929653645,,24.31675000116229,12.95654196292162,1,37.27329196408391,16,128,PHASE_COMPETITION,10000,17,128,16,128,10000
678,2026-06-02T09:33:33.883787,56.768166832625866,,128,,True,,33.60812505707145,11.364834383130074,1,44.97295944020152,,23.16004177555442,13.04887467995286,1,36.20891645550728,16,128,PHASE_COMPETITION,10000,18,128,16,128,10000
679,2026-06-02T09:33:33.984706,56.6069595515728,,128,,True,,33.17716717720032,11.68812531977892,1,44.86529249697924,,23.429792374372482,12.792500201612711,1,36.22229257598519,16,128,PHASE_COMPETITION,10000,19,128,16,128,10000
680,2026-06-02T09:33:34.086531,57.73529130965471,,128,,True,,33.13045809045434,11.338416021317244,1,44.468874111771584,,24.604833219200373,13.169208075851202,1,37.774041295051575,16,128,PHASE_COMPETITION,10000,20,128,16,128,10000
681,2026-06-02T09:33:34.476224,100.41899979114532,,128,,True,,55.96370901912451,17.714541405439377,1,73.67825042456388,,44.45529077202082,44.02870777994394,1,88.48399855196476,16,256,PHASE_COMPETITION,10000,1,128,16,256,10000
682,2026-06-02T09:33:34.653172,106.80691618472338,,128,,True,,60.67391624674201,18.268708139657974,1,78.94262438639998,,46.13299993798137,19.973082933574915,1,66.10608287155628,16,256,PHASE_COMPETITION,10000,2,128,16,256,10000
683,2026-06-02T09:33:34.883700,129.21708263456821,,128,,True,,85.3864997625351,17.983125057071447,1,103.36962481960654,,43.83058287203312,51.14470887929201,1,94.97529175132513,16,256,PHASE_COMPETITION,10000,3,128,16,256,10000
684,2026-06-02T09:33:35.051650,98.91254175454378,,128,,True,,55.62062468379736,17.52174971625209,1,73.14237440004945,,43.29191707074642,19.7654590010643,1,63.05737607181072,16,256,PHASE_COMPETITION,10000,4,128,16,256,10000
685,2026-06-02T09:33:35.248201,97.52212464809418,,128,,True,,55.12608261778951,18.378749955445528,1,73.50483257323503,,42.39604203030467,46.89433379098773,1,89.2903758212924,16,256,PHASE_COMPETITION,10000,5,128,16,256,10000
686,2026-06-02T09:33:35.418733,101.26004088670015,,128,,True,,57.82424984499812,17.643958795815706,1,75.46820864081383,,43.43579104170203,19.42158304154873,1,62.85737408325076,16,256,PHASE_COMPETITION,10000,6,128,16,256,10000
687,2026-06-02T09:33:35.611803,97.42391714826226,,128,,True,,54.395291954278946,17.71899964660406,1,72.114291600883,,43.028625193983316,45.473416801542044,1,88.50204199552536,16,256,PHASE_COMPETITION,10000,7,128,16,256,10000
688,2026-06-02T09:33:35.784268,100.25345766916871,,128,,True,,56.178624741733074,18.254541791975498,1,74.43316653370857,,44.07483292743564,20.34083381295204,1,64.41566674038768,16,256,PHASE_COMPETITION,10000,8,128,16,256,10000
689,2026-06-02T09:33:35.991818,108.50741574540734,,128,,True,,60.30570808798075,18.791500013321638,1,79.09720810130239,,48.201707657426596,47.551208175718784,1,95.75291583314538,16,256,PHASE_COMPETITION,10000,9,128,16,256,10000
690,2026-06-02T09:33:36.175402,110.99962377920747,,128,,True,,64.96008299291134,18.33670912310481,1,83.29679211601615,,46.03954078629613,20.456249825656414,1,66.49579061195254,16,256,PHASE_COMPETITION,10000,10,128,16,256,10000
691,2026-06-02T09:33:36.375387,100.68579204380512,,128,,True,,57.889374904334545,47.016582917422056,1,104.9059578217566,,42.79641713947058,19.40062502399087,1,62.19704216346145,16,256,PHASE_COMPETITION,10000,11,128,16,256,10000
692,2026-06-02T09:33:36.546793,101.66129190474749,,128,,True,,57.680000085383654,18.156875390559435,1,75.83687547594309,,43.98129181936383,19.377124961465597,1,63.35841678082943,16,256,PHASE_COMPETITION,10000,12,128,16,256,10000
693,2026-06-02T09:33:36.740900,98.74662477523088,,128,,True,,55.00812456011772,43.28754171729088,1,98.2956662774086,,43.73850021511316,19.245583098381758,1,62.98408331349492,16,256,PHASE_COMPETITION,10000,13,128,16,256,10000
694,2026-06-02T09:33:36.913757,102.47854189947248,,128,,True,,58.53616679087281,17.7609589882195,1,76.29712577909231,,43.94237510859966,20.31637541949749,1,64.25875052809715,16,256,PHASE_COMPETITION,10000,14,128,16,256,10000
695,2026-06-02T09:33:37.108428,98.41983392834663,,128,,True,,54.350499995052814,17.821792047470808,1,72.17229204252362,,44.06933393329382,45.82337522879243,1,89.89270916208625,16,256,PHASE_COMPETITION,10000,15,128,16,256,10000
696,2026-06-02T09:33:37.276697,98.79220789298415,,128,,True,,56.843457743525505,17.79833296313882,1,74.64179070666432,,41.94875014945865,19.52200010418892,1,61.470750253647566,16,256,PHASE_COMPETITION,10000,16,128,16,256,10000
697,2026-06-02T09:33:37.478426,100.27495911344886,,128,,True,,57.0210418663919,17.264374997466803,1,74.2854168638587,,43.25391724705696,52.419207990169525,1,95.67312523722649,16,256,PHASE_COMPETITION,10000,17,128,16,256,10000
698,2026-06-02T09:33:37.649606,102.2002911195159,,128,,True,,58.7847912684083,17.40941684693098,1,76.19420811533928,,43.4154998511076,19.419958349317312,1,62.83545820042491,16,256,PHASE_COMPETITION,10000,18,128,16,256,10000
699,2026-06-02T09:33:37.847502,99.40862469375134,,128,,True,,55.532666854560375,18.85437499731779,1,74.38704185187817,,43.87595783919096,46.45820800215006,1,90.33416584134102,16,256,PHASE_COMPETITION,10000,19,128,16,256,10000
700,2026-06-02T09:33:38.017747,101.05337481945753,,128,,True,,57.3211251758039,17.690499778836966,1,75.01162495464087,,43.73224964365363,19.289167132228613,1,63.021416775882244,16,256,PHASE_COMPETITION,10000,20,128,16,256,10000
701,2026-06-02T09:33:38.753448,222.70312486216426,,128,,True,,117.02287523075938,57.81904188916087,1,174.84191711992025,,105.68024963140488,32.22612477838993,1,137.9063744097948,16,512,PHASE_COMPETITION,10000,1,128,16,512,10000
702,2026-06-02T09:33:39.126748,221.8221672810614,,128,,True,,118.4297502040863,57.392749935388565,1,175.82250013947487,,103.39241707697511,31.452833209186792,1,134.8452502861619,16,512,PHASE_COMPETITION,10000,2,128,16,512,10000
703,2026-06-02T09:33:39.523659,233.13916753977537,,128,,True,,127.26287543773651,61.61629222333431,1,188.87916766107082,,105.87629210203886,39.210000075399876,1,145.08629217743874,16,512,PHASE_COMPETITION,10000,3,128,16,512,10000
704,2026-06-02T09:33:39.901090,226.7941660247743,,128,,True,,122.96208320185542,58.260458055883646,1,181.22254125773907,,103.83208282291889,31.86712460592389,1,135.69920742884278,16,512,PHASE_COMPETITION,10000,4,128,16,512,10000
705,2026-06-02T09:33:40.272924,218.1541663594544,,128,,True,,117.42491601034999,29.594082850962877,1,147.01899886131287,,100.7292503491044,62.88254214450717,1,163.61179249361157,16,512,PHASE_COMPETITION,10000,5,128,16,512,10000
706,2026-06-02T09:33:40.636446,214.7605842910707,,128,,True,,111.73575045540929,30.019666999578476,1,141.75541745498776,,103.02483383566141,57.822625152766705,1,160.84745898842812,16,512,PHASE_COMPETITION,10000,6,128,16,512,10000
707,2026-06-02T09:33:41.018215,229.2778338305652,,128,,True,,116.67362507432699,29.50674993917346,1,146.18037501350045,,112.60420875623822,62.07770807668567,1,174.6819168329239,16,512,PHASE_COMPETITION,10000,7,128,16,512,10000
708,2026-06-02T09:33:41.399689,226.45312501117587,,128,,True,,126.6180002130568,29.88620800897479,1,156.5042082220316,,99.83512479811907,62.802750151604414,1,162.63787494972348,16,512,PHASE_COMPETITION,10000,8,128,16,512,10000
709,2026-06-02T09:33:41.797689,241.31554132327437,,128,,True,,120.1256662607193,30.13083292171359,1,150.2564991824329,,121.18987506255507,62.38616677001119,1,183.57604183256626,16,512,PHASE_COMPETITION,10000,9,128,16,512,10000
710,2026-06-02T09:33:42.180618,219.1072916612029,,128,,True,,118.6817497946322,33.34124991670251,1,152.0229997113347,,100.42554186657071,61.627875082194805,1,162.05341694876552,16,512,PHASE_COMPETITION,10000,10,128,16,512,10000
711,2026-06-02T09:33:42.554754,220.44862527400255,,128,,True,,115.9797920845449,30.971582978963852,1,146.95137506350875,,104.46883318945765,61.47062499076128,1,165.93945818021894,16,512,PHASE_COMPETITION,10000,11,128,16,512,10000
712,2026-06-02T09:33:42.902057,219.55070924013853,,128,,True,,114.14991691708565,30.80308297649026,1,144.9529998935759,,105.40079232305288,31.940165907144547,1,137.34095823019743,16,512,PHASE_COMPETITION,10000,12,128,16,512,10000
713,2026-06-02T09:33:43.308068,244.3664171732962,,128,,True,,128.5580419935286,33.61558401957154,1,162.17362601310015,,115.80837517976761,33.32637483254075,1,149.13475001230836,16,512,PHASE_COMPETITION,10000,13,128,16,512,10000
714,2026-06-02T09:33:43.681912,221.23858332633972,,128,,True,,119.08870795741677,30.094250105321407,1,149.18295806273818,,102.14987536892295,32.12695894762874,1,134.27683431655169,16,512,PHASE_COMPETITION,10000,14,128,16,512,10000
715,2026-06-02T09:33:44.065872,231.20058234781027,,128,,True,,124.79891674593091,29.68316711485386,1,154.48208386078477,,106.40166560187936,32.7928327023983,1,139.19449830427766,16,512,PHASE_COMPETITION,10000,15,128,16,512,10000
716,2026-06-02T09:33:44.437256,219.85154319554567,,128,,True,,114.55845925956964,29.7674173489213,1,144.32587660849094,,105.29308393597603,31.979000195860863,1,137.2720841318369,16,512,PHASE_COMPETITION,10000,16,128,16,512,10000
717,2026-06-02T09:33:44.814438,217.44220796972513,,128,,True,,117.06237494945526,30.060499906539917,1,147.12287485599518,,100.37983302026987,32.159500289708376,1,132.53933330997825,16,512,PHASE_COMPETITION,10000,17,128,16,512,10000
718,2026-06-02T09:33:45.183622,217.31945825740695,,128,,True,,115.70966616272926,30.149916652590036,1,145.8595828153193,,101.60979209467769,31.54362505301833,1,133.15341714769602,16,512,PHASE_COMPETITION,10000,18,128,16,512,10000
719,2026-06-02T09:33:45.550050,216.21512481942773,,128,,True,,110.17708294093609,29.6124997548759,1,139.789582695812,,106.03804187849164,32.72216580808163,1,138.76020768657327,16,512,PHASE_COMPETITION,10000,19,128,16,512,10000
720,2026-06-02T09:33:45.923530,222.62479085475206,,128,,True,,119.19120792299509,57.78562510386109,1,176.97683302685618,,103.43358293175697,31.741959042847157,1,135.17554197460413,16,512,PHASE_COMPETITION,10000,20,128,16,512,10000
721,2026-06-02T09:33:46.849960,62.0747497305274,,128,,True,,30.715583823621273,5.8120000176131725,1,36.527583841234446,,31.359165906906128,6.597792264074087,1,37.956958170980215,32,2,PHASE_COMPETITION,10000,1,128,32,2,10000
722,2026-06-02T09:33:46.957986,62.31841677799821,,128,,True,,30.231541953980923,5.232417024672031,1,35.463958978652954,,32.086874824017286,31.575750093907118,1,63.662624917924404,32,2,PHASE_COMPETITION,10000,2,128,32,2,10000
723,2026-06-02T09:33:47.038747,60.71516731753945,,128,,True,,29.857625253498554,5.597791168838739,1,35.455416422337294,,30.8575420640409,6.551417056471109,1,37.40895912051201,32,2,PHASE_COMPETITION,10000,3,128,32,2,10000
724,2026-06-02T09:33:47.128250,68.23195796459913,,128,,True,,30.083542224019766,5.248417146503925,1,35.33195937052369,,38.14841574057937,7.378290873020887,1,45.526706613600254,32,2,PHASE_COMPETITION,10000,4,128,32,2,10000
725,2026-06-02T09:33:47.210029,61.75275007262826,,128,,True,,29.72312504425645,5.546833388507366,1,35.269958432763815,,32.02962502837181,6.580916233360767,1,38.61054126173258,32,2,PHASE_COMPETITION,10000,5,128,32,2,10000
726,2026-06-02T09:33:47.293136,62.18154076486826,,128,,True,,29.652582947164774,5.267625208944082,1,34.920208156108856,,32.528957817703485,7.036749739199877,1,39.56570755690336,32,2,PHASE_COMPETITION,10000,6,128,32,2,10000
727,2026-06-02T09:33:47.376026,62.7297917380929,,128,,True,,30.14220902696252,5.313209258019924,1,35.45541828498244,,32.58758271113038,6.900082807987928,1,39.48766551911831,32,2,PHASE_COMPETITION,10000,7,128,32,2,10000
728,2026-06-02T09:33:47.457862,61.02183321490884,,128,,True,,29.986124951392412,5.789250135421753,1,35.775375086814165,,31.035708263516426,6.979125086218119,1,38.014833349734545,32,2,PHASE_COMPETITION,10000,8,128,32,2,10000
729,2026-06-02T09:33:47.538741,60.75833272188902,,128,,True,,29.316249769181013,5.275958217680454,1,34.59220798686147,,31.442082952708006,6.747833918780088,1,38.189916871488094,32,2,PHASE_COMPETITION,10000,9,128,32,2,10000
730,2026-06-02T09:33:47.619796,61.049167066812515,,128,,True,,30.39704216644168,5.566083826124668,1,35.96312599256635,,30.652124900370836,6.583749782294035,1,37.23587468266487,32,2,PHASE_COMPETITION,10000,10,128,32,2,10000
731,2026-06-02T09:33:47.702389,61.882583890110254,,128,,True,,29.325000010430813,5.252750124782324,1,34.57775013521314,,32.55758387967944,6.931333336979151,1,39.48891721665859,32,2,PHASE_COMPETITION,10000,11,128,32,2,10000
732,2026-06-02T09:33:47.783998,61.18175107985735,,128,,True,,29.10258388146758,5.272834096103907,1,34.37541797757149,,32.07916719838977,7.058874703943729,1,39.1380419023335,32,2,PHASE_COMPETITION,10000,12,128,32,2,10000
733,2026-06-02T09:33:47.867526,62.599957920610905,,128,,True,,30.844875145703554,5.793457850813866,1,36.63833299651742,,31.75508277490735,7.0030419155955315,1,38.75812469050288,32,2,PHASE_COMPETITION,10000,13,128,32,2,10000
734,2026-06-02T09:33:47.954218,65.87633257731795,,128,,True,,33.26533269137144,5.2674575708806515,1,38.53279026225209,,32.61099988594651,7.31312483549118,1,39.92412472143769,32,2,PHASE_COMPETITION,10000,14,128,32,2,10000
735,2026-06-02T09:33:48.036628,61.544541735202074,,128,,True,,29.76299962028861,5.824333988130093,1,35.5873336084187,,31.781542114913464,6.726459134370089,1,38.50800124928355,32,2,PHASE_COMPETITION,10000,15,128,32,2,10000
736,2026-06-02T09:33:48.119287,61.560374684631824,,128,,True,,29.61012488231063,5.287874955683947,1,34.897999837994576,,31.950249802321196,6.9066667929291725,1,38.85691659525037,32,2,PHASE_COMPETITION,10000,16,128,32,2,10000
737,2026-06-02T09:33:48.228886,63.61045828089118,,128,,True,,30.55737493559718,5.5927918292582035,1,36.150166764855385,,33.053083345294,32.10837487131357,1,65.16145821660757,32,2,PHASE_COMPETITION,10000,17,128,32,2,10000
738,2026-06-02T09:33:48.309816,60.29566656798124,,128,,True,,29.548666905611753,5.25674968957901,1,34.80541659519076,,30.74699966236949,6.797083653509617,1,37.54408331587911,32,2,PHASE_COMPETITION,10000,18,128,32,2,10000
739,2026-06-02T09:33:48.392493,62.40391684696078,,128,,True,,30.29099991545081,5.5287079885602,1,35.81970790401101,,32.11291693150997,6.625167094171047,1,38.73808402568102,32,2,PHASE_COMPETITION,10000,19,128,32,2,10000
740,2026-06-02T09:33:48.475071,61.83262588456273,,128,,True,,29.109917115420103,5.238582845777273,1,34.348499961197376,,32.72270876914263,7.070249877870083,1,39.79295864701271,32,2,PHASE_COMPETITION,10000,20,128,32,2,10000
741,2026-06-02T09:33:48.642900,63.66024864837527,,128,,True,,29.846583027392626,5.8624171651899815,1,35.70900019258261,,33.81366562098265,7.130458019673824,1,40.94412364065647,32,4,PHASE_COMPETITION,10000,1,128,32,4,10000
742,2026-06-02T09:33:48.734066,69.91245783865452,,128,,True,,36.736249923706055,5.522791761904955,1,42.25904168561101,,33.17620791494846,7.0426249876618385,1,40.2188329026103,32,4,PHASE_COMPETITION,10000,2,128,32,4,10000
743,2026-06-02T09:33:48.819168,63.67133278399706,,128,,True,,31.769332941621542,5.945916753262281,1,37.71524969488382,,31.901999842375517,6.690541747957468,1,38.592541590332985,32,4,PHASE_COMPETITION,10000,3,128,32,4,10000
744,2026-06-02T09:33:48.904142,63.10979230329394,,128,,True,,30.550125055015087,5.354708060622215,1,35.9048331156373,,32.559667248278856,7.111291866749525,1,39.67095911502838,32,4,PHASE_COMPETITION,10000,4,128,32,4,10000
745,2026-06-02T09:33:48.986952,62.205375637859106,,128,,True,,31.564959324896336,5.406749900430441,1,36.97170922532678,,30.64041631296277,7.096082903444767,1,37.73649921640754,32,4,PHASE_COMPETITION,10000,5,128,32,4,10000
746,2026-06-02T09:33:49.070981,62.19299975782633,,128,,True,,30.702666845172644,5.9318747371435165,1,36.63454158231616,,31.490332912653685,7.2993328794837,1,38.789665792137384,32,4,PHASE_COMPETITION,10000,6,128,32,4,10000
747,2026-06-02T09:33:49.156954,65.39874896407127,,128,,True,,32.46929123997688,5.459874868392944,1,37.92916610836983,,32.92945772409439,7.051374763250351,1,39.98083248734474,32,4,PHASE_COMPETITION,10000,7,128,32,4,10000
748,2026-06-02T09:33:49.241872,64.08695876598358,,128,,True,,31.87629207968712,5.9897080063819885,1,37.86600008606911,,32.21066668629646,6.668750196695328,1,38.87941688299179,32,4,PHASE_COMPETITION,10000,8,128,32,4,10000
749,2026-06-02T09:33:49.325513,62.347708735615015,,128,,True,,30.194333754479885,5.452709272503853,1,35.64704302698374,,32.15337498113513,6.948875263333321,1,39.10225024446845,32,4,PHASE_COMPETITION,10000,9,128,32,4,10000
750,2026-06-02T09:33:49.409903,63.637166749686,,128,,True,,31.53233276680112,5.744500085711479,1,37.2768328525126,,32.104833982884884,6.749083288013935,1,38.85391727089882,32,4,PHASE_COMPETITION,10000,10,128,32,4,10000
751,2026-06-02T09:33:49.517231,62.545291148126125,,128,,True,,31.039374880492687,5.368542391806841,1,36.40791727229953,,31.505916267633438,30.7927499525249,1,62.29866622015834,32,4,PHASE_COMPETITION,10000,11,128,32,4,10000
752,2026-06-02T09:33:49.600552,62.664542347192764,,128,,True,,30.40362522006035,5.500040948390961,1,35.90366616845131,,32.260917127132416,6.694292183965445,1,38.95520931109786,32,4,PHASE_COMPETITION,10000,12,128,32,4,10000
753,2026-06-02T09:33:49.684976,62.9803747870028,,128,,True,,31.40487475320697,5.4252916015684605,1,36.83016635477543,,31.575500033795834,7.055083755403757,1,38.63058378919959,32,4,PHASE_COMPETITION,10000,13,128,32,4,10000
754,2026-06-02T09:33:49.769778,63.97675024345517,,128,,True,,30.553000047802925,5.400625057518482,1,35.95362510532141,,33.42375019565225,7.1637919172644615,1,40.58754211291671,32,4,PHASE_COMPETITION,10000,14,128,32,4,10000
755,2026-06-02T09:33:49.862596,71.49520888924599,,128,,True,,35.35354183986783,5.870708264410496,1,41.224250104278326,,36.14166704937816,7.385042030364275,1,43.52670907974243,32,4,PHASE_COMPETITION,10000,15,128,32,4,10000
756,2026-06-02T09:33:49.962534,77.60770805180073,,128,,True,,38.65512507036328,5.721749737858772,1,44.376874808222055,,38.952582981437445,7.6329996809363365,1,46.58558266237378,32,4,PHASE_COMPETITION,10000,16,128,32,4,10000
757,2026-06-02T09:33:50.070715,79.43045813590288,,128,,True,,43.94820798188448,6.658750120550394,1,50.606958102434874,,35.4822501540184,7.140709087252617,1,42.62295924127102,32,4,PHASE_COMPETITION,10000,17,128,32,4,10000
758,2026-06-02T09:33:50.159537,66.72266544774175,,128,,True,,32.226374838501215,5.741124972701073,1,37.96749981120229,,34.49629060924053,7.203124929219484,1,41.699415538460016,32,4,PHASE_COMPETITION,10000,18,128,32,4,10000
759,2026-06-02T09:33:50.247185,66.29629200324416,,128,,True,,32.73474983870983,5.520791746675968,1,38.2555415853858,,33.56154216453433,7.285458035767078,1,40.84700020030141,32,4,PHASE_COMPETITION,10000,19,128,32,4,10000
760,2026-06-02T09:33:50.336759,67.57441675290465,,128,,True,,33.428417053073645,6.132790818810463,1,39.56120787188411,,34.14599969983101,7.236209232360125,1,41.38220893219113,32,4,PHASE_COMPETITION,10000,20,128,32,4,10000
761,2026-06-02T09:33:50.507591,62.72875005379319,,128,,True,,32.15241711586714,6.169999949634075,1,38.32241706550121,,30.576332937926054,6.910958793014288,1,37.48729173094034,32,8,PHASE_COMPETITION,10000,1,128,32,8,10000
762,2026-06-02T09:33:50.592347,62.351749278604984,,128,,True,,30.118583235889673,5.6473747827112675,1,35.76595801860094,,32.23316604271531,7.175750099122524,1,39.408916141837835,32,8,PHASE_COMPETITION,10000,2,128,32,8,10000
763,2026-06-02T09:33:50.676985,63.38879186660051,,128,,True,,31.578083988279104,5.882167257368565,1,37.46025124564767,,31.81070787832141,6.925666704773903,1,38.73637458309531,32,8,PHASE_COMPETITION,10000,3,128,32,8,10000
764,2026-06-02T09:33:50.762658,63.12816729769111,,128,,True,,32.35391713678837,5.585792008787394,1,37.93970914557576,,30.77425016090274,7.678917143493891,1,38.45316730439663,32,8,PHASE_COMPETITION,10000,4,128,32,8,10000
765,2026-06-02T09:33:50.847427,63.406458124518394,,128,,True,,31.417000107467175,5.617958027869463,1,37.03495813533664,,31.98945801705122,7.467417046427727,1,39.45687506347895,32,8,PHASE_COMPETITION,10000,5,128,32,8,10000
766,2026-06-02T09:33:50.958420,64.3830825574696,,128,,True,,33.29112473875284,31.176624819636345,1,64.46774955838919,,31.091957818716764,6.8368748761713505,1,37.928832694888115,32,8,PHASE_COMPETITION,10000,6,128,32,8,10000
767,2026-06-02T09:33:51.046152,65.73808379471302,,128,,True,,33.50020898506045,5.619083996862173,1,39.11929298192263,,32.23787480965257,7.1983328089118,1,39.43620761856437,32,8,PHASE_COMPETITION,10000,7,128,32,8,10000
768,2026-06-02T09:33:51.130509,62.298249918967485,,128,,True,,31.242207624018192,6.137792021036148,1,37.37999964505434,,31.056042294949293,7.258084136992693,1,38.314126431941986,32,8,PHASE_COMPETITION,10000,8,128,32,8,10000
769,2026-06-02T09:33:51.215112,62.99012526869774,,128,,True,,30.93212516978383,5.572666879743338,1,36.50479204952717,,32.05800009891391,7.1923332288861275,1,39.250333327800035,32,8,PHASE_COMPETITION,10000,9,128,32,8,10000
770,2026-06-02T09:33:51.299211,62.617582734674215,,128,,True,,31.492082867771387,5.938207730650902,1,37.43029059842229,,31.125499866902828,6.834249943494797,1,37.959749810397625,32,8,PHASE_COMPETITION,10000,10,128,32,8,10000
771,2026-06-02T09:33:51.384340,63.187042251229286,,128,,True,,32.7653749845922,5.532332696020603,1,38.2977076806128,,30.421667266637087,7.293417118489742,1,37.71508438512683,32,8,PHASE_COMPETITION,10000,11,128,32,8,10000
772,2026-06-02T09:33:51.468581,62.56662542000413,,128,,True,,31.121875159442425,5.581750068813562,1,36.70362522825599,,31.444750260561705,7.324125152081251,1,38.768875412642956,32,8,PHASE_COMPETITION,10000,12,128,32,8,10000
773,2026-06-02T09:33:51.552954,62.5089998356998,,128,,True,,31.43674973398447,6.110916845500469,1,37.54766657948494,,31.072250101715326,7.335999980568886,1,38.40825008228421,32,8,PHASE_COMPETITION,10000,13,128,32,8,10000
774,2026-06-02T09:33:51.638799,64.40225010737777,,128,,True,,31.741625163704157,5.688167177140713,1,37.42979234084487,,32.66062494367361,7.362791802734137,1,40.02341674640775,32,8,PHASE_COMPETITION,10000,14,128,32,8,10000
775,2026-06-02T09:33:51.724097,63.47787519916892,,128,,True,,31.995416153222322,6.221040617674589,1,38.21645677089691,,31.482459045946598,6.866333074867725,1,38.34879212081432,32,8,PHASE_COMPETITION,10000,15,128,32,8,10000
776,2026-06-02T09:33:51.810023,63.57291713356972,,128,,True,,31.378999818116426,5.596083123236895,1,36.97508294135332,,32.19391731545329,7.169125135987997,1,39.36304245144129,32,8,PHASE_COMPETITION,10000,16,128,32,8,10000
777,2026-06-02T09:33:51.893837,62.078291084617376,,128,,True,,30.166333075612783,5.87170897051692,1,36.0380420461297,,31.911958009004593,6.95304200053215,1,38.86500000953674,32,8,PHASE_COMPETITION,10000,17,128,32,8,10000
778,2026-06-02T09:33:51.978591,62.55816714838147,,128,,True,,30.3167924284935,5.561291705816984,1,35.878084134310484,,32.24137471988797,7.441832683980465,1,39.68320740386844,32,8,PHASE_COMPETITION,10000,18,128,32,8,10000
779,2026-06-02T09:33:52.073766,66.6293753311038,,128,,True,,34.73550034686923,12.339499779045582,1,47.07500012591481,,31.89387498423457,7.582375314086676,1,39.47625029832125,32,8,PHASE_COMPETITION,10000,19,128,32,8,10000
780,2026-06-02T09:33:52.159151,63.048332929611206,,128,,True,,31.098832841962576,6.131958216428757,1,37.23079105839133,,31.94950008764863,7.482749875634909,1,39.43224996328354,32,8,PHASE_COMPETITION,10000,20,128,32,8,10000
781,2026-06-02T09:33:52.362583,66.66933326050639,,128,,True,,32.970750238746405,6.498207803815603,1,39.46895804256201,,33.69858302175999,7.786416914314032,1,41.48499993607402,32,16,PHASE_COMPETITION,10000,1,128,32,16,10000
782,2026-06-02T09:33:52.454299,68.66141641512513,,128,,True,,35.61137476935983,5.9868330135941505,1,41.59820778295398,,33.050041645765305,7.734624668955803,1,40.78466631472111,32,16,PHASE_COMPETITION,10000,2,128,32,16,10000
783,2026-06-02T09:33:52.544813,67.01366743072867,,128,,True,,34.509167075157166,5.930624902248383,1,40.43979197740555,,32.50450035557151,7.6895421370863914,1,40.1940424926579,32,16,PHASE_COMPETITION,10000,3,128,32,16,10000
784,2026-06-02T09:33:52.636446,68.6047081835568,,128,,True,,35.919166170060635,6.406082771718502,1,42.32524894177914,,32.68554201349616,7.384791970252991,1,40.07033398374915,32,16,PHASE_COMPETITION,10000,4,128,32,16,10000
785,2026-06-02T09:33:52.727400,66.98316615074873,,128,,True,,33.76479120925069,6.041790824383497,1,39.806582033634186,,33.21837494149804,7.726083975285292,1,40.94445891678333,32,16,PHASE_COMPETITION,10000,5,128,32,16,10000
786,2026-06-02T09:33:52.816739,66.42708322033286,,128,,True,,34.2229581438005,6.376042030751705,1,40.5990001745522,,32.204125076532364,7.270040921866894,1,39.47416599839926,32,16,PHASE_COMPETITION,10000,6,128,32,16,10000
787,2026-06-02T09:33:52.905906,65.46062603592873,,128,,True,,33.25241710990667,6.0162921436131,1,39.26870925351977,,32.20820892602205,7.686750032007694,1,39.89495895802975,32,16,PHASE_COMPETITION,10000,7,128,32,16,10000
788,2026-06-02T09:33:52.995985,66.61841599270701,,128,,True,,33.96225022152066,6.50908425450325,1,40.47133447602391,,32.65616577118635,7.687042001634836,1,40.34320777282119,32,16,PHASE_COMPETITION,10000,8,128,32,16,10000
789,2026-06-02T09:33:53.090579,70.99604094401002,,128,,True,,36.87312500551343,5.912333261221647,1,42.78545826673508,,34.12291593849659,8.175292052328587,1,42.298207990825176,32,16,PHASE_COMPETITION,10000,9,128,32,16,10000
790,2026-06-02T09:33:53.180744,66.24241592362523,,128,,True,,33.49183266982436,6.701457779854536,1,40.1932904496789,,32.75058325380087,7.853125222027302,1,40.60370847582817,32,16,PHASE_COMPETITION,10000,10,128,32,16,10000
791,2026-06-02T09:33:53.270037,65.86016714572906,,128,,True,,33.25537499040365,5.972667131572962,1,39.228042121976614,,32.60479215532541,7.824917323887348,1,40.42970947921276,32,16,PHASE_COMPETITION,10000,11,128,32,16,10000
792,2026-06-02T09:33:53.365392,71.36466726660728,,128,,True,,34.79541698470712,5.965500138700008,1,40.760917123407125,,36.56925028190017,7.694917265325785,1,44.26416754722595,32,16,PHASE_COMPETITION,10000,12,128,32,16,10000
793,2026-06-02T09:33:53.453620,65.17791654914618,,128,,True,,33.06774981319904,6.290624849498272,1,39.358374662697315,,32.11016673594713,7.3080407455563545,1,39.41820748150349,32,16,PHASE_COMPETITION,10000,13,128,32,16,10000
794,2026-06-02T09:33:53.542284,64.6899570710957,,128,,True,,33.06391602382064,6.046415772289038,1,39.110331796109676,,31.626041047275066,7.605750113725662,1,39.23179116100073,32,16,PHASE_COMPETITION,10000,14,128,32,16,10000
795,2026-06-02T09:33:53.653637,64.80833422392607,,128,,True,,32.32425032183528,29.883709270507097,1,62.20795959234238,,32.48408390209079,7.349166087806225,1,39.83324998989701,32,16,PHASE_COMPETITION,10000,15,128,32,16,10000
796,2026-06-02T09:33:53.743632,66.04245817288756,,128,,True,,33.533708192408085,6.12820778042078,1,39.661915972828865,,32.50874998047948,7.5909169390797615,1,40.09966691955924,32,16,PHASE_COMPETITION,10000,16,128,32,16,10000
797,2026-06-02T09:33:53.832784,65.5608344823122,,128,,True,,33.893334213644266,6.6308751702308655,1,40.52420938387513,,31.667500268667936,7.764250040054321,1,39.43175030872226,32,16,PHASE_COMPETITION,10000,17,128,32,16,10000
798,2026-06-02T09:33:53.922281,66.17804151028395,,128,,True,,33.68591656908393,5.998583044856787,1,39.684499613940716,,32.49212494120002,7.772875018417835,1,40.26499995961785,32,16,PHASE_COMPETITION,10000,18,128,32,16,10000
799,2026-06-02T09:33:54.010995,65.26579055935144,,128,,True,,33.863290678709745,5.9189582243561745,1,39.78224890306592,,31.4024998806417,7.650333922356367,1,39.052833802998066,32,16,PHASE_COMPETITION,10000,19,128,32,16,10000
800,2026-06-02T09:33:54.102052,68.1286258623004,,128,,True,,34.69066694378853,6.218457594513893,1,40.90912453830242,,33.43795891851187,7.760665845125914,1,41.19862476363778,32,16,PHASE_COMPETITION,10000,20,128,32,16,10000
801,2026-06-02T09:33:54.296807,69.36675030738115,,128,,True,,35.91433307155967,6.67749997228384,1,42.59183304384351,,33.452417235821486,8.597041945904493,1,42.04945918172598,32,32,PHASE_COMPETITION,10000,1,128,32,32,10000
802,2026-06-02T09:33:54.393645,70.43620850890875,,128,,True,,38.522208109498024,7.212415803223848,1,45.73462391272187,,31.914000399410725,8.514166809618473,1,40.4281672090292,32,32,PHASE_COMPETITION,10000,2,128,32,32,10000
803,2026-06-02T09:33:54.489924,69.69650089740753,,128,,True,,37.108459044247866,7.1361251175403595,1,44.244584161788225,,32.588041853159666,8.60187504440546,1,41.189916897565126,32,32,PHASE_COMPETITION,10000,3,128,32,32,10000
804,2026-06-02T09:33:54.587868,71.80749997496605,,128,,True,,38.30608306452632,6.745750084519386,1,45.051833149045706,,33.50141691043973,8.586749900132418,1,42.08816681057215,32,32,PHASE_COMPETITION,10000,4,128,32,32,10000
805,2026-06-02T09:33:54.685219,70.80970797687769,,128,,True,,37.142999935895205,6.707166787236929,1,43.85016672313213,,33.666708040982485,8.543374948203564,1,42.21008298918605,32,32,PHASE_COMPETITION,10000,5,128,32,32,10000
806,2026-06-02T09:33:54.781229,69.34745935723186,,128,,True,,37.077917251735926,6.757291965186596,1,43.83520921692252,,32.26954210549593,8.485750295221806,1,40.755292400717735,32,32,PHASE_COMPETITION,10000,6,128,32,32,10000
807,2026-06-02T09:33:54.875362,68.25495837256312,,128,,True,,36.368833389133215,7.107874844223261,1,43.476708233356476,,31.88612498342991,8.517167065292597,1,40.403292048722506,32,32,PHASE_COMPETITION,10000,7,128,32,32,10000
808,2026-06-02T09:33:55.006252,71.00437488406897,,128,,True,,38.04679214954376,39.81433296576142,1,77.86112511530519,,32.957582734525204,8.61716689541936,1,41.57474962994456,32,32,PHASE_COMPETITION,10000,8,128,32,32,10000
809,2026-06-02T09:33:55.105081,72.73620879277587,,128,,True,,37.71429182961583,6.952416151762009,1,44.66670798137784,,35.02191696316004,8.148916997015476,1,43.170833960175514,32,32,PHASE_COMPETITION,10000,9,128,32,32,10000
810,2026-06-02T09:33:55.201449,69.2946664057672,,128,,True,,36.71695804223418,6.806749850511551,1,43.52370789274573,,32.57770836353302,8.441083133220673,1,41.01879149675369,32,32,PHASE_COMPETITION,10000,10,128,32,32,10000
811,2026-06-02T09:33:55.300025,71.97637530043721,,128,,True,,38.189500104635954,6.72179227694869,1,44.911292381584644,,33.78687519580126,8.613167330622673,1,42.40004252642393,32,32,PHASE_COMPETITION,10000,11,128,32,32,10000
812,2026-06-02T09:33:55.398948,72.694709058851,,128,,True,,36.94241726770997,7.139916997402906,1,44.08233426511288,,35.75229179114103,8.654166013002396,1,44.40645780414343,32,32,PHASE_COMPETITION,10000,12,128,32,32,10000
813,2026-06-02T09:33:55.495644,69.99145820736885,,128,,True,,38.5448751039803,7.358666975051165,1,45.90354207903147,,31.446583103388548,8.54433374479413,1,39.99091684818268,32,32,PHASE_COMPETITION,10000,13,128,32,32,10000
814,2026-06-02T09:33:55.591960,70.42270759120584,,128,,True,,37.482041865587234,7.051542401313782,1,44.533584266901016,,32.9406657256186,8.223750162869692,1,41.16441588848829,32,32,PHASE_COMPETITION,10000,14,128,32,32,10000
815,2026-06-02T09:33:55.688696,70.23320812731981,,128,,True,,37.22062474116683,6.758416071534157,1,43.97904081270099,,33.01258338615298,8.504291996359825,1,41.51687538251281,32,32,PHASE_COMPETITION,10000,15,128,32,32,10000
816,2026-06-02T09:33:55.785618,70.29150007292628,,128,,True,,37.01149998232722,6.703708786517382,1,43.715208768844604,,33.28000009059906,8.650499861687422,1,41.93049995228648,32,32,PHASE_COMPETITION,10000,16,128,32,32,10000
817,2026-06-02T09:33:55.882847,71.19916612282395,,128,,True,,37.67420817166567,7.195000071078539,1,44.86920824274421,,33.524957951158285,8.627582807093859,1,42.152540758252144,32,32,PHASE_COMPETITION,10000,17,128,32,32,10000
818,2026-06-02T09:33:55.980594,71.64754206314683,,128,,True,,38.809374906122684,7.084332872182131,1,45.893707778304815,,32.838167157024145,8.574208710342646,1,41.41237586736679,32,32,PHASE_COMPETITION,10000,18,128,32,32,10000
819,2026-06-02T09:33:56.079326,72.41958379745483,,128,,True,,38.36520900949836,7.183458190411329,1,45.54866719990969,,34.054374787956476,8.13037483021617,1,42.184749618172646,32,32,PHASE_COMPETITION,10000,19,128,32,32,10000
820,2026-06-02T09:33:56.207376,70.31195797026157,,128,,True,,37.04875009134412,6.8481252528727055,1,43.896875344216824,,33.263207878917456,8.587999735027552,1,41.85120761394501,32,32,PHASE_COMPETITION,10000,20,128,32,32,10000
821,2026-06-02T09:33:56.428913,80.09720873087645,,128,,True,,42.59191686287522,8.509874809533358,1,51.10179167240858,,37.50529186800122,10.234791785478592,1,47.740083653479815,32,64,PHASE_COMPETITION,10000,1,128,32,64,10000
822,2026-06-02T09:33:56.541145,79.88758338615298,,128,,True,,41.95741703733802,8.720334153622389,1,50.67775119096041,,37.930166348814964,10.094250086694956,1,48.02441643550992,32,64,PHASE_COMPETITION,10000,2,128,32,64,10000
823,2026-06-02T09:33:56.651662,78.41287506744266,,128,,True,,42.051415890455246,8.210249710828066,1,50.26166560128331,,36.36145917698741,9.959625080227852,1,46.32108425721526,32,64,PHASE_COMPETITION,10000,3,128,32,64,10000
824,2026-06-02T09:33:56.761815,77.56016636267304,,128,,True,,41.599583346396685,8.406125009059906,1,50.00570835545659,,35.96058301627636,9.993333835154772,1,45.95391685143113,32,64,PHASE_COMPETITION,10000,4,128,32,64,10000
825,2026-06-02T09:33:56.873340,79.40491568297148,,128,,True,,40.46004079282284,8.468458894640207,1,48.928499687463045,,38.94487489014864,10.03899984061718,1,48.98387473076582,32,64,PHASE_COMPETITION,10000,5,128,32,64,10000
826,2026-06-02T09:33:57.012868,78.38079193606973,,128,,True,,43.173166923224926,8.465624880045652,1,51.63879180327058,,35.2076250128448,38.497916888445616,1,73.70554190129042,32,64,PHASE_COMPETITION,10000,6,128,32,64,10000
827,2026-06-02T09:33:57.129576,83.29066634178162,,128,,True,,44.2001661285758,8.566458243876696,1,52.7666243724525,,39.090500213205814,10.17554197460413,1,49.266042187809944,32,64,PHASE_COMPETITION,10000,7,128,32,64,10000
828,2026-06-02T09:33:57.244137,81.92166639491916,,128,,True,,44.750749599188566,8.745749946683645,1,53.49649954587221,,37.17091679573059,10.234625078737736,1,47.40554187446833,32,64,PHASE_COMPETITION,10000,8,128,32,64,10000
829,2026-06-02T09:33:57.361368,84.2544985935092,,128,,True,,45.03729101270437,8.445082698017359,1,53.48237371072173,,39.217207580804825,10.30399976298213,1,49.521207343786955,32,64,PHASE_COMPETITION,10000,9,128,32,64,10000
830,2026-06-02T09:33:57.472687,77.81037501990795,,128,,True,,41.95249965414405,8.84641706943512,1,50.79891672357917,,35.8578753657639,9.972374886274338,1,45.83025025203824,32,64,PHASE_COMPETITION,10000,10,128,32,64,10000
831,2026-06-02T09:33:57.585389,80.64483292400837,,128,,True,,42.49475011602044,8.53166589513421,1,51.02641601115465,,38.15008280798793,10.08604234084487,1,48.2361251488328,32,64,PHASE_COMPETITION,10000,11,128,32,64,10000
832,2026-06-02T09:33:57.694313,77.09862431511283,,128,,True,,42.10641607642174,8.70708329603076,1,50.8134993724525,,34.99220823869109,10.120833292603493,1,45.113041531294584,32,64,PHASE_COMPETITION,10000,12,128,32,64,10000
833,2026-06-02T09:33:57.833641,80.63679188489914,,128,,True,,41.60591680556536,8.2502500154078,1,49.85616682097316,,39.03087507933378,36.53674991801381,1,75.5676249973476,32,64,PHASE_COMPETITION,10000,13,128,32,64,10000
834,2026-06-02T09:33:57.943971,78.11241690069437,,128,,True,,43.248292058706284,8.516499772667885,1,51.76479183137417,,34.86412484198809,9.917540941387415,1,44.7816657833755,32,64,PHASE_COMPETITION,10000,14,128,32,64,10000
835,2026-06-02T09:33:58.054004,78.29450024291873,,128,,True,,42.83612500876188,8.605250157415867,1,51.44137516617775,,35.45837523415685,10.07420802488923,1,45.53258325904608,32,64,PHASE_COMPETITION,10000,15,128,32,64,10000
836,2026-06-02T09:33:58.167137,80.4447908885777,,128,,True,,42.0568329282105,8.261541835963726,1,50.31837476417422,,38.3879579603672,10.289791971445084,1,48.677749931812286,32,64,PHASE_COMPETITION,10000,16,128,32,64,10000
837,2026-06-02T09:33:58.278694,78.34925083443522,,128,,True,,41.86504194512963,8.659209124743938,1,50.52425106987357,,36.48420888930559,9.971499908715487,1,46.45570879802108,32,64,PHASE_COMPETITION,10000,17,128,32,64,10000
838,2026-06-02T09:33:58.388457,78.20470724254847,,128,,True,,42.691166047006845,8.526541758328676,1,51.21770780533552,,35.51354119554162,10.079709347337484,1,45.593250542879105,32,64,PHASE_COMPETITION,10000,18,128,32,64,10000
839,2026-06-02T09:33:58.499116,78.31212505698204,,128,,True,,41.93266713991761,8.781374897807837,1,50.71404203772545,,36.37945791706443,10.103082749992609,1,46.48254066705704,32,64,PHASE_COMPETITION,10000,19,128,32,64,10000
840,2026-06-02T09:33:58.636764,80.18920850008726,,128,,True,,41.260416619479656,8.307000156491995,1,49.56741677597165,,38.928791880607605,10.150167159736156,1,49.07895904034376,32,64,PHASE_COMPETITION,10000,20,128,32,64,10000
841,2026-06-02T09:33:58.928041,99.97495962306857,,128,,True,,54.68416726216674,11.314208153635263,1,65.998375415802,,45.29079236090183,12.950916774570942,1,58.241709135472775,32,128,PHASE_COMPETITION,10000,1,128,32,128,10000
842,2026-06-02T09:33:59.075327,102.80679073184729,,128,,True,,56.256541050970554,11.510082986205816,1,67.76662403717637,,46.55024968087673,13.42554111033678,1,59.97579079121351,32,128,PHASE_COMPETITION,10000,2,128,32,128,10000
843,2026-06-02T09:33:59.249624,104.1407510638237,,128,,True,,58.11220873147249,11.639249976724386,1,69.75145870819688,,46.02854233235121,12.848292011767626,1,58.87683434411883,32,128,PHASE_COMPETITION,10000,3,128,32,128,10000
844,2026-06-02T09:33:59.399398,105.3223330527544,,128,,True,,58.36908286437392,11.507458053529263,1,69.87654091790318,,46.95325018838048,13.600625097751617,1,60.5538752861321,32,128,PHASE_COMPETITION,10000,4,128,32,128,10000
845,2026-06-02T09:33:59.548629,105.70491617545485,,128,,True,,57.25129134953022,11.448374949395657,1,68.69966629892588,,48.453624825924635,12.717541307210922,1,61.17116613313556,32,128,PHASE_COMPETITION,10000,5,128,32,128,10000
846,2026-06-02T09:33:59.694844,102.35295817255974,,128,,True,,53.82179096341133,11.31337508559227,1,65.1351660490036,,48.53116720914841,13.005416840314865,1,61.53658404946327,32,128,PHASE_COMPETITION,10000,6,128,32,128,10000
847,2026-06-02T09:33:59.869467,103.85745763778687,,128,,True,,57.1678327396512,11.640457902103662,1,68.80829064175487,,46.68962489813566,12.91387528181076,1,59.60350017994642,32,128,PHASE_COMPETITION,10000,7,128,32,128,10000
848,2026-06-02T09:34:00.015566,102.57470794022083,,128,,True,,55.54124992340803,11.357082985341549,1,66.89833290874958,,47.0334580168128,12.940207961946726,1,59.97366597875953,32,128,PHASE_COMPETITION,10000,8,128,32,128,10000
849,2026-06-02T09:34:00.173198,113.33254119381309,,128,,True,,59.97558310627937,11.836417019367218,1,71.81200012564659,,53.35695808753371,12.729208916425705,1,66.08616700395942,32,128,PHASE_COMPETITION,10000,9,128,32,128,10000
850,2026-06-02T09:34:00.320013,101.35716572403908,,128,,True,,54.953332990407944,11.645999737083912,1,66.59933272749186,,46.403832733631134,13.245540671050549,1,59.64937340468168,32,128,PHASE_COMPETITION,10000,10,128,32,128,10000
851,2026-06-02T09:34:00.496724,106.29429202526808,,128,,True,,56.55395798385143,11.728041805326939,1,68.28199978917837,,49.740334041416645,12.922500260174274,1,62.66283430159092,32,128,PHASE_COMPETITION,10000,11,128,32,128,10000
852,2026-06-02T09:34:00.646704,106.27587419003248,,128,,True,,53.21404105052352,11.376415845006704,1,64.59045689553022,,53.06183313950896,13.137790840119123,1,66.19962397962809,32,128,PHASE_COMPETITION,10000,12,128,32,128,10000
853,2026-06-02T09:34:00.816493,120.0694995932281,,128,,True,,73.6630829051137,12.851125095039606,1,86.5142080001533,,46.406416688114405,13.693499844521284,1,60.09991653263569,32,128,PHASE_COMPETITION,10000,13,128,32,128,10000
854,2026-06-02T09:34:00.973678,112.19833325594664,,128,,True,,61.265625059604645,11.499249842017889,1,72.76487490162253,,50.93270819634199,14.064833987504244,1,64.99754218384624,32,128,PHASE_COMPETITION,10000,14,128,32,128,10000
855,2026-06-02T09:34:01.147977,104.44091679528356,,128,,True,,57.67320794984698,11.423666961491108,1,69.09687491133809,,46.76770884543657,13.262708205729723,1,60.030417051166296,32,128,PHASE_COMPETITION,10000,15,128,32,128,10000
856,2026-06-02T09:34:01.292146,100.84420815110207,,128,,True,,55.498958099633455,11.29829091951251,1,66.79724901914597,,45.34525005146861,12.961207889020443,1,58.306457940489054,32,128,PHASE_COMPETITION,10000,16,128,32,128,10000
857,2026-06-02T09:34:01.439132,102.46145771816373,,128,,True,,56.610957719385624,11.532416101545095,1,68.14337382093072,,45.850499998778105,13.378208968788385,1,59.22870896756649,32,128,PHASE_COMPETITION,10000,17,128,32,128,10000
858,2026-06-02T09:34:01.613321,105.18637532368302,,128,,True,,58.63183317705989,11.461750138550997,1,70.09358331561089,,46.554542146623135,38.35295885801315,1,84.90750100463629,32,128,PHASE_COMPETITION,10000,18,128,32,128,10000
859,2026-06-02T09:34:01.757572,99.93166709318757,,128,,True,,54.894874803721905,11.34254178032279,1,66.2374165840447,,45.036792289465666,13.648000080138445,1,58.68479236960411,32,128,PHASE_COMPETITION,10000,19,128,32,128,10000
860,2026-06-02T09:34:01.905687,104.57133315503597,,128,,True,,54.85258297994733,11.355082970112562,1,66.20766595005989,,49.718750175088644,13.208582997322083,1,62.92733317241073,32,128,PHASE_COMPETITION,10000,20,128,32,128,10000
861,2026-06-02T09:34:02.418147,167.6935008727014,,128,,True,,93.93008379265666,18.164500128477812,1,112.09458392113447,,73.76341708004475,19.234499894082546,1,92.99791697412729,32,256,PHASE_COMPETITION,10000,1,128,32,256,10000
862,2026-06-02T09:34:02.681761,167.92054241523147,,128,,True,,92.06187538802624,43.25095796957612,1,135.31283335760236,,75.85866702720523,19.92695778608322,1,95.78562481328845,32,256,PHASE_COMPETITION,10000,2,128,32,256,10000
863,2026-06-02T09:34:02.921665,170.8912909962237,,128,,True,,95.46145796775818,17.87641691043973,1,113.33787487819791,,75.42983302846551,19.537542015314102,1,94.96737504377961,32,256,PHASE_COMPETITION,10000,3,128,32,256,10000
864,2026-06-02T09:34:03.197731,176.34099954739213,,128,,True,,102.42549981921911,48.19237533956766,1,150.61787515878677,,73.91549972817302,19.149458035826683,1,93.0649577639997,32,256,PHASE_COMPETITION,10000,4,128,32,256,10000
865,2026-06-02T09:34:03.438163,171.20262375101447,,128,,True,,93.39208295568824,17.624415922909975,1,111.01649887859821,,77.81054079532623,19.216708838939667,1,97.0272496342659,32,256,PHASE_COMPETITION,10000,5,128,32,256,10000
866,2026-06-02T09:34:03.705396,170.30408279970288,,128,,True,,95.38149973377585,44.88129215314984,1,140.2627918869257,,74.92258306592703,20.22733399644494,1,95.14991706237197,32,256,PHASE_COMPETITION,10000,6,128,32,256,10000
867,2026-06-02T09:34:03.944645,170.01849925145507,,128,,True,,91.40733303502202,17.299042083323002,1,108.70637511834502,,78.61116621643305,20.066916942596436,1,98.67808315902948,32,256,PHASE_COMPETITION,10000,7,128,32,256,10000
868,2026-06-02T09:34:04.220879,176.7827095463872,,128,,True,,97.5142503157258,47.514166217297316,1,145.02841653302312,,79.26845923066139,19.687000196427107,1,98.9554594270885,32,256,PHASE_COMPETITION,10000,8,128,32,256,10000
869,2026-06-02T09:34:04.457086,163.69483387097716,,128,,True,,92.98562491312623,18.526708707213402,1,111.51233362033963,,70.70920895785093,19.470958039164543,1,90.18016699701548,32,256,PHASE_COMPETITION,10000,9,128,32,256,10000
870,2026-06-02T09:34:04.727742,168.99437503889203,,128,,True,,91.73879213631153,17.71799987182021,1,109.45679200813174,,77.2555829025805,22.186209447681904,1,99.4417923502624,32,256,PHASE_COMPETITION,10000,10,128,32,256,10000
871,2026-06-02T09:34:04.969133,171.3742921128869,,128,,True,,96.07374994084239,18.313707783818245,1,114.38745772466063,,75.30054217204452,19.358291756361723,1,94.65883392840624,32,256,PHASE_COMPETITION,10000,11,128,32,256,10000
872,2026-06-02T09:34:05.241362,172.88087541237473,,128,,True,,96.9637087546289,17.41374982520938,1,114.37745857983828,,75.91716665774584,20.076666958630085,1,95.99383361637592,32,256,PHASE_COMPETITION,10000,12,128,32,256,10000
873,2026-06-02T09:34:05.480166,169.62962644174695,,128,,True,,95.19141726195812,17.79762515798211,1,112.98904241994023,,74.43820917978883,19.402083940804005,1,93.84029312059283,32,256,PHASE_COMPETITION,10000,13,128,32,256,10000
874,2026-06-02T09:34:05.747635,171.08187451958656,,128,,True,,95.68254183977842,17.755792010575533,1,113.43833385035396,,75.39933267980814,19.53379111364484,1,94.93312379345298,32,256,PHASE_COMPETITION,10000,14,128,32,256,10000
875,2026-06-02T09:34:05.991053,173.81666647270322,,128,,True,,97.33037510886788,17.870749812573195,1,115.20112492144108,,76.48629136383533,19.565416034311056,1,96.05170739814639,32,256,PHASE_COMPETITION,10000,15,128,32,256,10000
876,2026-06-02T09:34:06.255083,167.69766714423895,,128,,True,,92.24004205316305,17.66674965620041,1,109.90679170936346,,75.4576250910759,19.240917172282934,1,94.69854226335883,32,256,PHASE_COMPETITION,10000,16,128,32,256,10000
877,2026-06-02T09:34:06.495380,169.7282074019313,,128,,True,,92.02333260327578,18.409916665405035,1,110.43324926868081,,77.70487479865551,19.773249980062246,1,97.47812477871776,32,256,PHASE_COMPETITION,10000,17,128,32,256,10000
878,2026-06-02T09:34:06.759656,170.42779084295034,,128,,True,,94.25095794722438,17.580291256308556,1,111.83124920353293,,76.17683289572597,19.470165949314833,1,95.6469988450408,32,256,PHASE_COMPETITION,10000,18,128,32,256,10000
879,2026-06-02T09:34:06.997920,168.4581250883639,,128,,True,,93.12700014561415,18.06037500500679,1,111.18737515062094,,75.33112494274974,19.085958134382963,1,94.4170830771327,32,256,PHASE_COMPETITION,10000,19,128,32,256,10000
880,2026-06-02T09:34:07.267432,174.71258295699954,,128,,True,,96.85100009664893,17.87500036880374,1,114.72600046545267,,77.86158286035061,19.695958588272333,1,97.55754144862294,32,256,PHASE_COMPETITION,10000,20,128,32,256,10000
881,2026-06-02T09:34:08.256473,344.6585419587791,,128,,True,,179.83612511307,58.7954162620008,1,238.6315413750708,,164.82241684570909,32.30770770460367,1,197.13012455031276,32,512,PHASE_COMPETITION,10000,1,128,32,512,10000
882,2026-06-02T09:34:08.756356,343.61925022676587,,128,,True,,186.21974997222424,63.646540977060795,1,249.86629094928503,,157.39950025454164,31.505290884524584,1,188.90479113906622,32,512,PHASE_COMPETITION,10000,2,128,32,512,10000
883,2026-06-02T09:34:09.248042,341.32887376472354,,128,,True,,184.9797908216715,30.187500175088644,1,215.16729099676013,,156.34908294305205,59.868999756872654,1,216.2180826999247,32,512,PHASE_COMPETITION,10000,3,128,32,512,10000
884,2026-06-02T09:34:09.746834,347.53987612202764,,128,,True,,184.9276670254767,30.06733302026987,1,214.99500004574656,,162.61220909655094,60.48691691830754,1,223.09912601485848,32,512,PHASE_COMPETITION,10000,4,128,32,512,10000
885,2026-06-02T09:34:10.253284,353.37804118171334,,128,,True,,193.02362529560924,30.710500199347734,1,223.73412549495697,,160.3544158861041,58.5803329013288,1,218.9347487874329,32,512,PHASE_COMPETITION,10000,5,128,32,512,10000
886,2026-06-02T09:34:10.746288,340.4434588737786,,128,,True,,180.26795890182257,29.948582872748375,1,210.21654177457094,,160.17549997195601,60.67604199051857,1,220.85154196247458,32,512,PHASE_COMPETITION,10000,6,128,32,512,10000
887,2026-06-02T09:34:11.267231,368.0779170244932,,128,,True,,204.25541698932648,30.053916852921247,1,234.30933384224772,,163.82250003516674,62.89829174056649,1,226.72079177573323,32,512,PHASE_COMPETITION,10000,7,128,32,512,10000
888,2026-06-02T09:34:11.787657,365.02670822665095,,128,,True,,189.78712521493435,30.79775022342801,1,220.58487543836236,,175.2395830117166,63.37662506848574,1,238.61620808020234,32,512,PHASE_COMPETITION,10000,8,128,32,512,10000
889,2026-06-02T09:34:12.352927,385.7553326524794,,128,,True,,222.32454176992178,54.34462521225214,1,276.6691669821739,,163.43079088255763,63.01983306184411,1,226.45062394440174,32,512,PHASE_COMPETITION,10000,9,128,32,512,10000
890,2026-06-02T09:34:12.821684,343.53600023314357,,128,,True,,179.28879195824265,31.5548749640584,1,210.84366692230105,,164.2472082749009,32.024791929870844,1,196.27200020477176,32,512,PHASE_COMPETITION,10000,10,128,32,512,10000
891,2026-06-02T09:34:13.348890,372.878875117749,,128,,True,,200.5629171617329,29.675042256712914,1,230.23795941844583,,172.31595795601606,32.562708016484976,1,204.87866597250104,32,512,PHASE_COMPETITION,10000,11,128,32,512,10000
892,2026-06-02T09:34:13.847333,345.3550827689469,,128,,True,,183.26958268880844,30.48845799639821,1,213.75804068520665,,162.08550008013844,31.67487494647503,1,193.76037502661347,32,512,PHASE_COMPETITION,10000,12,128,32,512,10000
893,2026-06-02T09:34:14.338519,338.12495693564415,,128,,True,,174.80229120701551,29.81062512844801,1,204.61291633546352,,163.32266572862864,32.47387474402785,1,195.7965404726565,32,512,PHASE_COMPETITION,10000,13,128,32,512,10000
894,2026-06-02T09:34:14.847889,356.64250142872334,,128,,True,,189.56604227423668,31.461792066693306,1,221.02783434092999,,167.07645915448666,31.80345892906189,1,198.87991808354855,32,512,PHASE_COMPETITION,10000,14,128,32,512,10000
895,2026-06-02T09:34:15.353096,351.93900018930435,,128,,True,,193.70166724547744,29.77345883846283,1,223.47512608394027,,158.2373329438269,31.748833134770393,1,189.9861660785973,32,512,PHASE_COMPETITION,10000,15,128,32,512,10000
896,2026-06-02T09:34:15.842037,339.69554165378213,,128,,True,,180.76224997639656,29.96733272448182,1,210.72958270087838,,158.93329167738557,31.382374931126833,1,190.3156666085124,32,512,PHASE_COMPETITION,10000,16,128,32,512,10000
897,2026-06-02T09:34:16.372795,378.05654061958194,,128,,True,,210.26262501254678,30.249665956944227,1,240.512290969491,,167.79391560703516,33.3920419216156,1,201.18595752865076,32,512,PHASE_COMPETITION,10000,17,128,32,512,10000
898,2026-06-02T09:34:16.876089,344.1689577884972,,128,,True,,183.22554184123874,67.1291658654809,1,250.35470770671964,,160.94341594725847,31.55591618269682,1,192.4993321299553,32,512,PHASE_COMPETITION,10000,18,128,32,512,10000
899,2026-06-02T09:34:17.419050,360.3482907637954,,128,,True,,195.95220778137445,85.9562917612493,1,281.90849954262376,,164.39608298242092,32.35604101791978,1,196.7521240003407,32,512,PHASE_COMPETITION,10000,19,128,32,512,10000
900,2026-06-02T09:34:17.928940,356.85904091224074,,128,,True,,191.79708324372768,61.298584099859,1,253.09566734358668,,165.06195766851306,31.68541705235839,1,196.74737472087145,32,512,PHASE_COMPETITION,10000,20,128,32,512,10000
901,2026-06-02T09:34:18.981938,83.26491620391607,,128,,True,,42.58000012487173,5.32179232686758,1,47.90179245173931,,40.68491607904434,7.062416058033705,1,47.74733213707805,64,2,PHASE_COMPETITION,10000,1,128,64,2,10000
902,2026-06-02T09:34:19.087521,84.07145831733942,,128,,True,,40.94329196959734,5.868082866072655,1,46.811374835669994,,43.12816634774208,7.115249987691641,1,50.24341633543372,64,2,PHASE_COMPETITION,10000,2,128,64,2,10000
903,2026-06-02T09:34:19.189298,81.12208312377334,,128,,True,,38.22883311659098,5.365999881178141,1,43.59483299776912,,42.89325000718236,6.87958300113678,1,49.77283300831914,64,2,PHASE_COMPETITION,10000,3,128,64,2,10000
904,2026-06-02T09:34:19.317669,81.31416793912649,,128,,True,,38.405333645641804,32.34050003811717,1,70.74583368375897,,42.90883429348469,6.53316592797637,1,49.44200022146106,64,2,PHASE_COMPETITION,10000,4,128,64,2,10000
905,2026-06-02T09:34:19.414959,76.69804058969021,,128,,True,,37.108457647264004,5.223250016570091,1,42.331707663834095,,39.589582942426205,6.779124960303307,1,46.36870790272951,64,2,PHASE_COMPETITION,10000,5,128,64,2,10000
906,2026-06-02T09:34:19.516487,81.36916719377041,,128,,True,,38.57983322814107,5.7495408691465855,1,44.329374097287655,,42.78933396562934,6.522209383547306,1,49.311543349176645,64,2,PHASE_COMPETITION,10000,6,128,64,2,10000
907,2026-06-02T09:34:19.621912,84.32783372700214,,128,,True,,42.48929210007191,5.229082889854908,1,47.718374989926815,,41.83854162693024,6.786208134144545,1,48.62474976107478,64,2,PHASE_COMPETITION,10000,7,128,64,2,10000
908,2026-06-02T09:34:19.720699,78.01637519150972,,128,,True,,36.58095793798566,5.651707760989666,1,42.232665698975325,,41.435417253524065,6.6359578631818295,1,48.071375116705894,64,2,PHASE_COMPETITION,10000,8,128,64,2,10000
909,2026-06-02T09:34:19.819624,78.02641624584794,,128,,True,,38.80937537178397,5.23358304053545,1,44.04295841231942,,39.21704087406397,7.003624923527241,1,46.22066579759121,64,2,PHASE_COMPETITION,10000,9,128,64,2,10000
910,2026-06-02T09:34:19.922112,81.8644161336124,,128,,True,,41.98716627433896,5.28970779851079,1,47.27687407284975,,39.877249859273434,6.964458152651787,1,46.84170801192522,64,2,PHASE_COMPETITION,10000,10,128,64,2,10000
911,2026-06-02T09:34:20.028543,85.6462917290628,,128,,True,,37.52737492322922,5.735042039304972,1,43.26241696253419,,48.11891680583358,6.95341732352972,1,55.0723341293633,64,2,PHASE_COMPETITION,10000,11,128,64,2,10000
912,2026-06-02T09:34:20.128769,78.74575024470687,,128,,True,,39.78062514215708,5.634041968733072,1,45.41466711089015,,38.96512510254979,6.999082863330841,1,45.96420796588063,64,2,PHASE_COMPETITION,10000,12,128,64,2,10000
913,2026-06-02T09:34:20.244607,94.28595891222358,,128,,True,,46.619916800409555,5.757874809205532,1,52.37779160961509,,47.66604211181402,7.079542148858309,1,54.74558426067233,64,2,PHASE_COMPETITION,10000,13,128,64,2,10000
914,2026-06-02T09:34:20.341875,76.03720808401704,,128,,True,,36.88925039023161,5.360750015825033,1,42.25000040605664,,39.14795769378543,6.9972919300198555,1,46.145249623805285,64,2,PHASE_COMPETITION,10000,14,128,64,2,10000
915,2026-06-02T09:34:20.444563,81.95708179846406,,128,,True,,38.581165950745344,5.312666296958923,1,43.89383224770427,,43.375915847718716,7.004707586020231,1,50.38062343373895,64,2,PHASE_COMPETITION,10000,15,128,64,2,10000
916,2026-06-02T09:34:20.549421,83.67620874196291,,128,,True,,38.382458966225386,5.809207912534475,1,44.19166687875986,,45.293749775737524,7.171208038926125,1,52.46495781466365,64,2,PHASE_COMPETITION,10000,16,128,64,2,10000
917,2026-06-02T09:34:20.657208,86.91054256632924,,128,,True,,46.7660422436893,5.61995804309845,1,52.38600028678775,,40.14450032263994,7.006333209574223,1,47.150833532214165,64,2,PHASE_COMPETITION,10000,17,128,64,2,10000
918,2026-06-02T09:34:20.760527,82.53983408212662,,128,,True,,42.7561248652637,5.939666647464037,1,48.69579151272774,,39.78370921686292,6.655457895249128,1,46.439167112112045,64,2,PHASE_COMPETITION,10000,18,128,64,2,10000
919,2026-06-02T09:34:20.894306,87.19054237008095,,128,,True,,37.89804223924875,5.328666884452105,1,43.22670912370086,,49.292500130832195,32.24541712552309,1,81.53791725635529,64,2,PHASE_COMPETITION,10000,19,128,64,2,10000
920,2026-06-02T09:34:20.997118,82.50366756692529,,128,,True,,41.68679239228368,5.505624692887068,1,47.192417085170746,,40.81687517464161,6.52829185128212,1,47.34516702592373,64,2,PHASE_COMPETITION,10000,20,128,64,2,10000
921,2026-06-02T09:34:21.196797,76.66795887053013,,128,,True,,37.94420883059502,5.680959206074476,1,43.62516803666949,,38.72375003993511,6.657000165432692,1,45.380750205367804,64,4,PHASE_COMPETITION,10000,1,128,64,4,10000
922,2026-06-02T09:34:21.309046,90.8049582503736,,128,,True,,41.526374872773886,5.424958188086748,1,46.951333060860634,,49.278583377599716,7.090041879564524,1,56.36862525716424,64,4,PHASE_COMPETITION,10000,2,128,64,4,10000
923,2026-06-02T09:34:21.411893,82.01687457039952,,128,,True,,38.21349982172251,5.447292234748602,1,43.66079205647111,,43.803374748677015,7.171709090471268,1,50.97508383914828,64,4,PHASE_COMPETITION,10000,3,128,64,4,10000
924,2026-06-02T09:34:21.517358,84.38162412494421,,128,,True,,43.65858295932412,5.924666300415993,1,49.583249259740114,,40.72304116562009,7.078791037201881,1,47.80183220282197,64,4,PHASE_COMPETITION,10000,4,128,64,4,10000
925,2026-06-02T09:34:21.615818,77.92787486687303,,128,,True,,38.83941704407334,5.362541880458593,1,44.20195892453194,,39.08845782279968,6.987707689404488,1,46.07616551220417,64,4,PHASE_COMPETITION,10000,5,128,64,4,10000
926,2026-06-02T09:34:21.721514,84.69470916315913,,128,,True,,42.10004210472107,5.753209348767996,1,47.853251453489065,,42.59466705843806,6.7010000348091125,1,49.295667093247175,64,4,PHASE_COMPETITION,10000,6,128,64,4,10000
927,2026-06-02T09:34:21.823947,81.1879588291049,,128,,True,,38.28070918098092,5.3619579412043095,1,43.64266712218523,,42.90724964812398,7.113457657396793,1,50.02070730552077,64,4,PHASE_COMPETITION,10000,7,128,64,4,10000
928,2026-06-02T09:34:21.927383,82.44500122964382,,128,,True,,39.784209337085485,5.478582810610533,1,45.26279214769602,,42.660791892558336,7.147292140871286,1,49.80808403342962,64,4,PHASE_COMPETITION,10000,8,128,64,4,10000
929,2026-06-02T09:34:22.026113,77.3797919973731,,128,,True,,37.64862474054098,5.893874913454056,1,43.54249965399504,,39.73116725683212,7.0969583466649055,1,46.82812560349703,64,4,PHASE_COMPETITION,10000,9,128,64,4,10000
930,2026-06-02T09:34:22.123508,77.02208263799548,,128,,True,,38.20366598665714,5.407124757766724,1,43.610790744423866,,38.81841665133834,6.977957673370838,1,45.79637432470918,64,4,PHASE_COMPETITION,10000,10,128,64,4,10000
931,2026-06-02T09:34:22.228159,83.11112644150853,,128,,True,,42.780292220413685,6.15912489593029,1,48.939417116343975,,40.33083422109485,6.773791741579771,1,47.10462596267462,64,4,PHASE_COMPETITION,10000,11,128,64,4,10000
932,2026-06-02T09:34:22.329653,80.44100133702159,,128,,True,,39.04695902019739,5.393750034272671,1,44.44070905447006,,41.3940423168242,6.985750049352646,1,48.379792366176844,64,4,PHASE_COMPETITION,10000,12,128,64,4,10000
933,2026-06-02T09:34:22.431334,81.01774984970689,,128,,True,,37.87987492978573,5.674874875694513,1,43.55474980548024,,43.13787491992116,6.640000268816948,1,49.77787518873811,64,4,PHASE_COMPETITION,10000,13,128,64,4,10000
934,2026-06-02T09:34:22.558102,80.04841580986977,,128,,True,,38.516624830663204,5.348791368305683,1,43.86541619896889,,41.53179097920656,32.55212493240833,1,74.0839159116149,64,4,PHASE_COMPETITION,10000,14,128,64,4,10000
935,2026-06-02T09:34:22.664484,85.50795866176486,,128,,True,,42.241749819368124,5.593042355030775,1,47.8347921743989,,43.266208842396736,7.071000058203936,1,50.33720890060067,64,4,PHASE_COMPETITION,10000,15,128,64,4,10000
936,2026-06-02T09:34:22.767605,81.27779280766845,,128,,True,,42.110833805054426,5.73937501758337,1,47.850208822637796,,39.16695900261402,7.236415985971689,1,46.40337498858571,64,4,PHASE_COMPETITION,10000,16,128,64,4,10000
937,2026-06-02T09:34:22.871846,83.24287412688136,,128,,True,,38.73516619205475,5.443708039820194,1,44.17887423187494,,44.50770793482661,7.081415969878435,1,51.58912390470505,64,4,PHASE_COMPETITION,10000,17,128,64,4,10000
938,2026-06-02T09:34:22.970330,77.18987530097365,,128,,True,,37.00450016185641,5.890124943107367,1,42.89462510496378,,40.18537513911724,7.154915947467089,1,47.34029108658433,64,4,PHASE_COMPETITION,10000,18,128,64,4,10000
939,2026-06-02T09:34:23.087078,95.99183313548565,,128,,True,,42.234832886606455,5.360875278711319,1,47.595708165317774,,53.757000248879194,6.900458130985498,1,60.65745837986469,64,4,PHASE_COMPETITION,10000,19,128,64,4,10000
940,2026-06-02T09:34:23.203683,86.8028742261231,,128,,True,,45.61670823022723,13.449667021632195,1,59.06637525185943,,41.18616599589586,6.811333820223808,1,47.99749981611967,64,4,PHASE_COMPETITION,10000,20,128,64,4,10000
941,2026-06-02T09:34:23.418379,83.30579241737723,,128,,True,,43.5038753785193,5.651457700878382,1,49.15533307939768,,39.80191703885794,7.315167225897312,1,47.11708426475525,64,8,PHASE_COMPETITION,10000,1,128,64,8,10000
942,2026-06-02T09:34:23.526888,86.4854590035975,,128,,True,,43.86616684496403,6.128584034740925,1,49.99475087970495,,42.61929215863347,7.323500234633684,1,49.942792393267155,64,8,PHASE_COMPETITION,10000,2,128,64,8,10000
943,2026-06-02T09:34:23.638225,88.35675148293376,,128,,True,,47.62654239311814,5.797208286821842,1,53.423750679939985,,40.73020908981562,8.407124783843756,1,49.13733387365937,64,8,PHASE_COMPETITION,10000,3,128,64,8,10000
944,2026-06-02T09:34:23.744728,84.61499912664294,,128,,True,,44.47220824658871,6.089250091463327,1,50.561458338052034,,40.142790880054235,6.957042030990124,1,47.09983291104436,64,8,PHASE_COMPETITION,10000,4,128,64,8,10000
945,2026-06-02T09:34:23.855768,88.79820862784982,,128,,True,,45.03045883029699,5.55858388543129,1,50.58904271572828,,43.767749797552824,7.2068748995661736,1,50.974624697119,64,8,PHASE_COMPETITION,10000,5,128,64,8,10000
946,2026-06-02T09:34:23.959972,82.50495791435242,,128,,True,,42.98274964094162,5.938999820500612,1,48.92174946144223,,39.5222082734108,6.89091719686985,1,46.41312547028065,64,8,PHASE_COMPETITION,10000,6,128,64,8,10000
947,2026-06-02T09:34:24.061569,79.28029261529446,,128,,True,,39.05158396810293,5.6265839375555515,1,44.67816790565848,,40.228708647191525,7.266500033438206,1,47.49520868062973,64,8,PHASE_COMPETITION,10000,7,128,64,8,10000
948,2026-06-02T09:34:24.162607,79.10541584715247,,128,,True,,39.34483276680112,5.6477501057088375,1,44.992582872509956,,39.76058308035135,7.443708833307028,1,47.20429191365838,64,8,PHASE_COMPETITION,10000,8,128,64,8,10000
949,2026-06-02T09:34:24.294340,84.68854101374745,,128,,True,,43.754708021879196,31.52783401310444,1,75.28254203498363,,40.93383299186826,6.888875272125006,1,47.82270826399326,64,8,PHASE_COMPETITION,10000,9,128,64,8,10000
950,2026-06-02T09:34:24.395636,79.12774989381433,,128,,True,,39.135958068072796,5.5889165960252285,1,44.724874664098024,,39.99179182574153,7.149084005504847,1,47.140875831246376,64,8,PHASE_COMPETITION,10000,10,128,64,8,10000
951,2026-06-02T09:34:24.506215,88.35720829665661,,128,,True,,44.19112531468272,6.071500014513731,1,50.26262532919645,,44.16608298197389,7.232166826725006,1,51.39824980869889,64,8,PHASE_COMPETITION,10000,11,128,64,8,10000
952,2026-06-02T09:34:24.612160,84.48616741225123,,128,,True,,43.38787542656064,5.576790776103735,1,48.964666202664375,,41.098291985690594,7.295457646250725,1,48.39374963194132,64,8,PHASE_COMPETITION,10000,12,128,64,8,10000
953,2026-06-02T09:34:24.727715,93.8342078588903,,128,,True,,48.40283282101154,5.93204190954566,1,54.3348747305572,,45.43137503787875,7.007209118455648,1,52.4385841563344,64,8,PHASE_COMPETITION,10000,13,128,64,8,10000
954,2026-06-02T09:34:24.828038,78.07220797985792,,128,,True,,38.75870816409588,5.6731668300926685,1,44.43187499418855,,39.31349981576204,7.27137504145503,1,46.58487485721707,64,8,PHASE_COMPETITION,10000,14,128,64,8,10000
955,2026-06-02T09:34:24.933975,83.91295932233334,,128,,True,,40.01041688024998,5.627540871500969,1,45.637957751750946,,43.90254244208336,7.374249864369631,1,51.27679230645299,64,8,PHASE_COMPETITION,10000,15,128,64,8,10000
956,2026-06-02T09:34:25.054182,96.94187482818961,,128,,True,,41.73783306032419,6.340541876852512,1,48.078374937176704,,55.20404176786542,8.090292103588581,1,63.294333871454,64,8,PHASE_COMPETITION,10000,16,128,64,8,10000
957,2026-06-02T09:34:25.176185,97.28850005194545,,128,,True,,49.23654207959771,5.822292063385248,1,55.05883414298296,,48.051957972347736,9.202209301292896,1,57.25416727364063,64,8,PHASE_COMPETITION,10000,17,128,64,8,10000
958,2026-06-02T09:34:25.288972,88.82520906627178,,128,,True,,45.95649987459183,6.825250107795,1,52.78174998238683,,42.868709191679955,7.406542077660561,1,50.275251269340515,64,8,PHASE_COMPETITION,10000,18,128,64,8,10000
959,2026-06-02T09:34:25.409928,96.84412507340312,,128,,True,,47.256166115403175,5.850959103554487,1,53.10712521895766,,49.587958957999945,8.00425000488758,1,57.592208962887526,64,8,PHASE_COMPETITION,10000,19,128,64,8,10000
960,2026-06-02T09:34:25.515832,83.03845906630158,,128,,True,,41.930291801691055,6.291292142122984,1,48.22158394381404,,41.10816726461053,7.217790931463242,1,48.32595819607377,64,8,PHASE_COMPETITION,10000,20,128,64,8,10000
961,2026-06-02T09:34:25.735046,81.48362394422293,,128,,True,,41.807291097939014,6.263457704335451,1,48.070748802274466,,39.67633284628391,7.314707618206739,1,46.99104046449065,64,16,PHASE_COMPETITION,10000,1,128,64,16,10000
962,2026-06-02T09:34:25.841087,81.73291711136699,,128,,True,,41.072208900004625,5.941665731370449,1,47.013874631375074,,40.66070821136236,7.859291974455118,1,48.52000018581748,64,16,PHASE_COMPETITION,10000,2,128,64,16,10000
963,2026-06-02T09:34:25.975394,86.32316626608372,,128,,True,,41.77366616204381,31.05075005441904,1,72.82441621646285,,44.54950010403991,7.635457906872034,1,52.18495801091194,64,16,PHASE_COMPETITION,10000,3,128,64,16,10000
964,2026-06-02T09:34:26.086542,87.84837601706386,,128,,True,,42.856291867792606,6.0655418783426285,1,48.921833746135235,,44.99208414927125,7.350583095103502,1,52.34266724437475,64,16,PHASE_COMPETITION,10000,4,128,64,16,10000
965,2026-06-02T09:34:26.191397,81.02670777589083,,128,,True,,41.63737501949072,5.922125186771154,1,47.55950020626187,,39.38933275640011,7.656999863684177,1,47.046332620084286,64,16,PHASE_COMPETITION,10000,5,128,64,16,10000
966,2026-06-02T09:34:26.303539,88.2279584184289,,128,,True,,47.9763331823051,6.4339167438447475,1,54.410249926149845,,40.2516252361238,7.774041965603828,1,48.02566720172763,64,16,PHASE_COMPETITION,10000,6,128,64,16,10000
967,2026-06-02T09:34:26.409436,81.4594579860568,,128,,True,,41.029457934200764,5.982584320008755,1,47.01204225420952,,40.43000005185604,8.183666970580816,1,48.61366702243686,64,16,PHASE_COMPETITION,10000,7,128,64,16,10000
968,2026-06-02T09:34:26.527691,93.98725023493171,,128,,True,,49.28854200989008,6.511082872748375,1,55.799624882638454,,44.69870822504163,8.386542089283466,1,53.085250314325094,64,16,PHASE_COMPETITION,10000,8,128,64,16,10000
969,2026-06-02T09:34:26.640305,88.39691709727049,,128,,True,,47.93883301317692,5.959083326160908,1,53.897916339337826,,40.45808408409357,8.580624591559172,1,49.03870867565274,64,16,PHASE_COMPETITION,10000,9,128,64,16,10000
970,2026-06-02T09:34:26.756330,91.42912505194545,,128,,True,,48.42170886695385,6.666000001132488,1,55.08770886808634,,43.0074161849916,8.52808402851224,1,51.53550021350384,64,16,PHASE_COMPETITION,10000,10,128,64,16,10000
971,2026-06-02T09:34:26.867707,87.46958430856466,,128,,True,,42.06162504851818,6.053416058421135,1,48.115041106939316,,45.40795926004648,8.020750246942043,1,53.428709506988525,64,16,PHASE_COMPETITION,10000,11,128,64,16,10000
972,2026-06-02T09:34:26.977119,84.89512465894222,,128,,True,,42.90133295580745,5.9800827875733376,1,48.881415743380785,,41.993791703134775,8.142749778926373,1,50.13654148206115,64,16,PHASE_COMPETITION,10000,12,128,64,16,10000
973,2026-06-02T09:34:27.094489,93.34475034847856,,128,,True,,52.15075006708503,6.44862512126565,1,58.59937518835068,,41.19400028139353,7.682458963245153,1,48.87645924463868,64,16,PHASE_COMPETITION,10000,13,128,64,16,10000
974,2026-06-02T09:34:27.208796,89.09741649404168,,128,,True,,46.978583093732595,6.0394578613340855,1,53.01804095506668,,42.118833400309086,8.298667147755623,1,50.41750054806471,64,16,PHASE_COMPETITION,10000,14,128,64,16,10000
975,2026-06-02T09:34:27.319297,86.83029189705849,,128,,True,,46.80787492543459,6.351332645863295,1,53.159207571297884,,40.0224169716239,7.6188333332538605,1,47.64125030487776,64,16,PHASE_COMPETITION,10000,15,128,64,16,10000
976,2026-06-02T09:34:27.424275,80.82145918160677,,128,,True,,41.19274998083711,6.007832940667868,1,47.200582921504974,,39.62870920076966,7.750874850898981,1,47.379584051668644,64,16,PHASE_COMPETITION,10000,16,128,64,16,10000
977,2026-06-02T09:34:27.559352,86.69183403253555,,128,,True,,43.18116698414087,31.232124660164118,1,74.41329164430499,,43.51066704839468,7.71741708740592,1,51.2280841358006,64,16,PHASE_COMPETITION,10000,17,128,64,16,10000
978,2026-06-02T09:34:27.691411,108.14529098570347,,128,,True,,54.18950039893389,6.143542006611824,1,60.33304240554571,,53.95579058676958,7.89254205301404,1,61.84833263978362,64,16,PHASE_COMPETITION,10000,18,128,64,16,10000
979,2026-06-02T09:34:27.836588,119.74316695705056,,128,,True,,57.55187524482608,6.4010838977992535,1,63.95295914262533,,62.19129171222448,8.677124977111816,1,70.8684166893363,64,16,PHASE_COMPETITION,10000,19,128,64,16,10000
980,2026-06-02T09:34:27.962152,100.54437490180135,,128,,True,,55.62829179689288,6.648541893810034,1,62.276833690702915,,44.916083104908466,7.687500212341547,1,52.60358331725001,64,16,PHASE_COMPETITION,10000,20,128,64,16,10000
981,2026-06-02T09:34:28.204119,94.86924996599555,,128,,True,,52.28954227641225,6.7625828087329865,1,59.052125085145235,,42.5797076895833,9.281957987695932,1,51.861665677279234,64,32,PHASE_COMPETITION,10000,1,128,64,32,10000
982,2026-06-02T09:34:28.325672,93.64133421331644,,128,,True,,46.76820896565914,7.379375398159027,1,54.14758436381817,,46.8731252476573,9.095124900341034,1,55.96825014799833,64,32,PHASE_COMPETITION,10000,2,128,64,32,10000
983,2026-06-02T09:34:28.443502,90.08591715246439,,128,,True,,47.91316716000438,7.106417324393988,1,55.019584484398365,,42.17274999246001,9.410915896296501,1,51.583665888756514,64,32,PHASE_COMPETITION,10000,3,128,64,32,10000
984,2026-06-02T09:34:28.559643,88.85408286005259,,128,,True,,47.82425006851554,7.195666898041964,1,55.0199169665575,,41.029832791537046,8.749458938837051,1,49.7792917303741,64,32,PHASE_COMPETITION,10000,4,128,64,32,10000
985,2026-06-02T09:34:28.682204,95.25258326902986,,128,,True,,51.05870822444558,6.67612487450242,1,57.734833098948,,44.193875044584274,8.762791752815247,1,52.95666679739952,64,32,PHASE_COMPETITION,10000,5,128,64,32,10000
986,2026-06-02T09:34:28.811160,101.10237495973706,,128,,True,,56.01262487471104,6.747167091816664,1,62.7597919665277,,45.089750085026026,9.186665993183851,1,54.27641607820988,64,32,PHASE_COMPETITION,10000,6,128,64,32,10000
987,2026-06-02T09:34:28.930318,91.31745807826519,,128,,True,,48.490708228200674,7.337125018239021,1,55.827833246439695,,42.826749850064516,9.042459074407816,1,51.86920892447233,64,32,PHASE_COMPETITION,10000,7,128,64,32,10000
988,2026-06-02T09:34:29.073291,89.93912395089865,,128,,True,,46.9928327947855,7.467417046427727,1,54.460249841213226,,42.94629115611315,34.15845800191164,1,77.10474915802479,64,32,PHASE_COMPETITION,10000,8,128,64,32,10000
989,2026-06-02T09:34:29.196626,96.23745921999216,,128,,True,,48.841959331184626,6.910040974617004,1,55.75200030580163,,47.395499888807535,9.387584403157234,1,56.78308429196477,64,32,PHASE_COMPETITION,10000,9,128,64,32,10000
990,2026-06-02T09:34:29.317610,94.25112418830395,,128,,True,,49.30408298969269,7.085875142365694,1,56.38995813205838,,44.94704119861126,8.512791246175766,1,53.459832444787025,64,32,PHASE_COMPETITION,10000,10,128,64,32,10000
991,2026-06-02T09:34:29.447052,101.51433292776346,,128,,True,,54.53483294695616,6.737540941685438,1,61.272373888641596,,46.979499980807304,9.308584034442902,1,56.288084015250206,64,32,PHASE_COMPETITION,10000,11,128,64,32,10000
992,2026-06-02T09:34:29.570195,95.50195885822177,,128,,True,,50.74379174038768,6.677041761577129,1,57.42083350196481,,44.75816711783409,8.863375056535006,1,53.6215421743691,64,32,PHASE_COMPETITION,10000,12,128,64,32,10000
993,2026-06-02T09:34:29.691044,92.56958309561014,,128,,True,,49.65895786881447,7.463540881872177,1,57.122498750686646,,42.91062522679567,9.636249858886003,1,52.54687508568168,64,32,PHASE_COMPETITION,10000,13,128,64,32,10000
994,2026-06-02T09:34:29.808189,89.34633294120431,,128,,True,,47.53779200837016,7.27412523701787,1,54.81191724538803,,41.80854093283415,9.538500104099512,1,51.34704103693366,64,32,PHASE_COMPETITION,10000,14,128,64,32,10000
995,2026-06-02T09:34:29.933851,98.46374997869134,,128,,True,,51.84495775029063,7.177457679063082,1,59.022415429353714,,46.61879222840071,8.884874638170004,1,55.50366686657071,64,32,PHASE_COMPETITION,10000,15,128,64,32,10000
996,2026-06-02T09:34:30.061361,99.64504186064005,,128,,True,,51.82720813900232,6.854624953120947,1,58.68183309212327,,47.817833721637726,8.944624569267035,1,56.76245829090476,64,32,PHASE_COMPETITION,10000,16,128,64,32,10000
997,2026-06-02T09:34:30.177514,89.30041687563062,,128,,True,,46.684292145073414,6.664167158305645,1,53.34845930337906,,42.6161247305572,8.405208121985197,1,51.0213328525424,64,32,PHASE_COMPETITION,10000,17,128,64,32,10000
998,2026-06-02T09:34:30.305545,100.14145821332932,,128,,True,,48.74837538227439,7.166540715843439,1,55.91491609811783,,51.393082831054926,9.595792274922132,1,60.98887510597706,64,32,PHASE_COMPETITION,10000,18,128,64,32,10000
999,2026-06-02T09:34:30.427048,93.02816586568952,,128,,True,,49.454750027507544,7.546375039964914,1,57.00112506747246,,43.57341583818197,9.135584346950054,1,52.70900018513203,64,32,PHASE_COMPETITION,10000,19,128,64,32,10000
1000,2026-06-02T09:34:30.575135,96.55379178002477,,128,,True,,53.97591693326831,31.797750387340784,1,85.77366732060909,,42.57787484675646,8.704583160579205,1,51.28245800733566,64,32,PHASE_COMPETITION,10000,20,128,64,32,10000
1001,2026-06-02T09:34:30.861360,104.79054087772965,,128,,True,,57.89258284494281,8.36145831272006,1,66.25404115766287,,46.897958032786846,10.860333684831858,1,57.758291717618704,64,64,PHASE_COMPETITION,10000,1,128,64,64,10000
1002,2026-06-02T09:34:31.009915,113.17574977874756,,128,,True,,62.0319158770144,8.86883307248354,1,70.90074894949794,,51.14383390173316,10.940041858702898,1,62.08387576043606,64,64,PHASE_COMPETITION,10000,2,128,64,64,10000
1003,2026-06-02T09:34:31.155111,111.49425012990832,,128,,True,,60.006209183484316,8.57175001874566,1,68.57795920222998,,51.48804094642401,10.323083028197289,1,61.811123974621296,64,64,PHASE_COMPETITION,10000,3,128,64,64,10000
1004,2026-06-02T09:34:31.296224,106.91974870860577,,128,,True,,54.64770784601569,8.577791973948479,1,63.22549981996417,,52.272040862590075,11.176458094269037,1,63.44849895685911,64,64,PHASE_COMPETITION,10000,4,128,64,64,10000
1005,2026-06-02T09:34:31.439753,108.7271673604846,,128,,True,,58.61904239282012,8.432208094745874,1,67.051250487566,,50.10812496766448,10.872417129576206,1,60.980542097240686,64,64,PHASE_COMPETITION,10000,5,128,64,64,10000
1006,2026-06-02T09:34:31.590701,115.54899951443076,,128,,True,,63.69399977847934,9.034833405166864,1,72.7288331836462,,51.854999735951424,11.046125087887049,1,62.90112482383847,64,64,PHASE_COMPETITION,10000,6,128,64,64,10000
1007,2026-06-02T09:34:31.755752,105.58124864473939,,128,,True,,55.5841657333076,34.441791009157896,1,90.0259567424655,,49.99708291143179,10.541416704654694,1,60.53849961608648,64,64,PHASE_COMPETITION,10000,7,128,64,64,10000
1008,2026-06-02T09:34:31.895447,105.86079210042953,,128,,True,,59.41266706213355,8.201832883059978,1,67.61449994519353,,46.448125038295984,10.977624915540218,1,57.4257499538362,64,64,PHASE_COMPETITION,10000,8,128,64,64,10000
1009,2026-06-02T09:34:32.053881,123.9029997959733,,128,,True,,68.11066577211022,8.553124964237213,1,76.66379073634744,,55.79233402386308,11.297000106424093,1,67.08933413028717,64,64,PHASE_COMPETITION,10000,9,128,64,64,10000
1010,2026-06-02T09:34:32.213969,124.65895898640156,,128,,True,,67.8082499653101,9.248542133718729,1,77.05679209902883,,56.85070902109146,11.074541136622429,1,67.92525015771389,64,64,PHASE_COMPETITION,10000,10,128,64,64,10000
1011,2026-06-02T09:34:32.373637,123.5217908397317,,128,,True,,68.15104093402624,9.72587475553155,1,77.87691568955779,,55.37074990570545,11.490666773170233,1,66.86141667887568,64,64,PHASE_COMPETITION,10000,11,128,64,64,10000
1012,2026-06-02T09:34:32.528190,118.72404115274549,,128,,True,,67.90929101407528,9.017915930598974,1,76.92720694467425,,50.814750138670206,11.446999851614237,1,62.26174999028444,64,64,PHASE_COMPETITION,10000,12,128,64,64,10000
1013,2026-06-02T09:34:32.670729,107.61562595143914,,128,,True,,58.23004199191928,8.548458106815815,1,66.7785000987351,,49.38558395951986,10.745749808847904,1,60.13133376836777,64,64,PHASE_COMPETITION,10000,13,128,64,64,10000
1014,2026-06-02T09:34:32.846238,117.02712485566735,,128,,True,,61.72066694125533,33.42504100874066,1,95.145707949996,,55.30645791441202,10.84879133850336,1,66.15524925291538,64,64,PHASE_COMPETITION,10000,14,128,64,64,10000
1015,2026-06-02T09:34:32.989574,108.0403751693666,,128,,True,,56.78800027817488,8.837125264108181,1,65.62512554228306,,51.25237489119172,11.108874808996916,1,62.36124970018864,64,64,PHASE_COMPETITION,10000,15,128,64,64,10000
1016,2026-06-02T09:34:33.151524,125.8445424027741,,128,,True,,73.93562514334917,8.788499981164932,1,82.7241251245141,,51.908917259424925,11.665874626487494,1,63.57479188591242,64,64,PHASE_COMPETITION,10000,16,128,64,64,10000
1017,2026-06-02T09:34:33.295385,109.25941588357091,,128,,True,,59.17424988001585,8.484874852001667,1,67.65912473201752,,50.08516600355506,10.919834021478891,1,61.00500002503395,64,64,PHASE_COMPETITION,10000,17,128,64,64,10000
1018,2026-06-02T09:34:33.445665,115.21004093810916,,128,,True,,62.832958064973354,9.207707829773426,1,72.04066589474678,,52.377082873135805,11.24387513846159,1,63.620958011597395,64,64,PHASE_COMPETITION,10000,18,128,64,64,10000
1019,2026-06-02T09:34:33.611897,131.459916010499,,128,,True,,84.83970770612359,8.650125004351139,1,93.48983271047473,,46.62020830437541,10.6801250949502,1,57.30033339932561,64,64,PHASE_COMPETITION,10000,19,128,64,64,10000
1020,2026-06-02T09:34:33.778917,131.5273749642074,,128,,True,,80.21608414128423,8.9974170550704,1,89.21350119635463,,51.31129082292318,11.286291759461164,1,62.59758258238435,64,64,PHASE_COMPETITION,10000,20,128,64,64,10000
1021,2026-06-02T09:34:34.208368,155.9654576703906,,128,,True,,86.33912494406104,11.891582980751991,1,98.23070792481303,,69.62633272632957,15.375792048871517,1,85.00212477520108,64,128,PHASE_COMPETITION,10000,1,128,64,128,10000
1022,2026-06-02T09:34:34.404211,148.58812373131514,,128,,True,,79.29320773109794,11.431625112891197,1,90.72483284398913,,69.2949160002172,14.193916693329811,1,83.48883269354701,64,128,PHASE_COMPETITION,10000,2,128,64,128,10000
1023,2026-06-02T09:34:34.596003,143.588041421026,,128,,True,,78.05533334612846,11.516583152115345,1,89.57191649824381,,65.53270807489753,15.008249785751104,1,80.54095786064863,64,128,PHASE_COMPETITION,10000,3,128,64,128,10000
1024,2026-06-02T09:34:34.821926,152.42141671478748,,128,,True,,82.10862474516034,38.80637511610985,1,120.91499986127019,,70.31279196962714,13.613957911729813,1,83.92674988135695,64,128,PHASE_COMPETITION,10000,4,128,64,128,10000
1025,2026-06-02T09:34:35.029282,158.35783164948225,,128,,True,,91.71491581946611,11.36041572317481,1,103.07533154264092,,66.64291583001614,15.581625048071146,1,82.22454087808728,64,128,PHASE_COMPETITION,10000,5,128,64,128,10000
1026,2026-06-02T09:34:35.241866,164.4100002013147,,128,,True,,94.28062522783875,12.08133390173316,1,106.36195912957191,,70.12937497347593,14.230333268642426,1,84.35970824211836,64,128,PHASE_COMPETITION,10000,6,128,64,128,10000
1027,2026-06-02T09:34:35.452602,160.70329118520021,,128,,True,,95.03995813429356,13.115041889250278,1,108.15500002354383,,65.66333305090666,14.70133289694786,1,80.36466594785452,64,128,PHASE_COMPETITION,10000,7,128,64,128,10000
1028,2026-06-02T09:34:35.679023,153.6071258597076,,128,,True,,87.47029211372137,11.769792065024376,1,99.24008417874575,,66.13683374598622,38.891749922186136,1,105.02858366817236,64,128,PHASE_COMPETITION,10000,8,128,64,128,10000
1029,2026-06-02T09:34:35.875604,149.05299991369247,,128,,True,,81.48837508633733,11.349082924425602,1,92.83745801076293,,67.56462482735515,14.410583768039942,1,81.97520859539509,64,128,PHASE_COMPETITION,10000,9,128,64,128,10000
1030,2026-06-02T09:34:36.106685,163.04212529212236,,128,,True,,89.02212511748075,31.466207932680845,1,120.4883330501616,,74.02000017464161,14.6937919780612,1,88.71379215270281,64,128,PHASE_COMPETITION,10000,10,128,64,128,10000
1031,2026-06-02T09:34:36.311180,157.00820926576853,,128,,True,,89.44341726601124,11.682332959026098,1,101.12575022503734,,67.56479199975729,14.890332706272602,1,82.45512470602989,64,128,PHASE_COMPETITION,10000,11,128,64,128,10000
1032,2026-06-02T09:34:36.532661,148.36716698482633,,128,,True,,79.51587485149503,11.784167028963566,1,91.3000418804586,,68.8512921333313,39.63833302259445,1,108.48962515592575,64,128,PHASE_COMPETITION,10000,12,128,64,128,10000
1033,2026-06-02T09:34:36.733290,153.16979074850678,,128,,True,,88.08608306571841,11.382374912500381,1,99.4684579782188,,65.08370768278837,14.647415839135647,1,79.73112352192402,64,128,PHASE_COMPETITION,10000,13,128,64,128,10000
1034,2026-06-02T09:34:36.937174,155.47716617584229,,128,,True,,83.18100031465292,12.455207761377096,1,95.63620807603002,,72.29616586118937,14.246499631553888,1,86.54266549274325,64,128,PHASE_COMPETITION,10000,14,128,64,128,10000
1035,2026-06-02T09:34:37.141842,154.9364998936653,,128,,True,,84.7529168240726,12.07579206675291,1,96.82870889082551,,70.18358306959271,14.990209136158228,1,85.17379220575094,64,128,PHASE_COMPETITION,10000,15,128,64,128,10000
1036,2026-06-02T09:34:37.365369,151.47208282724023,,128,,True,,82.06683304160833,35.49329098314047,1,117.5601240247488,,69.4052497856319,14.779374934732914,1,84.18462472036481,64,128,PHASE_COMPETITION,10000,16,128,64,128,10000
1037,2026-06-02T09:34:37.571428,158.92383316531777,,128,,True,,86.68208308517933,11.392875108867884,1,98.07495819404721,,72.24175008013844,14.982916880398989,1,87.22466696053743,64,128,PHASE_COMPETITION,10000,17,128,64,128,10000
1038,2026-06-02T09:34:37.767707,148.2797907665372,,128,,True,,77.64762500301003,11.584624648094177,1,89.23224965110421,,70.63216576352715,14.92029195651412,1,85.55245772004128,64,128,PHASE_COMPETITION,10000,18,128,64,128,10000
1039,2026-06-02T09:34:37.967161,150.87562473490834,,128,,True,,83.73375004157424,12.604750227183104,1,96.33850026875734,,67.1418746933341,14.873582869768143,1,82.01545756310225,64,128,PHASE_COMPETITION,10000,19,128,64,128,10000
1040,2026-06-02T09:34:38.191249,153.29312486574054,,128,,True,,84.37212510034442,11.359834112226963,1,95.73195921257138,,68.92099976539612,14.963584020733833,1,83.88458378612995,64,128,PHASE_COMPETITION,10000,20,128,64,128,10000
1041,2026-06-02T09:34:38.911799,277.1237497217953,,128,,True,,169.55287475138903,42.25445818156004,1,211.80733293294907,,107.5708749704063,19.476667046546936,1,127.04754201695323,64,256,PHASE_COMPETITION,10000,1,128,64,256,10000
1042,2026-06-02T09:34:39.289410,301.0332081466913,,128,,True,,179.15695812553167,19.006875343620777,1,198.16383346915245,,121.87625002115965,21.439250092953444,1,143.3155001141131,64,256,PHASE_COMPETITION,10000,2,128,64,256,10000
1043,2026-06-02T09:34:39.687683,292.32849925756454,,128,,True,,183.20245807990432,49.49083272367716,1,232.69329080358148,,109.12604117766023,20.815708208829165,1,129.9417493864894,64,256,PHASE_COMPETITION,10000,3,128,64,256,10000
1044,2026-06-02T09:34:40.044535,282.6705826446414,,128,,True,,171.0722497664392,18.801291938871145,1,189.87354170531034,,111.5983328782022,19.484291784465313,1,131.0826246626675,64,256,PHASE_COMPETITION,10000,4,128,64,256,10000
1045,2026-06-02T09:34:40.413556,272.95649936422706,,128,,True,,167.6293327473104,43.862500227987766,1,211.49183297529817,,105.32716661691666,19.32237483561039,1,124.64954145252705,64,256,PHASE_COMPETITION,10000,5,128,64,256,10000
1046,2026-06-02T09:34:40.778744,293.2290844619274,,128,,True,,178.06429229676723,17.487249802798033,1,195.55154209956527,,115.16479216516018,21.116625051945448,1,136.28141721710563,64,256,PHASE_COMPETITION,10000,6,128,64,256,10000
1047,2026-06-02T09:34:41.208530,333.2041669636965,,128,,True,,220.59345804154873,44.06945826485753,1,264.66291630640626,,112.61070892214775,19.506792072206736,1,132.1175009943545,64,256,PHASE_COMPETITION,10000,7,128,64,256,10000
1048,2026-06-02T09:34:41.566167,283.3172921091318,,128,,True,,171.30375001579523,17.802375368773937,1,189.10612538456917,,112.01354209333658,20.995999686419964,1,133.00954177975655,64,256,PHASE_COMPETITION,10000,8,128,64,256,10000
1049,2026-06-02T09:34:41.951355,280.0000011920929,,128,,True,,175.7344170473516,47.79520770534873,1,223.52962475270033,,104.2655841447413,20.141249988228083,1,124.40683413296938,64,256,PHASE_COMPETITION,10000,9,128,64,256,10000
1050,2026-06-02T09:34:42.308530,284.3945831991732,,128,,True,,170.00783327966928,17.708083149045706,1,187.715916428715,,114.38674991950393,19.91966599598527,1,134.3064159154892,64,256,PHASE_COMPETITION,10000,10,128,64,256,10000
1051,2026-06-02T09:34:42.683701,279.1547076776624,,128,,True,,166.85966681689024,42.524625081568956,1,209.3842918984592,,112.29504086077213,19.210833124816418,1,131.50587398558855,64,256,PHASE_COMPETITION,10000,11,128,64,256,10000
1052,2026-06-02T09:34:43.067689,311.21366657316685,,128,,True,,172.05679137259722,18.02295818924904,1,190.07974956184626,,139.15687520056963,20.157959312200546,1,159.31483451277018,64,256,PHASE_COMPETITION,10000,12,128,64,256,10000
1053,2026-06-02T09:34:43.479406,287.1100828051567,,128,,True,,175.50024995580316,50.31108297407627,1,225.81133292987943,,111.60983284935355,19.254082813858986,1,130.86391566321254,64,256,PHASE_COMPETITION,10000,13,128,64,256,10000
1054,2026-06-02T09:34:43.842189,290.19095841795206,,128,,True,,166.08899971470237,17.298790626227856,1,183.38779034093022,,124.1019587032497,20.19904088228941,1,144.3009995855391,64,256,PHASE_COMPETITION,10000,14,128,64,256,10000
1055,2026-06-02T09:34:44.218982,280.1902499049902,,128,,True,,169.42695807665586,43.23558323085308,1,212.66254130750895,,110.76329182833433,19.628082867711782,1,130.3913746960461,64,256,PHASE_COMPETITION,10000,15,128,64,256,10000
1056,2026-06-02T09:34:44.571338,280.2462922409177,,128,,True,,166.23475030064583,17.49016623944044,1,183.72491654008627,,114.01154194027185,19.54304100945592,1,133.55458294972777,64,256,PHASE_COMPETITION,10000,16,128,64,256,10000
1057,2026-06-02T09:34:44.939298,272.081958130002,,128,,True,,163.5141670703888,18.09275010600686,1,181.60691717639565,,108.56779105961323,19.313915632665157,1,127.88170669227839,64,256,PHASE_COMPETITION,10000,17,128,64,256,10000
1058,2026-06-02T09:34:45.297828,286.4979994483292,,128,,True,,177.97720804810524,18.707833252847195,1,196.68504130095243,,108.52079140022397,20.901875104755163,1,129.42266650497913,64,256,PHASE_COMPETITION,10000,18,128,64,256,10000
1059,2026-06-02T09:34:45.669426,273.8986248150468,,128,,True,,165.68887513130903,17.480707727372646,1,183.16958285868168,,108.20974968373775,19.831417128443718,1,128.04116681218147,64,256,PHASE_COMPETITION,10000,19,128,64,256,10000
1060,2026-06-02T09:34:46.015443,275.26224963366985,,128,,True,,162.68124990165234,17.583874985575676,1,180.265124887228,,112.58099973201752,19.42733395844698,1,132.0083336904645,64,256,PHASE_COMPETITION,10000,20,128,64,256,10000
1061,2026-06-02T09:34:47.559527,627.9011247679591,,128,,True,,345.8327502012253,32.99258416518569,1,378.82533436641097,,282.06837456673384,32.68591687083244,1,314.7542914375663,64,512,PHASE_COMPETITION,10000,1,128,64,512,10000
1062,2026-06-02T09:34:48.313646,598.519999999553,,128,,True,,327.84145791083574,30.65179195255041,1,358.49324986338615,,270.6785420887172,31.99145896360278,1,302.67000105232,64,512,PHASE_COMPETITION,10000,2,128,64,512,10000
1063,2026-06-02T09:34:49.043368,578.3317498862743,,128,,True,,315.63775008544326,30.16562480479479,1,345.80337489023805,,262.6939998008311,31.348333228379488,1,294.04233302921057,64,512,PHASE_COMPETITION,10000,3,128,64,512,10000
1064,2026-06-02T09:34:49.784168,587.0010433718562,,128,,True,,318.09308426454663,30.310832895338535,1,348.40391715988517,,268.9079591073096,32.33820805326104,1,301.2461671605706,64,512,PHASE_COMPETITION,10000,4,128,64,512,10000
1065,2026-06-02T09:34:50.529782,591.9194999150932,,128,,True,,319.63787507265806,60.571332927793264,1,380.2092080004513,,272.2816248424351,32.517459243535995,1,304.7990840859711,64,512,PHASE_COMPETITION,10000,5,128,64,512,10000
1066,2026-06-02T09:34:51.291836,610.7392078265548,,128,,True,,331.50762505829334,58.85587492957711,1,390.36349998787045,,279.23158276826143,32.03662531450391,1,311.26820808276534,64,512,PHASE_COMPETITION,10000,6,128,64,512,10000
1067,2026-06-02T09:34:52.039122,595.2327507548034,,128,,True,,313.86141665279865,59.13675017654896,1,372.9981668293476,,281.37133410200477,31.678166706115007,1,313.0495008081198,64,512,PHASE_COMPETITION,10000,7,128,64,512,10000
1068,2026-06-02T09:34:53.030226,841.2542911246419,,128,,True,,569.8628332465887,57.22270905971527,1,627.085542306304,,271.3914578780532,31.767749693244696,1,303.1592075712979,64,512,PHASE_COMPETITION,10000,8,128,64,512,10000
1069,2026-06-02T09:34:53.815802,619.104125071317,,128,,True,,345.0720002874732,63.483749981969595,1,408.5557502694428,,274.03212478384376,31.88129188492894,1,305.9134166687727,64,512,PHASE_COMPETITION,10000,9,128,64,512,10000
1070,2026-06-02T09:34:54.565099,592.2497906722128,,128,,True,,315.803624689579,59.380958788096905,1,375.1845834776759,,276.44616598263383,31.833207700401545,1,308.2793736830354,64,512,PHASE_COMPETITION,10000,10,128,64,512,10000
1071,2026-06-02T09:34:55.356636,639.6665419451892,,128,,True,,318.24954180046916,59.89808402955532,1,378.1476258300245,,321.4170001447201,31.803667079657316,1,353.2206672243774,64,512,PHASE_COMPETITION,10000,11,128,64,512,10000
1072,2026-06-02T09:34:56.177440,666.3901661522686,,128,,True,,337.8571248613298,30.791250057518482,1,368.6483749188483,,328.53304129093885,59.68870921060443,1,388.2217505015433,64,512,PHASE_COMPETITION,10000,12,128,64,512,10000
1073,2026-06-02T09:34:56.908091,578.7838739342988,,128,,True,,317.6657077856362,30.148542020469904,1,347.8142498061061,,261.11816614866257,60.47029187902808,1,321.58845802769065,64,512,PHASE_COMPETITION,10000,13,128,64,512,10000
1074,2026-06-02T09:34:57.634415,573.4100420959294,,128,,True,,307.46329203248024,29.83712498098612,1,337.30041701346636,,265.94675006344914,62.47304193675518,1,328.4197920002043,64,512,PHASE_COMPETITION,10000,14,128,64,512,10000
1075,2026-06-02T09:34:58.383550,597.0470830798149,,128,,True,,323.91112530604005,30.012999661266804,1,353.92412496730685,,273.13595777377486,62.021832913160324,1,335.1577906869352,64,512,PHASE_COMPETITION,10000,15,128,64,512,10000
1076,2026-06-02T09:34:59.116569,582.4943752959371,,128,,True,,314.4427500665188,30.20612522959709,1,344.6488752961159,,268.0516252294183,60.056916903704405,1,328.1085421331227,64,512,PHASE_COMPETITION,10000,16,128,64,512,10000
1077,2026-06-02T09:34:59.910678,639.2734572291374,,128,,True,,361.2410412169993,30.34295793622732,1,391.5839991532266,,278.0324160121381,63.97970812395215,1,342.0121241360903,64,512,PHASE_COMPETITION,10000,17,128,64,512,10000
1078,2026-06-02T09:35:00.688566,613.0992081016302,,128,,True,,330.8288329280913,30.92570835724473,1,361.754541285336,,282.2703751735389,73.10758298262954,1,355.37795815616846,64,512,PHASE_COMPETITION,10000,18,128,64,512,10000
1079,2026-06-02T09:35:01.408011,597.1937910653651,,128,,True,,323.147458024323,30.423833057284355,1,353.57129108160734,,274.0463330410421,31.679584179073572,1,305.72591722011566,64,512,PHASE_COMPETITION,10000,19,128,64,512,10000
1080,2026-06-02T09:35:02.199741,627.5170003063977,,128,,True,,350.4362911917269,33.79049990326166,1,384.2267910949886,,277.08070911467075,32.19325002282858,1,309.27395913749933,64,512,PHASE_COMPETITION,10000,20,128,64,512,10000
